class,E,I,S,V,risk,c_legacy,c_grounded,basin_legacy,basin_grounded,flipped
Lumen,0.7514,0.7746,0.1520,-0.0555,0.3679,0.4723,0.7421,high,high,0
Lumen,0.7455,0.7711,0.1518,-0.0526,0.3230,0.4737,0.7207,high,high,0
Lumen,0.7429,0.7691,0.1518,-0.0510,0.3111,0.4745,0.7056,high,high,0
Lumen,0.7417,0.7679,0.1517,-0.0500,0.3060,0.4750,0.6949,high,high,0
Lumen,0.7416,0.7673,0.1501,-0.0491,0.3050,0.4755,0.6843,high,high,0
Lumen,0.7419,0.7671,0.1495,-0.0483,0.3021,0.4759,0.6807,high,high,0
Lumen,0.7424,0.7663,0.1564,-0.0475,0.3178,0.4763,0.6983,high,high,0
Lumen,0.7420,0.7650,0.1620,-0.0465,0.3247,0.4768,0.6989,high,high,0
Lumen,0.7387,0.7635,0.1651,-0.0454,0.3360,0.4773,0.6862,high,high,0
Lumen,0.7348,0.7623,0.1668,-0.0451,0.3411,0.4774,0.6689,high,high,0
Lumen,0.7315,0.7613,0.1691,-0.0457,0.3526,0.4771,0.6525,high,high,0
Lumen,0.7286,0.7602,0.1704,-0.0470,0.3608,0.4765,0.6347,high,high,0
Lumen,0.7260,0.7591,0.1728,-0.0486,0.3758,0.4757,0.6156,high,high,0
Lumen,0.7236,0.7576,0.1758,-0.0503,0.3910,0.4749,0.5922,high,high,0
Lumen,0.7213,0.7559,0.1787,-0.0521,0.4038,0.4740,0.5658,high,high,0
Lumen,0.7191,0.7541,0.1801,-0.0537,0.4118,0.4732,0.5416,high,high,0
Lumen,0.7169,0.7522,0.1808,-0.0552,0.4184,0.4724,0.5179,high,high,0
Lumen,0.7151,0.7508,0.1811,-0.0565,0.4244,0.4718,0.4999,high,high,0
Lumen,0.7135,0.7493,0.1814,-0.0576,0.4307,0.4712,0.4813,high,high,0
Lumen,0.7120,0.7479,0.1801,-0.0585,0.4354,0.4708,0.4680,high,high,0
Lumen,0.7113,0.7472,0.1780,-0.0593,0.4343,0.4704,0.4627,high,high,0
Lumen,0.7108,0.7468,0.1756,-0.0599,0.4321,0.4701,0.4605,high,high,0
Lumen,0.7105,0.7468,0.1731,-0.0605,0.4284,0.4698,0.4613,high,high,0
Lumen,0.7105,0.7469,0.1703,-0.0610,0.4238,0.4696,0.4639,high,high,0
Lumen,0.7109,0.7474,0.1691,-0.0614,0.4204,0.4693,0.4693,high,high,0
Lumen,0.7113,0.7477,0.1672,-0.0618,0.4180,0.4691,0.4731,high,high,0
Lumen,0.7116,0.7481,0.1662,-0.0621,0.4128,0.4690,0.4771,high,high,0
Lumen,0.7121,0.7485,0.1657,-0.0623,0.4105,0.4689,0.4826,high,high,0
Lumen,0.7126,0.7489,0.1654,-0.0625,0.4081,0.4688,0.4872,high,high,0
Lumen,0.7129,0.7492,0.1654,-0.0626,0.4066,0.4688,0.4909,high,high,0
Lumen,0.7132,0.7494,0.1655,-0.0626,0.4063,0.4687,0.4934,high,high,0
Lumen,0.7133,0.7494,0.1656,-0.0626,0.4053,0.4687,0.4942,high,high,0
Lumen,0.7134,0.7495,0.1657,-0.0625,0.4052,0.4688,0.4952,high,high,0
Lumen,0.7134,0.7495,0.1656,-0.0625,0.4038,0.4688,0.4955,high,high,0
Lumen,0.7136,0.7497,0.1656,-0.0624,0.4050,0.4688,0.4976,high,high,0
Lumen,0.7135,0.7497,0.1655,-0.0624,0.4018,0.4689,0.4971,high,high,0
Lumen,0.7139,0.7501,0.1652,-0.0623,0.4037,0.4689,0.5019,high,high,0
Lumen,0.7140,0.7502,0.1654,-0.0623,0.4029,0.4689,0.5028,high,high,0
Lumen,0.7140,0.7501,0.1655,-0.0622,0.4020,0.4689,0.5023,high,high,0
Lumen,0.7140,0.7501,0.1654,-0.0622,0.4012,0.4690,0.5027,high,high,0
Lumen,0.7141,0.7503,0.1653,-0.0621,0.4008,0.4690,0.5038,high,high,0
Lumen,0.7142,0.7504,0.1653,-0.0620,0.4005,0.4690,0.5051,high,high,0
Lumen,0.7143,0.7504,0.1653,-0.0620,0.3998,0.4690,0.5059,high,high,0
Lumen,0.7144,0.7505,0.1653,-0.0619,0.3995,0.4691,0.5066,high,high,0
Lumen,0.7144,0.7506,0.1652,-0.0619,0.3991,0.4691,0.5074,high,high,0
Lumen,0.7145,0.7506,0.1653,-0.0618,0.4001,0.4691,0.5083,high,high,0
Lumen,0.7145,0.7505,0.1654,-0.0617,0.3993,0.4692,0.5074,high,high,0
Lumen,0.7145,0.7506,0.1655,-0.0617,0.4004,0.4692,0.5085,high,high,0
Lumen,0.7145,0.7505,0.1655,-0.0616,0.3998,0.4692,0.5074,high,high,0
Lumen,0.7145,0.7506,0.1655,-0.0615,0.3999,0.4693,0.5077,high,high,0
Lumen,0.7144,0.7505,0.1656,-0.0614,0.3993,0.4693,0.5070,high,high,0
Lumen,0.7144,0.7506,0.1654,-0.0614,0.3990,0.4693,0.5077,high,high,0
Lumen,0.7145,0.7507,0.1654,-0.0613,0.3985,0.4694,0.5085,high,high,0
Lumen,0.7146,0.7508,0.1654,-0.0613,0.3983,0.4694,0.5093,high,high,0
Lumen,0.7146,0.7508,0.1654,-0.0613,0.3978,0.4694,0.5099,high,high,0
Lumen,0.7147,0.7509,0.1653,-0.0612,0.3972,0.4694,0.5105,high,high,0
Lumen,0.7148,0.7510,0.1652,-0.0612,0.3973,0.4695,0.5118,high,high,0
Lumen,0.7149,0.7510,0.1655,-0.0611,0.3988,0.4695,0.5126,high,high,0
Lumen,0.7148,0.7508,0.1659,-0.0611,0.4015,0.4695,0.5113,high,high,0
Lumen,0.7146,0.7506,0.1662,-0.0610,0.4021,0.4696,0.5084,high,high,0
Lumen,0.7144,0.7504,0.1666,-0.0609,0.4033,0.4696,0.5064,high,high,0
Lumen,0.7143,0.7502,0.1672,-0.0608,0.4080,0.4697,0.5048,high,high,0
Lumen,0.7139,0.7498,0.1676,-0.0607,0.4086,0.4697,0.4997,high,high,0
Lumen,0.7135,0.7496,0.1674,-0.0606,0.4063,0.4698,0.4967,high,high,0
Lumen,0.7134,0.7496,0.1672,-0.0605,0.4057,0.4698,0.4967,high,high,0
Lumen,0.7134,0.7496,0.1674,-0.0605,0.4067,0.4698,0.4965,high,high,0
Lumen,0.7211,0.7477,0.1035,-0.0605,0.4630,0.4698,0.2717,boundary,low,1
Lumen,0.7253,0.7562,0.0755,-0.0575,0.3784,0.4713,0.1228,high,low,1
Lumen,0.7310,0.7658,0.0640,-0.0564,0.3395,0.4718,0.0707,high,low,1
Lumen,0.7400,0.7741,0.0762,-0.0568,0.3422,0.4716,0.1968,high,low,1
Lumen,0.7480,0.7788,0.0920,-0.0570,0.3398,0.4716,0.3365,high,low,1
Lumen,0.7537,0.7808,0.1080,-0.0561,0.3333,0.4720,0.4661,high,high,0
Lumen,0.7598,0.7817,0.1376,-0.0543,0.4128,0.4729,0.6780,high,high,0
Lumen,0.7566,0.7777,0.1546,-0.0512,0.3605,0.4744,0.7615,high,high,0
Lumen,0.7503,0.7735,0.1582,-0.0485,0.3397,0.4758,0.7580,high,high,0
Lumen,0.7451,0.7711,0.1614,-0.0469,0.3529,0.4766,0.7495,high,high,0
Lumen,0.7391,0.7685,0.1595,-0.0465,0.3278,0.4767,0.7195,high,high,0
Lumen,0.7349,0.7669,0.1574,-0.0473,0.3292,0.4764,0.6941,high,high,0
Lumen,0.7320,0.7660,0.1564,-0.0488,0.3317,0.4756,0.6765,high,high,0
Lumen,0.7299,0.7651,0.1545,-0.0507,0.3366,0.4747,0.6582,high,high,0
Lumen,0.7285,0.7637,0.1594,-0.0527,0.3582,0.4737,0.6546,high,high,0
Lumen,0.7266,0.7616,0.1644,-0.0544,0.3761,0.4728,0.6379,high,high,0
Lumen,0.7244,0.7591,0.1675,-0.0557,0.3868,0.4722,0.6121,high,high,0
Lumen,0.7220,0.7566,0.1694,-0.0567,0.3947,0.4717,0.5840,high,high,0
Lumen,0.7199,0.7545,0.1705,-0.0574,0.4023,0.4713,0.5590,high,high,0
Lumen,0.7177,0.7525,0.1714,-0.0580,0.4079,0.4710,0.5353,high,high,0
Lumen,0.7160,0.7510,0.1703,-0.0585,0.4107,0.4708,0.5175,high,high,0
Lumen,0.7145,0.7500,0.1699,-0.0590,0.4111,0.4705,0.5040,high,high,0
Lumen,0.7135,0.7493,0.1699,-0.0596,0.4127,0.4703,0.4940,high,high,0
Lumen,0.7127,0.7487,0.1699,-0.0601,0.4146,0.4700,0.4861,high,high,0
Lumen,0.7120,0.7482,0.1684,-0.0605,0.4170,0.4698,0.4803,high,high,0
Lumen,0.7117,0.7480,0.1680,-0.0610,0.4162,0.4696,0.4768,high,high,0
Lumen,0.7113,0.7476,0.1680,-0.0613,0.4159,0.4694,0.4724,high,high,0
Lumen,0.7116,0.7477,0.1664,-0.0617,0.4166,0.4692,0.4743,high,high,0
Lumen,0.7117,0.7478,0.1658,-0.0618,0.4124,0.4691,0.4758,high,high,0
Lumen,0.7120,0.7480,0.1657,-0.0620,0.4118,0.4691,0.4782,high,high,0
Lumen,0.7121,0.7481,0.1657,-0.0620,0.4105,0.4690,0.4793,high,high,0
Lumen,0.7122,0.7482,0.1658,-0.0621,0.4105,0.4690,0.4806,high,high,0
Lumen,0.7122,0.7483,0.1658,-0.0621,0.4100,0.4690,0.4813,high,high,0
Lumen,0.7123,0.7483,0.1659,-0.0621,0.4097,0.4690,0.4821,high,high,0
Lumen,0.7129,0.7481,0.1596,-0.0622,0.4278,0.4689,0.4788,high,high,0
Lumen,0.7177,0.7507,0.1004,-0.0619,0.4414,0.4691,0.2585,high,low,1
Lumen,0.7210,0.7588,0.0750,-0.0610,0.3670,0.4696,0.1200,high,low,1
Lumen,0.7300,0.7673,0.0810,-0.0617,0.3371,0.4692,0.2077,high,low,1
Lumen,0.7389,0.7727,0.0937,-0.0622,0.3433,0.4689,0.3327,high,low,1
Lumen,0.7457,0.7754,0.1082,-0.0616,0.3377,0.4692,0.4561,high,high,0
Lumen,0.7534,0.7771,0.1377,-0.0599,0.4510,0.4701,0.6741,boundary,boundary,0
Lumen,0.7512,0.7736,0.1543,-0.0566,0.3791,0.4717,0.7445,high,high,0
Lumen,0.7448,0.7697,0.1544,-0.0536,0.3263,0.4732,0.7200,high,high,0
Lumen,0.7416,0.7673,0.1546,-0.0519,0.3178,0.4741,0.7000,high,high,0
Lumen,0.7374,0.7650,0.1545,-0.0507,0.3259,0.4747,0.6771,high,high,0
Lumen,0.7332,0.7630,0.1529,-0.0504,0.3336,0.4748,0.6476,high,high,0
Lumen,0.7298,0.7618,0.1521,-0.0508,0.3355,0.4746,0.6273,high,high,0
Lumen,0.7271,0.7601,0.1574,-0.0518,0.3601,0.4741,0.6193,high,high,0
Lumen,0.7245,0.7582,0.1621,-0.0530,0.3772,0.4735,0.6028,high,high,0
Lumen,0.7216,0.7559,0.1649,-0.0542,0.3873,0.4729,0.5768,high,high,0
Lumen,0.7190,0.7538,0.1666,-0.0554,0.3962,0.4723,0.5509,high,high,0
Lumen,0.7167,0.7517,0.1694,-0.0565,0.4106,0.4718,0.5256,high,high,0
Lumen,0.7145,0.7496,0.1711,-0.0574,0.4197,0.4713,0.5002,high,high,0
Lumen,0.7123,0.7475,0.1740,-0.0582,0.4341,0.4709,0.4737,high,high,0
Lumen,0.7101,0.7455,0.1773,-0.0589,0.4475,0.4706,0.4468,high,boundary,1
Lumen,0.7080,0.7435,0.1791,-0.0595,0.4534,0.4703,0.4209,boundary,boundary,0
Lumen,0.7061,0.7419,0.1815,-0.0600,0.4634,0.4700,0.3969,boundary,low,1
Lumen,0.7043,0.7404,0.1826,-0.0605,0.4660,0.4698,0.3763,boundary,low,1
Lumen,0.7028,0.7393,0.1845,-0.0610,0.4734,0.4696,0.3587,boundary,low,1
Lumen,0.7021,0.7384,0.1856,-0.0614,0.4761,0.4693,0.3475,boundary,low,1
Lumen,0.7012,0.7376,0.1848,-0.0618,0.4776,0.4691,0.3394,boundary,low,1
Lumen,0.7005,0.7371,0.1830,-0.0621,0.4781,0.4690,0.3357,boundary,low,1
Lumen,0.7005,0.7376,0.1808,-0.0624,0.4739,0.4688,0.3425,boundary,low,1
Lumen,0.7009,0.7381,0.1783,-0.0628,0.4704,0.4687,0.3510,boundary,low,1
Lumen,0.7019,0.7395,0.1772,-0.0631,0.4658,0.4685,0.3664,boundary,low,1
Lumen,0.7030,0.7405,0.1751,-0.0635,0.4602,0.4683,0.3807,boundary,low,1
Lumen,0.7051,0.7415,0.1761,-0.0637,0.4852,0.4682,0.3969,boundary,low,1
Lumen,0.7070,0.7428,0.1765,-0.0636,0.4811,0.4682,0.4143,boundary,boundary,0
Lumen,0.7070,0.7430,0.1736,-0.0633,0.4473,0.4684,0.4179,high,boundary,1
Lumen,0.7070,0.7434,0.1704,-0.0631,0.4403,0.4685,0.4225,high,boundary,1
Lumen,0.7076,0.7441,0.1691,-0.0630,0.4357,0.4685,0.4311,high,boundary,1
Lumen,0.7082,0.7447,0.1687,-0.0630,0.4307,0.4686,0.4377,high,boundary,1
Lumen,0.7086,0.7452,0.1684,-0.0629,0.4266,0.4686,0.4433,high,boundary,1
Lumen,0.7092,0.7457,0.1682,-0.0629,0.4259,0.4686,0.4499,high,boundary,1
Lumen,0.7096,0.7460,0.1683,-0.0629,0.4231,0.4686,0.4537,high,high,0
Lumen,0.7100,0.7463,0.1681,-0.0628,0.4212,0.4687,0.4572,high,high,0
Lumen,0.7103,0.7466,0.1682,-0.0627,0.4210,0.4687,0.4610,high,high,0
Lumen,0.7105,0.7467,0.1684,-0.0625,0.4208,0.4688,0.4627,high,high,0
Lumen,0.7106,0.7467,0.1685,-0.0624,0.4198,0.4688,0.4635,high,high,0
Lumen,0.7107,0.7468,0.1685,-0.0622,0.4188,0.4689,0.4641,high,high,0
Lumen,0.7108,0.7469,0.1685,-0.0621,0.4189,0.4690,0.4653,high,high,0
Lumen,0.7108,0.7469,0.1685,-0.0620,0.4171,0.4690,0.4656,high,high,0
Lumen,0.7110,0.7471,0.1684,-0.0619,0.4181,0.4691,0.4678,high,high,0
Lumen,0.7110,0.7471,0.1685,-0.0618,0.4161,0.4691,0.4680,high,high,0
Lumen,0.7112,0.7473,0.1685,-0.0617,0.4176,0.4692,0.4699,high,high,0
Lumen,0.7112,0.7473,0.1687,-0.0616,0.4173,0.4692,0.4697,high,high,0
Lumen,0.7111,0.7472,0.1686,-0.0615,0.4152,0.4693,0.4692,high,high,0
Lumen,0.7114,0.7476,0.1685,-0.0615,0.4168,0.4693,0.4726,high,high,0
Lumen,0.7114,0.7476,0.1685,-0.0614,0.4141,0.4693,0.4727,high,high,0
Lumen,0.7115,0.7477,0.1685,-0.0614,0.4155,0.4694,0.4745,high,high,0
Lumen,0.7116,0.7477,0.1687,-0.0613,0.4155,0.4694,0.4744,high,high,0
Lumen,0.7115,0.7477,0.1688,-0.0612,0.4151,0.4694,0.4740,high,high,0
Lumen,0.7115,0.7477,0.1688,-0.0612,0.4149,0.4695,0.4741,high,high,0
Lumen,0.7115,0.7477,0.1688,-0.0611,0.4146,0.4695,0.4740,high,high,0
Lumen,0.7115,0.7477,0.1687,-0.0611,0.4136,0.4695,0.4741,high,high,0
Lumen,0.7116,0.7479,0.1686,-0.0610,0.4142,0.4695,0.4759,high,high,0
Lumen,0.7117,0.7479,0.1687,-0.0610,0.4144,0.4696,0.4763,high,high,0
Lumen,0.7116,0.7478,0.1687,-0.0609,0.4129,0.4696,0.4758,high,high,0
Lumen,0.7117,0.7480,0.1685,-0.0609,0.4128,0.4696,0.4771,high,high,0
Lumen,0.7119,0.7481,0.1686,-0.0608,0.4132,0.4696,0.4785,high,high,0
Lumen,0.7119,0.7481,0.1688,-0.0608,0.4136,0.4696,0.4784,high,high,0
Lumen,0.7119,0.7480,0.1689,-0.0607,0.4139,0.4697,0.4778,high,high,0
Lumen,0.7118,0.7479,0.1688,-0.0607,0.4126,0.4697,0.4771,high,high,0
Lumen,0.7119,0.7481,0.1688,-0.0606,0.4135,0.4697,0.4785,high,high,0
Lumen,0.7118,0.7480,0.1688,-0.0606,0.4119,0.4698,0.4778,high,high,0
Lumen,0.7119,0.7481,0.1685,-0.0605,0.4110,0.4698,0.4789,high,high,0
Lumen,0.7121,0.7484,0.1685,-0.0605,0.4127,0.4698,0.4820,high,high,0
Lumen,0.7121,0.7483,0.1687,-0.0605,0.4109,0.4698,0.4814,high,high,0
Lumen,0.7122,0.7484,0.1687,-0.0604,0.4120,0.4698,0.4821,high,high,0
Lumen,0.7121,0.7483,0.1688,-0.0604,0.4112,0.4699,0.4811,high,high,0
Lumen,0.7122,0.7483,0.1688,-0.0603,0.4121,0.4699,0.4817,high,high,0
Lumen,0.7121,0.7482,0.1689,-0.0602,0.4114,0.4699,0.4805,high,high,0
Lumen,0.7121,0.7483,0.1689,-0.0602,0.4117,0.4699,0.4811,high,high,0
Lumen,0.7120,0.7483,0.1689,-0.0601,0.4109,0.4700,0.4806,high,high,0
Lumen,0.7121,0.7483,0.1689,-0.0601,0.4122,0.4700,0.4814,high,high,0
Lumen,0.7121,0.7482,0.1691,-0.0601,0.4123,0.4700,0.4805,high,high,0
Lumen,0.7120,0.7482,0.1691,-0.0600,0.4121,0.4700,0.4802,high,high,0
Lumen,0.7120,0.7482,0.1691,-0.0600,0.4122,0.4701,0.4798,high,high,0
Lumen,0.7120,0.7482,0.1692,-0.0599,0.4122,0.4701,0.4795,high,high,0
Lumen,0.7119,0.7482,0.1690,-0.0599,0.4111,0.4701,0.4791,high,high,0
Lumen,0.7120,0.7483,0.1689,-0.0599,0.4115,0.4701,0.4807,high,high,0
Lumen,0.7120,0.7484,0.1688,-0.0598,0.4100,0.4701,0.4812,high,high,0
Lumen,0.7122,0.7485,0.1689,-0.0598,0.4114,0.4701,0.4826,high,high,0
Lumen,0.7121,0.7484,0.1690,-0.0598,0.4101,0.4701,0.4820,high,high,0
Lumen,0.7122,0.7485,0.1688,-0.0598,0.4098,0.4702,0.4828,high,high,0
Lumen,0.7123,0.7486,0.1689,-0.0597,0.4108,0.4702,0.4839,high,high,0
Lumen,0.7123,0.7485,0.1691,-0.0597,0.4109,0.4702,0.4833,high,high,0
Lumen,0.7122,0.7485,0.1691,-0.0596,0.4107,0.4702,0.4828,high,high,0
Lumen,0.7122,0.7484,0.1690,-0.0596,0.4099,0.4702,0.4824,high,high,0
Lumen,0.7123,0.7485,0.1691,-0.0596,0.4109,0.4703,0.4833,high,high,0
Lumen,0.7122,0.7484,0.1691,-0.0595,0.4097,0.4703,0.4824,high,high,0
Lumen,0.7123,0.7486,0.1690,-0.0595,0.4105,0.4703,0.4836,high,high,0
Lumen,0.7122,0.7485,0.1691,-0.0595,0.4096,0.4703,0.4831,high,high,0
Lumen,0.7123,0.7486,0.1689,-0.0594,0.4092,0.4703,0.4837,high,high,0
Lumen,0.7124,0.7487,0.1690,-0.0594,0.4105,0.4703,0.4849,high,high,0
Lumen,0.7123,0.7486,0.1691,-0.0594,0.4095,0.4703,0.4839,high,high,0
Lumen,0.7123,0.7486,0.1690,-0.0593,0.4090,0.4704,0.4844,high,high,0
Lumen,0.7124,0.7487,0.1689,-0.0593,0.4085,0.4704,0.4852,high,high,0
Lumen,0.7124,0.7488,0.1688,-0.0593,0.4081,0.4704,0.4861,high,high,0
Lumen,0.7125,0.7488,0.1689,-0.0593,0.4091,0.4704,0.4870,high,high,0
Lumen,0.7125,0.7488,0.1691,-0.0592,0.4093,0.4704,0.4863,high,high,0
Lumen,0.7124,0.7487,0.1691,-0.0592,0.4084,0.4704,0.4857,high,high,0
Lumen,0.7125,0.7488,0.1691,-0.0592,0.4092,0.4705,0.4865,high,high,0
Lumen,0.7125,0.7487,0.1692,-0.0591,0.4099,0.4705,0.4858,high,high,0
Lumen,0.7123,0.7487,0.1691,-0.0591,0.4081,0.4705,0.4847,high,high,0
Lumen,0.7125,0.7489,0.1690,-0.0591,0.4096,0.4705,0.4872,high,high,0
Lumen,0.7125,0.7488,0.1692,-0.0590,0.4098,0.4705,0.4866,high,high,0
Lumen,0.7124,0.7487,0.1692,-0.0590,0.4086,0.4705,0.4854,high,high,0
Lumen,0.7124,0.7488,0.1690,-0.0590,0.4080,0.4706,0.4861,high,high,0
Lumen,0.7125,0.7489,0.1691,-0.0589,0.4088,0.4706,0.4873,high,high,0
Lumen,0.7125,0.7488,0.1692,-0.0589,0.4092,0.4706,0.4868,high,high,0
Lumen,0.7125,0.7488,0.1692,-0.0589,0.4083,0.4706,0.4859,high,high,0
Lumen,0.7125,0.7488,0.1692,-0.0589,0.4089,0.4706,0.4866,high,high,0
Lumen,0.7125,0.7488,0.1693,-0.0588,0.4095,0.4706,0.4861,high,high,0
Lumen,0.7124,0.7487,0.1694,-0.0588,0.4093,0.4706,0.4853,high,high,0
Lumen,0.7124,0.7487,0.1694,-0.0588,0.4093,0.4706,0.4852,high,high,0
Lumen,0.7124,0.7487,0.1694,-0.0587,0.4096,0.4707,0.4847,high,high,0
Lumen,0.7123,0.7486,0.1693,-0.0587,0.4085,0.4707,0.4843,high,high,0
Lumen,0.7123,0.7488,0.1691,-0.0587,0.4081,0.4707,0.4855,high,high,0
Lumen,0.7125,0.7489,0.1691,-0.0587,0.4089,0.4707,0.4871,high,high,0
Lumen,0.7125,0.7488,0.1692,-0.0587,0.4073,0.4707,0.4866,high,high,0
Lumen,0.7126,0.7489,0.1690,-0.0587,0.4074,0.4707,0.4877,high,high,0
Lumen,0.7126,0.7490,0.1690,-0.0587,0.4068,0.4707,0.4886,high,high,0
Lumen,0.7136,0.7491,0.1726,-0.0587,0.4476,0.4707,0.4919,high,high,0
Lumen,0.7145,0.7494,0.1771,-0.0584,0.4601,0.4709,0.4938,boundary,boundary,0
Lumen,0.7131,0.7484,0.1755,-0.0579,0.4242,0.4711,0.4824,high,high,0
Lumen,0.7123,0.7481,0.1751,-0.0577,0.4212,0.4712,0.4767,high,high,0
Lumen,0.7116,0.7477,0.1751,-0.0577,0.4210,0.4712,0.4715,high,high,0
Lumen,0.7112,0.7475,0.1751,-0.0577,0.4217,0.4712,0.4680,high,high,0
Lumen,0.7109,0.7473,0.1749,-0.0578,0.4210,0.4711,0.4652,high,high,0
Lumen,0.7108,0.7473,0.1749,-0.0580,0.4215,0.4710,0.4652,high,high,0
Lumen,0.7107,0.7472,0.1750,-0.0581,0.4226,0.4710,0.4633,high,high,0
Lumen,0.7106,0.7471,0.1750,-0.0582,0.4231,0.4709,0.4619,high,high,0
Lumen,0.7104,0.7469,0.1734,-0.0582,0.4232,0.4709,0.4615,high,high,0
Lumen,0.7105,0.7471,0.1726,-0.0583,0.4207,0.4709,0.4639,high,high,0
Lumen,0.7106,0.7472,0.1707,-0.0584,0.4186,0.4709,0.4657,high,high,0
Lumen,0.7109,0.7475,0.1699,-0.0584,0.4170,0.4708,0.4701,high,high,0
Lumen,0.7111,0.7477,0.1696,-0.0584,0.4131,0.4708,0.4719,high,high,0
Lumen,0.7114,0.7479,0.1695,-0.0585,0.4135,0.4708,0.4752,high,high,0
Lumen,0.7115,0.7480,0.1694,-0.0584,0.4105,0.4708,0.4761,high,high,0
Lumen,0.7118,0.7482,0.1694,-0.0584,0.4119,0.4708,0.4791,high,high,0
Lumen,0.7119,0.7482,0.1696,-0.0584,0.4120,0.4708,0.4796,high,high,0
Lumen,0.7119,0.7482,0.1697,-0.0583,0.4116,0.4709,0.4793,high,high,0
Lumen,0.7119,0.7482,0.1698,-0.0583,0.4113,0.4709,0.4791,high,high,0
Lumen,0.7119,0.7482,0.1698,-0.0582,0.4115,0.4709,0.4793,high,high,0
Lumen,0.7118,0.7482,0.1698,-0.0582,0.4105,0.4709,0.4793,high,high,0
Lumen,0.7119,0.7484,0.1696,-0.0582,0.4102,0.4709,0.4806,high,high,0
Lumen,0.7120,0.7485,0.1697,-0.0582,0.4112,0.4709,0.4824,high,high,0
Lumen,0.7121,0.7485,0.1698,-0.0582,0.4102,0.4709,0.4822,high,high,0
Lumen,0.7121,0.7485,0.1699,-0.0582,0.4109,0.4709,0.4827,high,high,0
Lumen,0.7121,0.7485,0.1700,-0.0581,0.4116,0.4710,0.4822,high,high,0
Lumen,0.7127,0.7483,0.1636,-0.0583,0.4324,0.4709,0.4825,high,high,0
Lumen,0.7175,0.7511,0.1026,-0.0579,0.4450,0.4711,0.2735,high,low,1
Lumen,0.7209,0.7593,0.0763,-0.0570,0.3688,0.4715,0.1310,high,low,1
Lumen,0.7301,0.7680,0.0818,-0.0579,0.3364,0.4711,0.2164,high,low,1
Lumen,0.7393,0.7737,0.0946,-0.0585,0.3438,0.4708,0.3427,high,low,1
Lumen,0.7463,0.7765,0.1095,-0.0579,0.3387,0.4711,0.4698,high,high,0
Lumen,0.7538,0.7780,0.1383,-0.0561,0.4331,0.4720,0.6816,high,high,0
Lumen,0.7517,0.7746,0.1545,-0.0529,0.3684,0.4736,0.7523,high,high,0
Lumen,0.7454,0.7708,0.1550,-0.0500,0.3254,0.4750,0.7303,high,high,0
Lumen,0.7424,0.7684,0.1554,-0.0483,0.3144,0.4759,0.7125,high,high,0
Lumen,0.7410,0.7669,0.1558,-0.0472,0.3104,0.4764,0.7000,high,high,0
Lumen,0.7376,0.7651,0.1541,-0.0464,0.3189,0.4768,0.6767,high,high,0
Lumen,0.7344,0.7644,0.1532,-0.0462,0.3180,0.4769,0.6617,high,high,0
Lumen,0.7318,0.7632,0.1587,-0.0469,0.3451,0.4766,0.6599,high,high,0
Lumen,0.7288,0.7614,0.1638,-0.0479,0.3618,0.4761,0.6436,high,high,0
Lumen,0.7260,0.7594,0.1668,-0.0492,0.3738,0.4754,0.6203,high,high,0
Lumen,0.7232,0.7572,0.1690,-0.0505,0.3864,0.4748,0.5927,high,high,0
Lumen,0.7205,0.7550,0.1720,-0.0518,0.4005,0.4741,0.5645,high,high,0
Lumen,0.7181,0.7528,0.1721,-0.0530,0.4036,0.4735,0.5385,high,high,0
Lumen,0.7158,0.7509,0.1738,-0.0541,0.4151,0.4730,0.5136,high,high,0
Lumen,0.7137,0.7493,0.1745,-0.0552,0.4199,0.4724,0.4922,high,high,0
Lumen,0.7120,0.7478,0.1750,-0.0562,0.4253,0.4720,0.4741,high,high,0
Lumen,0.7107,0.7465,0.1755,-0.0570,0.4323,0.4715,0.4583,high,high,0
Lumen,0.7093,0.7453,0.1746,-0.0577,0.4362,0.4712,0.4438,high,boundary,1
Lumen,0.7082,0.7443,0.1743,-0.0583,0.4373,0.4709,0.4325,high,boundary,1
Lumen,0.7072,0.7436,0.1741,-0.0589,0.4380,0.4706,0.4228,high,boundary,1
Lumen,0.7070,0.7433,0.1724,-0.0594,0.4369,0.4704,0.4212,high,boundary,1
Lumen,0.7070,0.7434,0.1716,-0.0597,0.4337,0.4702,0.4217,high,boundary,1
Lumen,0.7070,0.7435,0.1700,-0.0600,0.4343,0.4700,0.4233,high,boundary,1
Lumen,0.7071,0.7436,0.1693,-0.0603,0.4304,0.4699,0.4245,high,boundary,1
Lumen,0.7078,0.7446,0.1691,-0.0605,0.4311,0.4698,0.4347,high,boundary,1
Lumen,0.7084,0.7451,0.1692,-0.0608,0.4291,0.4696,0.4418,high,boundary,1
Lumen,0.7089,0.7455,0.1692,-0.0610,0.4254,0.4695,0.4465,high,boundary,1
Lumen,0.7094,0.7459,0.1693,-0.0611,0.4255,0.4695,0.4515,high,high,0
Lumen,0.7096,0.7460,0.1693,-0.0611,0.4227,0.4695,0.4536,high,high,0
Lumen,0.7099,0.7462,0.1694,-0.0611,0.4236,0.4695,0.4566,high,high,0
Lumen,0.7100,0.7463,0.1694,-0.0611,0.4211,0.4695,0.4571,high,high,0
Lumen,0.7102,0.7465,0.1693,-0.0610,0.4211,0.4695,0.4592,high,high,0
Lumen,0.7104,0.7466,0.1694,-0.0610,0.4220,0.4696,0.4611,high,high,0
Lumen,0.7103,0.7466,0.1694,-0.0609,0.4190,0.4696,0.4608,high,high,0
Lumen,0.7105,0.7468,0.1693,-0.0608,0.4202,0.4696,0.4635,high,high,0
Lumen,0.7106,0.7469,0.1694,-0.0608,0.4198,0.4696,0.4643,high,high,0
Lumen,0.7106,0.7469,0.1693,-0.0607,0.4180,0.4697,0.4644,high,high,0
Lumen,0.7107,0.7470,0.1691,-0.0607,0.4174,0.4697,0.4658,high,high,0
Lumen,0.7109,0.7472,0.1689,-0.0606,0.4166,0.4697,0.4681,high,high,0
Lumen,0.7111,0.7474,0.1688,-0.0606,0.4157,0.4697,0.4703,high,high,0
Lumen,0.7113,0.7476,0.1691,-0.0606,0.4192,0.4697,0.4724,high,high,0
Lumen,0.7113,0.7473,0.1696,-0.0605,0.4203,0.4698,0.4703,high,high,0
Lumen,0.7111,0.7472,0.1699,-0.0604,0.4206,0.4698,0.4683,high,high,0
Lumen,0.7134,0.7468,0.1799,-0.0603,0.5336,0.4699,0.4661,boundary,boundary,0
Lumen,0.7127,0.7453,0.1876,-0.0593,0.5300,0.4704,0.4368,boundary,boundary,0
Lumen,0.7110,0.7438,0.1888,-0.0583,0.5113,0.4709,0.4167,boundary,boundary,0
Lumen,0.7093,0.7452,0.1893,-0.0576,0.5003,0.4713,0.4175,boundary,boundary,0
Lumen,0.7089,0.7466,0.1881,-0.0579,0.4870,0.4711,0.4286,boundary,boundary,0
Lumen,0.7092,0.7479,0.1862,-0.0587,0.4766,0.4707,0.4431,boundary,boundary,0
Lumen,0.7097,0.7488,0.1845,-0.0597,0.4673,0.4702,0.4555,boundary,boundary,0
Lumen,0.7104,0.7496,0.1831,-0.0606,0.4601,0.4697,0.4665,boundary,boundary,0
Lumen,0.7111,0.7503,0.1820,-0.0614,0.4538,0.4693,0.4764,boundary,boundary,0
Lumen,0.7118,0.7509,0.1808,-0.0620,0.4470,0.4690,0.4864,high,high,0
Lumen,0.7123,0.7513,0.1783,-0.0625,0.4413,0.4688,0.4958,high,high,0
Lumen,0.7130,0.7519,0.1767,-0.0628,0.4341,0.4686,0.5049,high,high,0
Lumen,0.7135,0.7523,0.1742,-0.0631,0.4279,0.4685,0.5130,high,high,0
Lumen,0.7200,0.7529,0.1967,-0.0632,0.6865,0.4684,0.4869,boundary,boundary,0
Lumen,0.7215,0.7505,0.2135,-0.0615,0.7015,0.4693,0.3976,low,low,0
Lumen,0.7085,0.7474,0.1970,-0.0590,0.5369,0.4706,0.4050,boundary,boundary,0
Lumen,0.7033,0.7463,0.1868,-0.0599,0.4961,0.4701,0.4027,boundary,boundary,0
Lumen,0.7021,0.7464,0.1820,-0.0620,0.4731,0.4691,0.4065,boundary,boundary,0
Lumen,0.7027,0.7467,0.1798,-0.0640,0.4657,0.4680,0.4149,boundary,boundary,0
Lumen,0.7036,0.7467,0.1787,-0.0656,0.4600,0.4672,0.4211,boundary,boundary,0
Lumen,0.7047,0.7467,0.1781,-0.0666,0.4572,0.4668,0.4279,boundary,boundary,0
Lumen,0.7060,0.7467,0.1777,-0.0671,0.4527,0.4665,0.4346,boundary,boundary,0
Lumen,0.7070,0.7467,0.1774,-0.0670,0.4495,0.4665,0.4401,high,boundary,1
Lumen,0.7075,0.7465,0.1761,-0.0667,0.4503,0.4667,0.4428,boundary,boundary,0
Lumen,0.7077,0.7463,0.1757,-0.0662,0.4468,0.4669,0.4426,high,boundary,1
Lumen,0.7081,0.7463,0.1742,-0.0657,0.4468,0.4672,0.4458,high,boundary,1
Lumen,0.7083,0.7464,0.1740,-0.0651,0.4451,0.4675,0.4482,high,boundary,1
Lumen,0.7083,0.7465,0.1740,-0.0646,0.4422,0.4678,0.4483,high,boundary,1
Lumen,0.7090,0.7462,0.1673,-0.0646,0.4789,0.4677,0.4519,boundary,boundary,0
Lumen,0.7131,0.7468,0.1173,-0.0640,0.4727,0.4680,0.3241,boundary,low,1
Lumen,0.7152,0.7524,0.1081,-0.0623,0.3658,0.4689,0.3076,high,low,1
Lumen,0.7192,0.7578,0.1144,-0.0620,0.3535,0.4690,0.3853,high,low,1
Lumen,0.7233,0.7623,0.1304,-0.0622,0.3976,0.4689,0.5152,high,high,0
Lumen,0.7278,0.7634,0.1480,-0.0625,0.4662,0.4688,0.6189,boundary,boundary,0
Lumen,0.7265,0.7624,0.1489,-0.0616,0.3661,0.4692,0.6105,high,high,0
Lumen,0.7257,0.7619,0.1487,-0.0610,0.3599,0.4695,0.6039,high,high,0
Lumen,0.7250,0.7617,0.1480,-0.0606,0.3560,0.4697,0.5975,high,high,0
Lumen,0.7249,0.7655,0.1472,-0.0604,0.3538,0.4698,0.6195,high,high,0
Lumen,0.7263,0.7684,0.1465,-0.0615,0.3471,0.4693,0.6403,high,high,0
Lumen,0.7284,0.7706,0.1459,-0.0628,0.3411,0.4686,0.6587,high,high,0
Lumen,0.7302,0.7721,0.1438,-0.0639,0.3326,0.4681,0.6638,high,high,0
Lumen,0.7319,0.7734,0.1409,-0.0647,0.3237,0.4677,0.6610,high,high,0
Lumen,0.7335,0.7745,0.1396,-0.0652,0.3141,0.4674,0.6638,high,high,0
Lumen,0.7347,0.7753,0.1388,-0.0655,0.3058,0.4673,0.6663,high,high,0
Lumen,0.7380,0.7760,0.1368,-0.0656,0.3107,0.4672,0.6634,high,high,0
Lumen,0.7415,0.7765,0.1358,-0.0649,0.3083,0.4676,0.6634,high,high,0
Lumen,0.7449,0.7774,0.1350,-0.0635,0.3077,0.4683,0.6639,high,high,0
Lumen,0.7478,0.7783,0.1347,-0.0616,0.3058,0.4692,0.6654,high,high,0
Lumen,0.7502,0.7793,0.1345,-0.0595,0.3034,0.4703,0.6665,high,high,0
Lumen,0.7522,0.7804,0.1342,-0.0574,0.3018,0.4713,0.6669,high,high,0
Lumen,0.7541,0.7818,0.1340,-0.0555,0.3002,0.4723,0.6677,high,high,0
Lumen,0.7558,0.7831,0.1336,-0.0538,0.2976,0.4731,0.6667,high,high,0
Lumen,0.7579,0.7850,0.1331,-0.0523,0.2986,0.4739,0.6645,high,high,0
Lumen,0.7594,0.7861,0.1334,-0.0510,0.2939,0.4745,0.6658,high,high,0
Lumen,0.7610,0.7871,0.1335,-0.0499,0.2926,0.4751,0.6645,high,high,0
Lumen,0.7622,0.7881,0.1336,-0.0487,0.2907,0.4757,0.6634,high,high,0
Lumen,0.7632,0.7890,0.1335,-0.0477,0.2889,0.4762,0.6613,high,high,0
Lumen,0.7641,0.7898,0.1333,-0.0469,0.2880,0.4766,0.6583,high,high,0
Lumen,0.7649,0.7906,0.1332,-0.0461,0.2866,0.4769,0.6556,high,high,0
Lumen,0.7657,0.7912,0.1333,-0.0455,0.2857,0.4773,0.6542,high,high,0
Lumen,0.7662,0.7916,0.1333,-0.0450,0.2837,0.4775,0.6529,high,high,0
Lumen,0.7668,0.7921,0.1333,-0.0445,0.2839,0.4778,0.6513,high,high,0
Lumen,0.7671,0.7923,0.1334,-0.0441,0.2828,0.4780,0.6512,high,high,0
Lumen,0.7674,0.7925,0.1335,-0.0437,0.2823,0.4782,0.6507,high,high,0
Lumen,0.7676,0.7927,0.1334,-0.0433,0.2815,0.4784,0.6496,high,high,0
Lumen,0.7679,0.7930,0.1333,-0.0430,0.2817,0.4785,0.6480,high,high,0
Lumen,0.7681,0.7931,0.1334,-0.0428,0.2812,0.4786,0.6478,high,high,0
Lumen,0.7683,0.7932,0.1335,-0.0425,0.2807,0.4787,0.6476,high,high,0
Lumen,0.7684,0.7934,0.1333,-0.0423,0.2804,0.4788,0.6462,high,high,0
Lumen,0.7686,0.7936,0.1332,-0.0422,0.2808,0.4789,0.6449,high,high,0
Lumen,0.7687,0.7937,0.1332,-0.0420,0.2796,0.4790,0.6444,high,high,0
Lumen,0.7689,0.7939,0.1330,-0.0419,0.2801,0.4791,0.6423,high,high,0
Lumen,0.7690,0.7940,0.1317,-0.0419,0.2820,0.4791,0.6327,high,high,0
Lumen,0.7691,0.7940,0.1324,-0.0418,0.2808,0.4791,0.6378,high,high,0
Lumen,0.7693,0.7943,0.1327,-0.0417,0.2800,0.4792,0.6386,high,high,0
Lumen,0.7695,0.7944,0.1330,-0.0416,0.2800,0.4792,0.6397,high,high,0
Lumen,0.7695,0.7943,0.1332,-0.0415,0.2794,0.4793,0.6412,high,high,0
Lumen,0.7699,0.7939,0.1288,-0.0415,0.2940,0.4792,0.6087,high,high,0
Lumen,0.7753,0.7965,0.0894,-0.0412,0.3667,0.4794,0.2920,high,low,1
Lumen,0.7774,0.8023,0.0892,-0.0400,0.2858,0.4800,0.2851,high,low,1
Lumen,0.7806,0.8067,0.0982,-0.0402,0.3007,0.4799,0.3404,high,low,1
Lumen,0.7831,0.8090,0.1112,-0.0407,0.3050,0.4797,0.4223,high,boundary,1
Lumen,0.7854,0.8073,0.1290,-0.0410,0.3217,0.4795,0.5272,high,high,0
Lumen,0.7836,0.8037,0.1398,-0.0401,0.3128,0.4800,0.5995,high,high,0
Lumen,0.7796,0.8001,0.1404,-0.0387,0.2951,0.4806,0.6311,high,high,0
Lumen,0.7761,0.7976,0.1413,-0.0378,0.2929,0.4811,0.6574,high,high,0
Lumen,0.7734,0.7958,0.1416,-0.0373,0.2890,0.4814,0.6752,high,high,0
Lumen,0.7714,0.7947,0.1417,-0.0372,0.2858,0.4814,0.6865,high,high,0
Lumen,0.7699,0.7939,0.1400,-0.0374,0.2874,0.4813,0.6833,high,high,0
Lumen,0.7692,0.7937,0.1374,-0.0377,0.2864,0.4811,0.6708,high,high,0
Lumen,0.7689,0.7937,0.1347,-0.0382,0.2852,0.4809,0.6538,high,high,0
Lumen,0.7691,0.7941,0.1334,-0.0386,0.2823,0.4807,0.6444,high,high,0
Lumen,0.7695,0.7944,0.1329,-0.0391,0.2810,0.4805,0.6399,high,high,0
Lumen,0.7697,0.7945,0.1329,-0.0394,0.2790,0.4803,0.6387,high,high,0
Lumen,0.7698,0.7944,0.1313,-0.0396,0.2812,0.4802,0.6269,high,high,0
Lumen,0.7700,0.7946,0.1304,-0.0397,0.2798,0.4802,0.6202,high,high,0
Lumen,0.7703,0.7949,0.1301,-0.0398,0.2787,0.4801,0.6171,high,high,0
Lumen,0.7705,0.7950,0.1302,-0.0398,0.2780,0.4801,0.6167,high,high,0
Lumen,0.7706,0.7950,0.1304,-0.0399,0.2775,0.4801,0.6177,high,high,0
Lumen,0.7706,0.7951,0.1305,-0.0398,0.2774,0.4801,0.6184,high,high,0
Lumen,0.7706,0.7951,0.1304,-0.0398,0.2772,0.4801,0.6182,high,high,0
Lumen,0.7707,0.7953,0.1304,-0.0398,0.2776,0.4801,0.6176,high,high,0
Lumen,0.7707,0.7953,0.1305,-0.0399,0.2775,0.4801,0.6183,high,high,0
Lumen,0.7707,0.7954,0.1306,-0.0399,0.2775,0.4801,0.6189,high,high,0
Lumen,0.7707,0.7955,0.1306,-0.0399,0.2772,0.4801,0.6187,high,high,0
Lumen,0.7708,0.7957,0.1304,-0.0399,0.2777,0.4800,0.6171,high,high,0
Lumen,0.7710,0.7959,0.1304,-0.0400,0.2778,0.4800,0.6161,high,high,0
Lumen,0.7711,0.7960,0.1303,-0.0401,0.2770,0.4800,0.6154,high,high,0
Lumen,0.7713,0.7962,0.1301,-0.0401,0.2777,0.4800,0.6133,high,high,0
Lumen,0.7715,0.7965,0.1300,-0.0401,0.2774,0.4799,0.6116,high,high,0
Lumen,0.7758,0.7967,0.1461,-0.0402,0.3408,0.4799,0.6843,high,high,0
Lumen,0.7767,0.7956,0.1582,-0.0390,0.3457,0.4805,0.7218,high,high,0
Lumen,0.7688,0.7931,0.1481,-0.0374,0.3261,0.4813,0.7354,high,high,0
Lumen,0.7654,0.7921,0.1416,-0.0378,0.3042,0.4811,0.7141,high,high,0
Lumen,0.7644,0.7922,0.1386,-0.0389,0.2915,0.4806,0.6988,high,high,0
Lumen,0.7644,0.7922,0.1373,-0.0402,0.2863,0.4799,0.6899,high,high,0
Lumen,0.7649,0.7924,0.1366,-0.0412,0.2859,0.4794,0.6835,high,high,0
Lumen,0.7654,0.7923,0.1364,-0.0420,0.2841,0.4790,0.6797,high,high,0
Lumen,0.7658,0.7923,0.1362,-0.0426,0.2833,0.4787,0.6767,high,high,0
Lumen,0.7660,0.7921,0.1362,-0.0429,0.2826,0.4786,0.6749,high,high,0
Lumen,0.7662,0.7919,0.1347,-0.0431,0.2848,0.4785,0.6635,high,high,0
Lumen,0.7662,0.7918,0.1340,-0.0431,0.2823,0.4784,0.6583,high,high,0
Lumen,0.7665,0.7920,0.1319,-0.0431,0.2848,0.4784,0.6429,high,high,0
Lumen,0.7668,0.7923,0.1311,-0.0431,0.2828,0.4785,0.6362,high,high,0
Lumen,0.7671,0.7926,0.1309,-0.0430,0.2811,0.4785,0.6338,high,high,0
Lumen,0.7674,0.7929,0.1308,-0.0430,0.2807,0.4785,0.6322,high,high,0
Lumen,0.7676,0.7932,0.1306,-0.0429,0.2803,0.4785,0.6302,high,high,0
Lumen,0.7680,0.7936,0.1304,-0.0429,0.2806,0.4786,0.6279,high,high,0
Lumen,0.7683,0.7939,0.1304,-0.0429,0.2797,0.4786,0.6267,high,high,0
Lumen,0.7685,0.7941,0.1303,-0.0429,0.2795,0.4786,0.6254,high,high,0
Lumen,0.7687,0.7944,0.1301,-0.0429,0.2793,0.4786,0.6233,high,high,0
Lumen,0.7696,0.7951,0.1298,-0.0429,0.2811,0.4786,0.6186,high,high,0
Lumen,0.7703,0.7956,0.1297,-0.0428,0.2800,0.4786,0.6151,high,high,0
Lumen,0.7708,0.7963,0.1298,-0.0427,0.2799,0.4787,0.6135,high,high,0
Lumen,0.7713,0.7968,0.1298,-0.0426,0.2785,0.4787,0.6119,high,high,0
Lumen,0.7718,0.7972,0.1297,-0.0426,0.2786,0.4787,0.6089,high,high,0
Lumen,0.7722,0.7976,0.1297,-0.0425,0.2780,0.4787,0.6070,high,high,0
Lumen,0.7725,0.7978,0.1298,-0.0425,0.2776,0.4788,0.6064,high,high,0
Lumen,0.7727,0.7980,0.1299,-0.0424,0.2771,0.4788,0.6060,high,high,0
Lumen,0.7729,0.7981,0.1300,-0.0423,0.2768,0.4789,0.6056,high,high,0
Lumen,0.7730,0.7982,0.1300,-0.0422,0.2766,0.4789,0.6053,high,high,0
Lumen,0.7731,0.7983,0.1300,-0.0421,0.2764,0.4790,0.6049,high,high,0
Lumen,0.7732,0.7985,0.1300,-0.0420,0.2765,0.4790,0.6046,high,high,0
Lumen,0.7733,0.7985,0.1301,-0.0420,0.2763,0.4790,0.6048,high,high,0
Lumen,0.7734,0.7986,0.1302,-0.0419,0.2763,0.4791,0.6049,high,high,0
Lumen,0.7734,0.7986,0.1302,-0.0419,0.2759,0.4791,0.6050,high,high,0
Lumen,0.7743,0.7983,0.1301,-0.0419,0.2783,0.4791,0.5996,high,high,0
Lumen,0.7780,0.7984,0.1304,-0.0414,0.2836,0.4793,0.5816,high,high,0
Lumen,0.7754,0.7985,0.1304,-0.0399,0.2834,0.4800,0.5957,high,high,0
Lumen,0.7742,0.7989,0.1298,-0.0396,0.2795,0.4802,0.5979,high,high,0
Lumen,0.7746,0.8000,0.1295,-0.0398,0.2785,0.4801,0.5944,high,high,0
Lumen,0.7749,0.7996,0.1294,-0.0399,0.2762,0.4801,0.5923,high,high,0
Lumen,0.7764,0.7998,0.1283,-0.0399,0.2800,0.4800,0.5769,high,high,0
Lumen,0.7755,0.7999,0.1296,-0.0397,0.2795,0.4802,0.5900,high,high,0
Lumen,0.7750,0.8001,0.1299,-0.0397,0.2767,0.4801,0.5952,high,high,0
Lumen,0.7749,0.8003,0.1301,-0.0400,0.2761,0.4800,0.5967,high,high,0
Lumen,0.7748,0.8002,0.1303,-0.0403,0.2760,0.4798,0.5985,high,high,0
Lumen,0.7747,0.8001,0.1303,-0.0406,0.2757,0.4797,0.5992,high,high,0
Lumen,0.7747,0.8001,0.1302,-0.0408,0.2756,0.4796,0.5988,high,high,0
Lumen,0.7747,0.8001,0.1301,-0.0409,0.2753,0.4795,0.5978,high,high,0
Lumen,0.7747,0.8001,0.1299,-0.0410,0.2752,0.4795,0.5965,high,high,0
Lumen,0.7748,0.8003,0.1297,-0.0411,0.2757,0.4794,0.5947,high,high,0
Lumen,0.7749,0.8003,0.1297,-0.0412,0.2749,0.4794,0.5939,high,high,0
Lumen,0.7750,0.8005,0.1295,-0.0413,0.2753,0.4794,0.5923,high,high,0
Lumen,0.7752,0.8006,0.1296,-0.0413,0.2753,0.4793,0.5920,high,high,0
Lumen,0.7752,0.8006,0.1298,-0.0413,0.2749,0.4793,0.5931,high,high,0
Lumen,0.7752,0.8005,0.1298,-0.0413,0.2746,0.4793,0.5934,high,high,0
Lumen,0.7751,0.8006,0.1297,-0.0413,0.2746,0.4793,0.5929,high,high,0
Lumen,0.7753,0.8007,0.1297,-0.0414,0.2750,0.4793,0.5922,high,high,0
Lumen,0.7753,0.8007,0.1298,-0.0414,0.2748,0.4793,0.5931,high,high,0
Lumen,0.7752,0.8007,0.1298,-0.0414,0.2745,0.4793,0.5930,high,high,0
Lumen,0.7753,0.8008,0.1297,-0.0414,0.2749,0.4793,0.5919,high,high,0
Lumen,0.7754,0.8009,0.1297,-0.0414,0.2747,0.4793,0.5914,high,high,0
Lumen,0.7754,0.8009,0.1297,-0.0414,0.2745,0.4793,0.5914,high,high,0
Lumen,0.7754,0.8010,0.1296,-0.0414,0.2744,0.4793,0.5906,high,high,0
Lumen,0.7756,0.8012,0.1294,-0.0414,0.2749,0.4793,0.5888,high,high,0
Lumen,0.7757,0.8013,0.1294,-0.0414,0.2747,0.4793,0.5874,high,high,0
Lumen,0.7759,0.8015,0.1294,-0.0414,0.2748,0.4793,0.5867,high,high,0
Lumen,0.7759,0.8015,0.1295,-0.0414,0.2740,0.4793,0.5872,high,high,0
Lumen,0.7760,0.8016,0.1295,-0.0414,0.2744,0.4793,0.5865,high,high,0
Lumen,0.7760,0.8016,0.1294,-0.0414,0.2738,0.4793,0.5864,high,high,0
Lumen,0.7761,0.8017,0.1293,-0.0414,0.2743,0.4793,0.5851,high,high,0
Lumen,0.7762,0.8018,0.1294,-0.0414,0.2744,0.4793,0.5848,high,high,0
Lumen,0.7763,0.8018,0.1296,-0.0414,0.2742,0.4793,0.5858,high,high,0
Lumen,0.7762,0.8018,0.1297,-0.0414,0.2742,0.4793,0.5866,high,high,0
Lumen,0.7762,0.8017,0.1296,-0.0413,0.2741,0.4793,0.5864,high,high,0
Lumen,0.7763,0.8019,0.1295,-0.0413,0.2744,0.4794,0.5855,high,high,0
Lumen,0.7762,0.8019,0.1295,-0.0413,0.2737,0.4794,0.5856,high,high,0
Lumen,0.7763,0.8020,0.1296,-0.0413,0.2743,0.4794,0.5854,high,high,0
Lumen,0.7763,0.8019,0.1298,-0.0413,0.2744,0.4794,0.5867,high,high,0
Lumen,0.7780,0.8018,0.1368,-0.0413,0.3016,0.4794,0.6208,high,high,0
Lumen,0.7780,0.8013,0.1430,-0.0407,0.3001,0.4796,0.6549,high,high,0
Lumen,0.7752,0.8000,0.1392,-0.0401,0.2938,0.4800,0.6515,high,high,0
Lumen,0.7737,0.7994,0.1372,-0.0400,0.2848,0.4800,0.6488,high,high,0
Lumen,0.7730,0.7992,0.1364,-0.0403,0.2810,0.4799,0.6480,high,high,0
Lumen,0.7725,0.7991,0.1359,-0.0406,0.2796,0.4797,0.6474,high,high,0
Lumen,0.7724,0.7991,0.1357,-0.0410,0.2785,0.4795,0.6464,high,high,0
Lumen,0.7723,0.7989,0.1357,-0.0414,0.2785,0.4793,0.6472,high,high,0
Lumen,0.7722,0.7987,0.1358,-0.0417,0.2786,0.4792,0.6480,high,high,0
Lumen,0.7720,0.7985,0.1357,-0.0418,0.2787,0.4791,0.6484,high,high,0
Lumen,0.7720,0.7984,0.1341,-0.0420,0.2808,0.4790,0.6383,high,high,0
Lumen,0.7719,0.7983,0.1334,-0.0421,0.2789,0.4790,0.6344,high,high,0
Lumen,0.7719,0.7984,0.1314,-0.0421,0.2809,0.4790,0.6204,high,high,0
Lumen,0.7722,0.7986,0.1306,-0.0422,0.2790,0.4789,0.6138,high,high,0
Lumen,0.7724,0.7988,0.1306,-0.0422,0.2773,0.4789,0.6124,high,high,0
Lumen,0.7724,0.7987,0.1304,-0.0422,0.2765,0.4789,0.6111,high,high,0
Lumen,0.7726,0.7991,0.1298,-0.0422,0.2779,0.4789,0.6060,high,high,0
Lumen,0.7730,0.7994,0.1295,-0.0422,0.2772,0.4789,0.6024,high,high,0
Lumen,0.7733,0.7998,0.1294,-0.0422,0.2767,0.4789,0.5997,high,high,0
Lumen,0.7736,0.7999,0.1294,-0.0422,0.2762,0.4789,0.5988,high,high,0
Lumen,0.7737,0.7999,0.1295,-0.0422,0.2751,0.4789,0.5985,high,high,0
Lumen,0.7744,0.8002,0.1294,-0.0421,0.2769,0.4789,0.5947,high,high,0
Lumen,0.7747,0.8003,0.1295,-0.0420,0.2760,0.4790,0.5940,high,high,0
Lumen,0.7748,0.8004,0.1295,-0.0417,0.2755,0.4791,0.5929,high,high,0
Lumen,0.7751,0.8006,0.1294,-0.0416,0.2758,0.4792,0.5912,high,high,0
Lumen,0.7752,0.8008,0.1294,-0.0414,0.2750,0.4793,0.5902,high,high,0
Lumen,0.7755,0.8010,0.1294,-0.0413,0.2753,0.4794,0.5888,high,high,0
Lumen,0.7755,0.8010,0.1294,-0.0412,0.2745,0.4794,0.5890,high,high,0
Lumen,0.7757,0.8012,0.1294,-0.0411,0.2747,0.4795,0.5883,high,high,0
Lumen,0.7757,0.8012,0.1295,-0.0410,0.2742,0.4795,0.5884,high,high,0
Lumen,0.7757,0.8012,0.1293,-0.0409,0.2743,0.4796,0.5872,high,high,0
Lumen,0.7759,0.8014,0.1292,-0.0408,0.2748,0.4796,0.5854,high,high,0
Lumen,0.7760,0.8014,0.1292,-0.0408,0.2738,0.4796,0.5849,high,high,0
Lumen,0.7761,0.8016,0.1291,-0.0407,0.2743,0.4796,0.5836,high,high,0
Lumen,0.7762,0.8016,0.1291,-0.0407,0.2735,0.4797,0.5835,high,high,0
Lumen,0.7763,0.8017,0.1291,-0.0406,0.2741,0.4797,0.5826,high,high,0
Lumen,0.7763,0.8016,0.1291,-0.0406,0.2736,0.4797,0.5829,high,high,0
Lumen,0.7764,0.8017,0.1291,-0.0405,0.2739,0.4797,0.5821,high,high,0
Lumen,0.7764,0.8017,0.1291,-0.0405,0.2734,0.4798,0.5822,high,high,0
Lumen,0.7778,0.8018,0.1345,-0.0404,0.2949,0.4798,0.6083,high,high,0
Lumen,0.7778,0.8013,0.1400,-0.0400,0.2957,0.4800,0.6406,high,high,0
Lumen,0.7756,0.8004,0.1370,-0.0395,0.2889,0.4803,0.6370,high,high,0
Lumen,0.7758,0.7999,0.1365,-0.0396,0.2780,0.4802,0.6328,high,high,0
Lumen,0.7787,0.7997,0.1355,-0.0393,0.2833,0.4804,0.6090,high,high,0
Lumen,0.7757,0.7997,0.1350,-0.0381,0.2840,0.4809,0.6237,high,high,0
Lumen,0.7743,0.7999,0.1350,-0.0381,0.2785,0.4810,0.6313,high,high,0
Lumen,0.7737,0.7999,0.1349,-0.0386,0.2778,0.4807,0.6346,high,high,0
Lumen,0.7734,0.7999,0.1349,-0.0392,0.2774,0.4804,0.6358,high,high,0
Lumen,0.7733,0.7998,0.1348,-0.0397,0.2774,0.4802,0.6357,high,high,0
Lumen,0.7734,0.7998,0.1331,-0.0402,0.2798,0.4799,0.6243,high,high,0
Lumen,0.7735,0.7998,0.1323,-0.0405,0.2777,0.4798,0.6189,high,high,0
Lumen,0.7736,0.7998,0.1305,-0.0408,0.2793,0.4796,0.6061,high,high,0
Lumen,0.7737,0.7998,0.1297,-0.0409,0.2766,0.4796,0.6003,high,high,0
Lumen,0.7740,0.8000,0.1293,-0.0410,0.2764,0.4795,0.5964,high,high,0
Lumen,0.7740,0.8000,0.1292,-0.0411,0.2749,0.4795,0.5952,high,high,0
Lumen,0.7742,0.8001,0.1291,-0.0411,0.2751,0.4795,0.5934,high,high,0
Lumen,0.7743,0.8003,0.1290,-0.0411,0.2748,0.4795,0.5924,high,high,0
Lumen,0.7744,0.8003,0.1289,-0.0411,0.2745,0.4795,0.5917,high,high,0
Lumen,0.7745,0.8004,0.1289,-0.0411,0.2746,0.4795,0.5911,high,high,0
Lumen,0.7745,0.8005,0.1289,-0.0411,0.2743,0.4795,0.5910,high,high,0
Lumen,0.7746,0.8005,0.1290,-0.0410,0.2745,0.4795,0.5910,high,high,0
Lumen,0.7750,0.8005,0.1291,-0.0410,0.2751,0.4795,0.5893,high,high,0
Lumen,0.7753,0.8005,0.1290,-0.0409,0.2748,0.4796,0.5877,high,high,0
Lumen,0.7754,0.8007,0.1289,-0.0407,0.2749,0.4797,0.5862,high,high,0
Lumen,0.7756,0.8009,0.1290,-0.0405,0.2749,0.4797,0.5856,high,high,0
Lumen,0.7757,0.8009,0.1292,-0.0404,0.2744,0.4798,0.5865,high,high,0
Lumen,0.7757,0.8009,0.1292,-0.0403,0.2741,0.4799,0.5870,high,high,0
Lumen,0.7756,0.8009,0.1291,-0.0402,0.2740,0.4799,0.5864,high,high,0
Lumen,0.7758,0.8010,0.1290,-0.0401,0.2744,0.4800,0.5848,high,high,0
Lumen,0.7759,0.8011,0.1290,-0.0401,0.2741,0.4800,0.5844,high,high,0
Lumen,0.7759,0.8011,0.1292,-0.0400,0.2741,0.4800,0.5854,high,high,0
Lumen,0.7758,0.8010,0.1292,-0.0400,0.2739,0.4800,0.5859,high,high,0
Lumen,0.7759,0.8011,0.1291,-0.0399,0.2738,0.4801,0.5853,high,high,0
Lumen,0.7759,0.8011,0.1293,-0.0399,0.2741,0.4801,0.5858,high,high,0
Lumen,0.7758,0.8009,0.1295,-0.0398,0.2747,0.4801,0.5877,high,high,0
Lumen,0.7757,0.8008,0.1295,-0.0398,0.2744,0.4801,0.5886,high,high,0
Lumen,0.7756,0.8007,0.1295,-0.0397,0.2744,0.4802,0.5890,high,high,0
Lumen,0.7764,0.8008,0.1328,-0.0397,0.2873,0.4802,0.6061,high,high,0
Lumen,0.7767,0.8005,0.1369,-0.0394,0.2893,0.4803,0.6294,high,high,0
Lumen,0.7760,0.7997,0.1394,-0.0390,0.2879,0.4805,0.6480,high,high,0
Lumen,0.7750,0.7988,0.1399,-0.0387,0.2849,0.4807,0.6572,high,high,0
Lumen,0.7741,0.7982,0.1411,-0.0384,0.2851,0.4808,0.6695,high,high,0
Lumen,0.7732,0.7977,0.1413,-0.0383,0.2826,0.4808,0.6754,high,high,0
Lumen,0.7725,0.7972,0.1411,-0.0384,0.2822,0.4808,0.6790,high,high,0
Lumen,0.7719,0.7969,0.1408,-0.0385,0.2821,0.4808,0.6802,high,high,0
Lumen,0.7714,0.7967,0.1404,-0.0386,0.2815,0.4807,0.6804,high,high,0
Lumen,0.7711,0.7965,0.1400,-0.0388,0.2811,0.4806,0.6793,high,high,0
Lumen,0.7710,0.7965,0.1381,-0.0390,0.2830,0.4805,0.6680,high,high,0
Lumen,0.7710,0.7965,0.1372,-0.0392,0.2804,0.4804,0.6625,high,high,0
Lumen,0.7711,0.7966,0.1368,-0.0394,0.2796,0.4803,0.6592,high,high,0
Lumen,0.7712,0.7967,0.1348,-0.0395,0.2817,0.4803,0.6464,high,high,0
Lumen,0.7714,0.7970,0.1338,-0.0396,0.2805,0.4802,0.6380,high,high,0
Lumen,0.7718,0.7973,0.1333,-0.0397,0.2792,0.4802,0.6331,high,high,0
Lumen,0.7721,0.7976,0.1331,-0.0398,0.2783,0.4801,0.6302,high,high,0
Lumen,0.7723,0.7977,0.1330,-0.0398,0.2771,0.4801,0.6286,high,high,0
Lumen,0.7726,0.7979,0.1329,-0.0398,0.2774,0.4801,0.6267,high,high,0
Lumen,0.7726,0.7979,0.1328,-0.0398,0.2763,0.4801,0.6262,high,high,0
Lumen,0.7728,0.7981,0.1326,-0.0398,0.2770,0.4801,0.6242,high,high,0
Lumen,0.7730,0.7983,0.1325,-0.0398,0.2768,0.4801,0.6226,high,high,0
Lumen,0.7731,0.7984,0.1325,-0.0398,0.2762,0.4801,0.6218,high,high,0
Lumen,0.7733,0.7986,0.1325,-0.0398,0.2763,0.4801,0.6212,high,high,0
Lumen,0.7733,0.7986,0.1326,-0.0397,0.2761,0.4801,0.6217,high,high,0
Lumen,0.7733,0.7985,0.1326,-0.0397,0.2758,0.4802,0.6214,high,high,0
Lumen,0.7734,0.7987,0.1324,-0.0397,0.2763,0.4802,0.6197,high,high,0
Lumen,0.7735,0.7988,0.1323,-0.0397,0.2760,0.4802,0.6184,high,high,0
Lumen,0.7737,0.7989,0.1323,-0.0397,0.2761,0.4802,0.6180,high,high,0
Lumen,0.7736,0.7989,0.1325,-0.0397,0.2760,0.4802,0.6192,high,high,0
Lumen,0.7736,0.7988,0.1325,-0.0396,0.2758,0.4802,0.6195,high,high,0
Lumen,0.7736,0.7988,0.1325,-0.0396,0.2756,0.4802,0.6195,high,high,0
Lumen,0.7735,0.7988,0.1325,-0.0396,0.2757,0.4802,0.6195,high,high,0
Lumen,0.7736,0.7989,0.1324,-0.0396,0.2759,0.4802,0.6183,high,high,0
Lumen,0.7737,0.7989,0.1323,-0.0396,0.2756,0.4802,0.6174,high,high,0
Lumen,0.7738,0.7990,0.1322,-0.0396,0.2756,0.4802,0.6166,high,high,0
Lumen,0.7738,0.7991,0.1322,-0.0396,0.2754,0.4802,0.6163,high,high,0
Lumen,0.7739,0.7991,0.1323,-0.0396,0.2756,0.4802,0.6167,high,high,0
Lumen,0.7738,0.7990,0.1325,-0.0395,0.2760,0.4802,0.6180,high,high,0
Lumen,0.7764,0.7989,0.1431,-0.0395,0.3172,0.4803,0.6662,high,high,0
Lumen,0.7764,0.7978,0.1519,-0.0386,0.3143,0.4807,0.7057,high,high,0
Lumen,0.7730,0.7960,0.1482,-0.0376,0.3016,0.4812,0.7128,high,high,0
Lumen,0.7709,0.7952,0.1458,-0.0373,0.2931,0.4814,0.7133,high,high,0
Lumen,0.7696,0.7948,0.1443,-0.0374,0.2877,0.4813,0.7122,high,high,0
Lumen,0.7690,0.7947,0.1434,-0.0378,0.2852,0.4811,0.7103,high,high,0
Lumen,0.7686,0.7946,0.1427,-0.0383,0.2840,0.4809,0.7082,high,high,0
Lumen,0.7685,0.7946,0.1422,-0.0388,0.2830,0.4806,0.7062,high,high,0
Lumen,0.7683,0.7959,0.1420,-0.0392,0.2848,0.4804,0.7070,high,high,0
Lumen,0.7689,0.7970,0.1416,-0.0400,0.2856,0.4800,0.7025,high,high,0
Lumen,0.7695,0.7975,0.1399,-0.0408,0.2865,0.4796,0.6888,high,high,0
Lumen,0.7702,0.7981,0.1390,-0.0414,0.2845,0.4793,0.6795,high,high,0
Lumen,0.7707,0.7983,0.1371,-0.0418,0.2843,0.4791,0.6644,high,high,0
Lumen,0.7713,0.7987,0.1360,-0.0421,0.2824,0.4790,0.6544,high,high,0
Lumen,0.7718,0.7991,0.1356,-0.0422,0.2804,0.4789,0.6491,high,high,0
Lumen,0.7721,0.7992,0.1354,-0.0423,0.2785,0.4789,0.6465,high,high,0
Lumen,0.7724,0.7995,0.1352,-0.0423,0.2788,0.4788,0.6434,high,high,0
Lumen,0.7726,0.7997,0.1352,-0.0423,0.2776,0.4788,0.6420,high,high,0
Lumen,0.7728,0.7999,0.1351,-0.0423,0.2779,0.4789,0.6402,high,high,0
Lumen,0.7730,0.8000,0.1350,-0.0423,0.2771,0.4789,0.6392,high,high,0
Lumen,0.7731,0.8002,0.1350,-0.0423,0.2774,0.4789,0.6378,high,high,0
Lumen,0.7737,0.8005,0.1351,-0.0423,0.2784,0.4789,0.6352,high,high,0
Lumen,0.7740,0.8006,0.1350,-0.0422,0.2772,0.4789,0.6334,high,high,0
Lumen,0.7744,0.8010,0.1349,-0.0420,0.2778,0.4790,0.6306,high,high,0
Lumen,0.7747,0.8013,0.1349,-0.0420,0.2773,0.4790,0.6291,high,high,0
Lumen,0.7748,0.8014,0.1350,-0.0419,0.2764,0.4791,0.6284,high,high,0
Lumen,0.7751,0.8016,0.1350,-0.0418,0.2767,0.4791,0.6270,high,high,0
Lumen,0.7752,0.8017,0.1350,-0.0417,0.2760,0.4792,0.6269,high,high,0
Lumen,0.7753,0.8018,0.1349,-0.0417,0.2761,0.4792,0.6257,high,high,0
Lumen,0.7754,0.8020,0.1348,-0.0416,0.2761,0.4792,0.6242,high,high,0
Lumen,0.7756,0.8021,0.1349,-0.0416,0.2761,0.4792,0.6236,high,high,0
Lumen,0.7756,0.8021,0.1349,-0.0415,0.2754,0.4793,0.6239,high,high,0
Lumen,0.7757,0.8022,0.1348,-0.0415,0.2759,0.4793,0.6223,high,high,0
Lumen,0.7758,0.8023,0.1348,-0.0414,0.2757,0.4793,0.6217,high,high,0
Lumen,0.7758,0.8023,0.1349,-0.0414,0.2752,0.4793,0.6219,high,high,0
Lumen,0.7759,0.8024,0.1348,-0.0414,0.2754,0.4793,0.6210,high,high,0
Lumen,0.7759,0.8024,0.1348,-0.0414,0.2754,0.4793,0.6209,high,high,0
Lumen,0.7759,0.8024,0.1349,-0.0413,0.2751,0.4793,0.6212,high,high,0
Lumen,0.7760,0.8024,0.1350,-0.0413,0.2756,0.4794,0.6216,high,high,0
Lumen,0.7758,0.8023,0.1350,-0.0413,0.2757,0.4794,0.6226,high,high,0
Lumen,0.7760,0.8024,0.1350,-0.0412,0.2758,0.4794,0.6215,high,high,0
Lumen,0.7762,0.8019,0.1349,-0.0413,0.2771,0.4794,0.6197,high,high,0
Lumen,0.7801,0.8019,0.1350,-0.0410,0.2827,0.4795,0.5974,high,high,0
Lumen,0.7777,0.8020,0.1350,-0.0396,0.2823,0.4802,0.6119,high,high,0
Lumen,0.7766,0.8024,0.1350,-0.0393,0.2779,0.4804,0.6179,high,high,0
Lumen,0.7763,0.8027,0.1350,-0.0394,0.2763,0.4803,0.6202,high,high,0
Lumen,0.7761,0.8028,0.1352,-0.0398,0.2761,0.4801,0.6219,high,high,0
Lumen,0.7761,0.8027,0.1353,-0.0401,0.2758,0.4800,0.6229,high,high,0
Lumen,0.7761,0.8027,0.1354,-0.0404,0.2758,0.4798,0.6235,high,high,0
Lumen,0.7760,0.8026,0.1355,-0.0406,0.2761,0.4797,0.6243,high,high,0
Lumen,0.7759,0.8024,0.1355,-0.0407,0.2760,0.4796,0.6251,high,high,0
Lumen,0.7758,0.8023,0.1355,-0.0408,0.2759,0.4796,0.6257,high,high,0
Lumen,0.7757,0.8021,0.1355,-0.0409,0.2760,0.4796,0.6262,high,high,0
Lumen,0.7756,0.8020,0.1354,-0.0409,0.2758,0.4795,0.6265,high,high,0
Lumen,0.7756,0.8019,0.1355,-0.0410,0.2759,0.4795,0.6271,high,high,0
Lumen,0.7754,0.8019,0.1353,-0.0410,0.2759,0.4795,0.6270,high,high,0
Lumen,0.7755,0.8020,0.1352,-0.0410,0.2760,0.4795,0.6260,high,high,0
Lumen,0.7755,0.8020,0.1352,-0.0411,0.2756,0.4795,0.6264,high,high,0
Lumen,0.7755,0.8021,0.1351,-0.0411,0.2758,0.4795,0.6252,high,high,0
Lumen,0.7756,0.8021,0.1350,-0.0411,0.2757,0.4794,0.6241,high,high,0
Lumen,0.7757,0.8022,0.1351,-0.0412,0.2759,0.4794,0.6239,high,high,0
Lumen,0.7756,0.8021,0.1351,-0.0412,0.2756,0.4794,0.6246,high,high,0
Lumen,0.7757,0.8022,0.1351,-0.0412,0.2756,0.4794,0.6241,high,high,0
Lumen,0.7757,0.8021,0.1352,-0.0412,0.2757,0.4794,0.6249,high,high,0
Lumen,0.7757,0.8021,0.1352,-0.0412,0.2753,0.4794,0.6248,high,high,0
Lumen,0.7756,0.8021,0.1351,-0.0412,0.2753,0.4794,0.6246,high,high,0
Lumen,0.7757,0.8022,0.1352,-0.0412,0.2757,0.4794,0.6248,high,high,0
Lumen,0.7756,0.8021,0.1354,-0.0412,0.2761,0.4794,0.6262,high,high,0
Lumen,0.7755,0.8020,0.1354,-0.0412,0.2758,0.4794,0.6267,high,high,0
Lumen,0.7755,0.8020,0.1352,-0.0411,0.2756,0.4794,0.6260,high,high,0
Lumen,0.7756,0.8021,0.1353,-0.0412,0.2758,0.4794,0.6260,high,high,0
Lumen,0.7755,0.8020,0.1355,-0.0412,0.2763,0.4794,0.6276,high,high,0
Lumen,0.7754,0.8018,0.1355,-0.0412,0.2760,0.4794,0.6284,high,high,0
Lumen,0.7754,0.8019,0.1355,-0.0411,0.2758,0.4794,0.6281,high,high,0
Lumen,0.7753,0.8018,0.1355,-0.0412,0.2760,0.4794,0.6289,high,high,0
Lumen,0.7753,0.8018,0.1356,-0.0412,0.2761,0.4794,0.6294,high,high,0
Lumen,0.7752,0.8017,0.1359,-0.0412,0.2771,0.4794,0.6317,high,high,0
Lumen,0.7750,0.8015,0.1359,-0.0411,0.2766,0.4794,0.6328,high,high,0
Lumen,0.7750,0.8015,0.1358,-0.0411,0.2761,0.4794,0.6328,high,high,0
Lumen,0.7749,0.8014,0.1360,-0.0411,0.2769,0.4794,0.6343,high,high,0
Lumen,0.7748,0.8013,0.1360,-0.0411,0.2767,0.4794,0.6354,high,high,0
Lumen,0.7747,0.8013,0.1359,-0.0411,0.2764,0.4794,0.6349,high,high,0
Lumen,0.7747,0.8013,0.1358,-0.0412,0.2763,0.4794,0.6343,high,high,0
Lumen,0.7748,0.8014,0.1359,-0.0412,0.2768,0.4794,0.6346,high,high,0
Lumen,0.7747,0.8012,0.1360,-0.0412,0.2769,0.4794,0.6359,high,high,0
Lumen,0.7747,0.8012,0.1361,-0.0412,0.2766,0.4794,0.6363,high,high,0
Lumen,0.7745,0.8011,0.1361,-0.0412,0.2769,0.4794,0.6373,high,high,0
Lumen,0.7745,0.8011,0.1362,-0.0412,0.2766,0.4794,0.6375,high,high,0
Lumen,0.7745,0.8010,0.1364,-0.0412,0.2775,0.4794,0.6394,high,high,0
Lumen,0.7743,0.8008,0.1364,-0.0412,0.2773,0.4794,0.6403,high,high,0
Lumen,0.7743,0.8009,0.1363,-0.0412,0.2768,0.4794,0.6401,high,high,0
Lumen,0.7742,0.8008,0.1366,-0.0412,0.2777,0.4794,0.6419,high,high,0
Lumen,0.7741,0.8006,0.1367,-0.0412,0.2778,0.4794,0.6436,high,high,0
Lumen,0.7740,0.8005,0.1367,-0.0412,0.2774,0.4794,0.6442,high,high,0
Lumen,0.7738,0.8005,0.1365,-0.0412,0.2774,0.4794,0.6439,high,high,0
Lumen,0.7739,0.8006,0.1365,-0.0412,0.2774,0.4794,0.6434,high,high,0
Lumen,0.7738,0.8005,0.1366,-0.0413,0.2773,0.4794,0.6441,high,high,0
Lumen,0.7739,0.8005,0.1365,-0.0413,0.2772,0.4794,0.6437,high,high,0
Lumen,0.7738,0.8005,0.1365,-0.0413,0.2771,0.4794,0.6438,high,high,0
Lumen,0.7739,0.8005,0.1366,-0.0413,0.2775,0.4794,0.6441,high,high,0
Lumen,0.7738,0.8004,0.1367,-0.0413,0.2776,0.4794,0.6451,high,high,0
Lumen,0.7738,0.8004,0.1366,-0.0413,0.2772,0.4794,0.6446,high,high,0
Lumen,0.7738,0.8004,0.1366,-0.0413,0.2771,0.4794,0.6444,high,high,0
Lumen,0.7738,0.8004,0.1368,-0.0413,0.2778,0.4793,0.6455,high,high,0
Lumen,0.7737,0.8003,0.1369,-0.0413,0.2781,0.4794,0.6471,high,high,0
Lumen,0.7737,0.8002,0.1371,-0.0413,0.2781,0.4794,0.6483,high,high,0
Lumen,0.7735,0.8000,0.1373,-0.0413,0.2788,0.4794,0.6506,high,high,0
Lumen,0.7734,0.7999,0.1374,-0.0413,0.2786,0.4794,0.6521,high,high,0
Lumen,0.7732,0.7998,0.1375,-0.0413,0.2788,0.4794,0.6538,high,high,0
Lumen,0.7730,0.7997,0.1373,-0.0412,0.2786,0.4794,0.6536,high,high,0
Lumen,0.7730,0.7997,0.1373,-0.0413,0.2783,0.4794,0.6534,high,high,0
Lumen,0.7729,0.7996,0.1373,-0.0413,0.2783,0.4794,0.6537,high,high,0
Lumen,0.7730,0.7997,0.1372,-0.0413,0.2784,0.4793,0.6529,high,high,0
Lumen,0.7729,0.7997,0.1371,-0.0414,0.2780,0.4793,0.6525,high,high,0
Lumen,0.7730,0.7998,0.1368,-0.0414,0.2784,0.4793,0.6505,high,high,0
Lumen,0.7732,0.8000,0.1369,-0.0414,0.2784,0.4793,0.6500,high,high,0
Lumen,0.7731,0.7999,0.1367,-0.0414,0.2778,0.4793,0.6492,high,high,0
Lumen,0.7734,0.8002,0.1366,-0.0415,0.2789,0.4793,0.6466,high,high,0
Lumen,0.7735,0.8002,0.1368,-0.0415,0.2780,0.4793,0.6475,high,high,0
Lumen,0.7735,0.8002,0.1369,-0.0415,0.2777,0.4793,0.6480,high,high,0
Lumen,0.7735,0.8001,0.1369,-0.0415,0.2777,0.4793,0.6484,high,high,0
Lumen,0.7734,0.8001,0.1370,-0.0414,0.2778,0.4793,0.6490,high,high,0
Lumen,0.7733,0.8000,0.1369,-0.0414,0.2779,0.4793,0.6489,high,high,0
Lumen,0.7734,0.8001,0.1368,-0.0414,0.2779,0.4793,0.6479,high,high,0
Lumen,0.7734,0.8001,0.1369,-0.0414,0.2777,0.4793,0.6484,high,high,0
Lumen,0.7734,0.8001,0.1370,-0.0414,0.2777,0.4793,0.6490,high,high,0
Lumen,0.7734,0.8001,0.1370,-0.0414,0.2778,0.4793,0.6495,high,high,0
Lumen,0.7733,0.8000,0.1369,-0.0414,0.2778,0.4793,0.6491,high,high,0
Lumen,0.7733,0.8001,0.1365,-0.0414,0.2779,0.4793,0.6466,high,high,0
Lumen,0.7735,0.8004,0.1361,-0.0414,0.2785,0.4793,0.6429,high,high,0
Lumen,0.7738,0.8007,0.1359,-0.0415,0.2780,0.4793,0.6402,high,high,0
Lumen,0.7741,0.8009,0.1359,-0.0415,0.2776,0.4792,0.6385,high,high,0
Lumen,0.7742,0.8010,0.1360,-0.0415,0.2771,0.4792,0.6385,high,high,0
Lumen,0.7743,0.8010,0.1361,-0.0415,0.2768,0.4792,0.6384,high,high,0
Lumen,0.7743,0.8010,0.1361,-0.0415,0.2767,0.4793,0.6384,high,high,0
Lumen,0.7743,0.8010,0.1360,-0.0415,0.2767,0.4793,0.6376,high,high,0
Lumen,0.7744,0.8012,0.1357,-0.0414,0.2772,0.4793,0.6356,high,high,0
Lumen,0.7746,0.8013,0.1358,-0.0414,0.2771,0.4793,0.6351,high,high,0
Lumen,0.7746,0.8012,0.1360,-0.0414,0.2768,0.4793,0.6362,high,high,0
Lumen,0.7745,0.8012,0.1359,-0.0414,0.2766,0.4793,0.6359,high,high,0
Lumen,0.7747,0.8014,0.1358,-0.0414,0.2769,0.4793,0.6347,high,high,0
Lumen,0.7747,0.8013,0.1360,-0.0414,0.2767,0.4793,0.6356,high,high,0
Lumen,0.7747,0.8013,0.1361,-0.0413,0.2767,0.4793,0.6364,high,high,0
Lumen,0.7746,0.8012,0.1359,-0.0413,0.2767,0.4794,0.6360,high,high,0
Lumen,0.7747,0.8014,0.1358,-0.0413,0.2769,0.4794,0.6346,high,high,0
Lumen,0.7747,0.8014,0.1359,-0.0413,0.2763,0.4794,0.6349,high,high,0
Lumen,0.7747,0.8014,0.1358,-0.0413,0.2762,0.4794,0.6342,high,high,0
Lumen,0.7748,0.8015,0.1355,-0.0413,0.2767,0.4794,0.6322,high,high,0
Lumen,0.7750,0.8017,0.1356,-0.0413,0.2766,0.4793,0.6313,high,high,0
Lumen,0.7750,0.8017,0.1357,-0.0413,0.2763,0.4793,0.6319,high,high,0
Lumen,0.7750,0.8016,0.1356,-0.0413,0.2760,0.4793,0.6317,high,high,0
Lumen,0.7751,0.8017,0.1355,-0.0413,0.2764,0.4794,0.6303,high,high,0
Lumen,0.7752,0.8018,0.1356,-0.0413,0.2763,0.4794,0.6301,high,high,0
Lumen,0.7751,0.8018,0.1356,-0.0413,0.2759,0.4794,0.6304,high,high,0
Lumen,0.7752,0.8018,0.1356,-0.0413,0.2762,0.4794,0.6299,high,high,0
Lumen,0.7751,0.8018,0.1355,-0.0413,0.2760,0.4794,0.6300,high,high,0
Lumen,0.7753,0.8019,0.1354,-0.0413,0.2765,0.4794,0.6281,high,high,0
Lumen,0.7753,0.8020,0.1353,-0.0413,0.2757,0.4794,0.6274,high,high,0
Lumen,0.7754,0.8021,0.1351,-0.0413,0.2760,0.4794,0.6255,high,high,0
Lumen,0.7756,0.8024,0.1348,-0.0413,0.2764,0.4794,0.6227,high,high,0
Lumen,0.7759,0.8026,0.1348,-0.0413,0.2759,0.4794,0.6208,high,high,0
Lumen,0.7760,0.8027,0.1348,-0.0413,0.2755,0.4794,0.6199,high,high,0
Lumen,0.7761,0.8027,0.1347,-0.0413,0.2750,0.4794,0.6190,high,high,0
Lumen,0.7763,0.8029,0.1345,-0.0413,0.2757,0.4794,0.6165,high,high,0
Lumen,0.7765,0.8032,0.1344,-0.0413,0.2754,0.4794,0.6147,high,high,0
Lumen,0.7767,0.8032,0.1346,-0.0413,0.2751,0.4794,0.6147,high,high,0
Lumen,0.7767,0.8032,0.1347,-0.0412,0.2748,0.4794,0.6153,high,high,0
Lumen,0.7767,0.8031,0.1347,-0.0412,0.2747,0.4794,0.6156,high,high,0
Lumen,0.7766,0.8031,0.1347,-0.0411,0.2747,0.4794,0.6159,high,high,0
Lumen,0.7766,0.8031,0.1347,-0.0411,0.2746,0.4795,0.6158,high,high,0
Lumen,0.7766,0.8031,0.1347,-0.0411,0.2745,0.4795,0.6158,high,high,0
Lumen,0.7766,0.8032,0.1346,-0.0411,0.2746,0.4795,0.6151,high,high,0
Lumen,0.7768,0.8033,0.1345,-0.0411,0.2751,0.4795,0.6137,high,high,0
Lumen,0.7768,0.8033,0.1346,-0.0411,0.2746,0.4795,0.6142,high,high,0
Lumen,0.7773,0.8028,0.1306,-0.0412,0.2953,0.4794,0.5865,high,high,0
Lumen,0.7836,0.7973,0.0944,-0.0408,0.3711,0.4796,0.3024,high,low,1
Lumen,0.7825,0.7970,0.0766,-0.0369,0.3141,0.4816,0.1703,high,low,1
Lumen,0.7828,0.7990,0.0673,-0.0339,0.2920,0.4830,0.0964,high,low,1
Lumen,0.7843,0.8018,0.0780,-0.0321,0.2961,0.4839,0.1755,high,low,1
Lumen,0.7850,0.8032,0.0906,-0.0311,0.2950,0.4844,0.2684,high,low,1
Lumen,0.7850,0.8032,0.1031,-0.0305,0.2925,0.4848,0.3603,high,low,1
Lumen,0.7859,0.8075,0.1269,-0.0300,0.3398,0.4850,0.5108,high,high,0
Lumen,0.7837,0.8078,0.1363,-0.0307,0.2981,0.4847,0.5770,high,high,0
Lumen,0.7818,0.8069,0.1372,-0.0320,0.2825,0.4840,0.5951,high,high,0
Lumen,0.7806,0.8054,0.1387,-0.0334,0.2863,0.4833,0.6126,high,high,0
Lumen,0.7791,0.8039,0.1393,-0.0344,0.2843,0.4828,0.6267,high,high,0
Lumen,0.7774,0.8024,0.1383,-0.0352,0.2845,0.4824,0.6328,high,high,0
Lumen,0.7765,0.8010,0.1336,-0.0359,0.2911,0.4821,0.6105,high,high,0
Lumen,0.7764,0.8000,0.1380,-0.0363,0.2932,0.4819,0.6378,high,high,0
Lumen,0.7752,0.7987,0.1421,-0.0364,0.2937,0.4818,0.6680,high,high,0
Lumen,0.7737,0.7974,0.1428,-0.0364,0.2879,0.4818,0.6813,high,high,0
Lumen,0.7721,0.7957,0.1443,-0.0364,0.2907,0.4818,0.6979,high,high,0
Lumen,0.7705,0.7945,0.1445,-0.0364,0.2877,0.4818,0.7073,high,high,0
Lumen,0.7691,0.7936,0.1427,-0.0366,0.2899,0.4817,0.7039,high,high,0
Lumen,0.7682,0.7932,0.1416,-0.0368,0.2867,0.4816,0.7016,high,high,0
Lumen,0.7676,0.7931,0.1407,-0.0372,0.2850,0.4814,0.6991,high,high,0
Lumen,0.7675,0.7932,0.1400,-0.0376,0.2837,0.4812,0.6957,high,high,0
Lumen,0.7674,0.7932,0.1397,-0.0381,0.2825,0.4810,0.6938,high,high,0
Lumen,0.7673,0.7932,0.1378,-0.0385,0.2850,0.4808,0.6818,high,high,0
Lumen,0.7675,0.7934,0.1369,-0.0388,0.2832,0.4806,0.6751,high,high,0
Lumen,0.7676,0.7935,0.1349,-0.0390,0.2842,0.4805,0.6610,high,high,0
Lumen,0.7679,0.7938,0.1339,-0.0393,0.2827,0.4804,0.6532,high,high,0
Lumen,0.7686,0.7941,0.1335,-0.0394,0.2819,0.4803,0.6477,high,high,0
Lumen,0.7691,0.7944,0.1334,-0.0394,0.2803,0.4803,0.6447,high,high,0
Lumen,0.7694,0.7947,0.1333,-0.0394,0.2796,0.4803,0.6430,high,high,0
Lumen,0.7697,0.7949,0.1332,-0.0393,0.2792,0.4804,0.6415,high,high,0
Lumen,0.7699,0.7951,0.1330,-0.0392,0.2791,0.4804,0.6393,high,high,0
Lumen,0.7702,0.7955,0.1329,-0.0392,0.2792,0.4804,0.6372,high,high,0
Lumen,0.7704,0.7956,0.1330,-0.0392,0.2784,0.4804,0.6367,high,high,0
Lumen,0.7706,0.7958,0.1330,-0.0391,0.2782,0.4804,0.6364,high,high,0
Lumen,0.7707,0.7959,0.1330,-0.0391,0.2779,0.4805,0.6362,high,high,0
Lumen,0.7708,0.7960,0.1331,-0.0391,0.2779,0.4805,0.6360,high,high,0
Lumen,0.7709,0.7960,0.1332,-0.0391,0.2779,0.4805,0.6364,high,high,0
Lumen,0.7708,0.7960,0.1332,-0.0390,0.2775,0.4805,0.6363,high,high,0
Lumen,0.7708,0.7961,0.1327,-0.0390,0.2779,0.4805,0.6335,high,high,0
Lumen,0.7712,0.7966,0.1321,-0.0390,0.2791,0.4805,0.6281,high,high,0
Lumen,0.7717,0.7971,0.1318,-0.0391,0.2789,0.4805,0.6237,high,high,0
Lumen,0.7720,0.7973,0.1318,-0.0391,0.2772,0.4804,0.6224,high,high,0
Lumen,0.7722,0.7975,0.1317,-0.0391,0.2766,0.4804,0.6207,high,high,0
Lumen,0.7726,0.7978,0.1316,-0.0391,0.2772,0.4805,0.6184,high,high,0
Lumen,0.7762,0.7980,0.1454,-0.0391,0.3306,0.4805,0.6791,high,high,0
Lumen,0.7767,0.7967,0.1566,-0.0380,0.3269,0.4810,0.7184,high,high,0
Lumen,0.7723,0.7947,0.1495,-0.0366,0.3116,0.4817,0.7225,high,high,0
Lumen,0.7698,0.7939,0.1448,-0.0362,0.2975,0.4819,0.7131,high,high,0
Lumen,0.7685,0.7937,0.1427,-0.0364,0.2884,0.4818,0.7079,high,high,0
Lumen,0.7678,0.7936,0.1418,-0.0369,0.2851,0.4815,0.7057,high,high,0
Lumen,0.7674,0.7935,0.1414,-0.0375,0.2838,0.4813,0.7047,high,high,0
Lumen,0.7672,0.7933,0.1412,-0.0381,0.2832,0.4810,0.7044,high,high,0
Lumen,0.7670,0.7931,0.1410,-0.0385,0.2831,0.4808,0.7041,high,high,0
Lumen,0.7669,0.7929,0.1409,-0.0389,0.2827,0.4806,0.7037,high,high,0
Lumen,0.7667,0.7927,0.1392,-0.0392,0.2856,0.4804,0.6932,high,high,0
Lumen,0.7667,0.7927,0.1384,-0.0394,0.2828,0.4803,0.6880,high,high,0
Lumen,0.7705,0.7926,0.1518,-0.0395,0.3469,0.4803,0.7413,high,high,0
Lumen,0.7693,0.7918,0.1625,-0.0385,0.3624,0.4808,0.7822,high,high,0
Lumen,0.7615,0.7893,0.1542,-0.0378,0.3263,0.4811,0.8005,high,high,0
Lumen,0.7584,0.7883,0.1486,-0.0389,0.3089,0.4806,0.7808,high,high,0
Lumen,0.7578,0.7897,0.1459,-0.0405,0.2993,0.4798,0.7704,high,high,0
Lumen,0.7587,0.7906,0.1446,-0.0424,0.2963,0.4788,0.7611,high,high,0
Lumen,0.7600,0.7910,0.1439,-0.0440,0.2937,0.4780,0.7522,high,high,0
Lumen,0.7612,0.7912,0.1397,-0.0450,0.2980,0.4775,0.7184,high,high,0
Lumen,0.7620,0.7913,0.1414,-0.0455,0.2908,0.4773,0.7269,high,high,0
Lumen,0.7631,0.7915,0.1423,-0.0458,0.2897,0.4771,0.7282,high,high,0
Lumen,0.7639,0.7916,0.1410,-0.0457,0.2885,0.4771,0.7164,high,high,0
Lumen,0.7642,0.7911,0.1407,-0.0458,0.2862,0.4771,0.7117,high,high,0
Lumen,0.7691,0.7918,0.1384,-0.0453,0.2985,0.4773,0.6742,high,high,0
Lumen,0.7674,0.7926,0.1374,-0.0437,0.2916,0.4782,0.6773,high,high,0
Lumen,0.7670,0.7936,0.1368,-0.0430,0.2858,0.4785,0.6772,high,high,0
Lumen,0.7673,0.7945,0.1365,-0.0430,0.2834,0.4785,0.6750,high,high,0
Lumen,0.7678,0.7953,0.1363,-0.0431,0.2834,0.4785,0.6717,high,high,0
Lumen,0.7684,0.7959,0.1360,-0.0433,0.2828,0.4784,0.6675,high,high,0
Lumen,0.7691,0.7965,0.1357,-0.0435,0.2826,0.4783,0.6626,high,high,0
Lumen,0.7697,0.7970,0.1355,-0.0436,0.2815,0.4782,0.6586,high,high,0
Lumen,0.7702,0.7973,0.1354,-0.0437,0.2803,0.4782,0.6557,high,high,0
Lumen,0.7706,0.7975,0.1354,-0.0436,0.2798,0.4782,0.6536,high,high,0
Lumen,0.7713,0.7978,0.1356,-0.0436,0.2808,0.4782,0.6513,high,high,0
Lumen,0.7717,0.7980,0.1358,-0.0434,0.2800,0.4783,0.6505,high,high,0
Lumen,0.7718,0.7982,0.1358,-0.0431,0.2792,0.4784,0.6497,high,high,0
Lumen,0.7722,0.7986,0.1357,-0.0430,0.2796,0.4785,0.6475,high,high,0
Lumen,0.7724,0.7989,0.1357,-0.0429,0.2788,0.4786,0.6462,high,high,0
Lumen,0.7727,0.7991,0.1359,-0.0428,0.2794,0.4786,0.6463,high,high,0
Lumen,0.7729,0.7990,0.1370,-0.0427,0.2817,0.4787,0.6519,high,high,0
Lumen,0.7727,0.7985,0.1385,-0.0425,0.2850,0.4788,0.6625,high,high,0
Lumen,0.7720,0.7977,0.1394,-0.0423,0.2857,0.4789,0.6718,high,high,0
Lumen,0.7715,0.7971,0.1407,-0.0420,0.2873,0.4790,0.6820,high,high,0
Lumen,0.7703,0.7962,0.1404,-0.0418,0.2860,0.4791,0.6866,high,high,0
Lumen,0.7699,0.7962,0.1397,-0.0417,0.2834,0.4791,0.6840,high,high,0
Lumen,0.7698,0.7962,0.1398,-0.0418,0.2819,0.4791,0.6853,high,high,0
Lumen,0.7695,0.7960,0.1394,-0.0419,0.2825,0.4791,0.6843,high,high,0
Lumen,0.7694,0.7963,0.1385,-0.0420,0.2825,0.4790,0.6789,high,high,0
Lumen,0.7698,0.7967,0.1377,-0.0421,0.2829,0.4789,0.6727,high,high,0
Lumen,0.7703,0.7971,0.1377,-0.0423,0.2820,0.4789,0.6699,high,high,0
Lumen,0.7705,0.7972,0.1378,-0.0424,0.2806,0.4788,0.6694,high,high,0
Lumen,0.7708,0.7973,0.1382,-0.0424,0.2817,0.4788,0.6704,high,high,0
Lumen,0.7708,0.7971,0.1390,-0.0424,0.2829,0.4788,0.6752,high,high,0
Lumen,0.7705,0.7966,0.1395,-0.0423,0.2838,0.4789,0.6800,high,high,0
Lumen,0.7701,0.7963,0.1394,-0.0422,0.2828,0.4789,0.6812,high,high,0
Lumen,0.7699,0.7963,0.1390,-0.0421,0.2817,0.4790,0.6801,high,high,0
Lumen,0.7700,0.7964,0.1393,-0.0421,0.2820,0.4790,0.6817,high,high,0
Lumen,0.7698,0.7962,0.1397,-0.0421,0.2830,0.4790,0.6851,high,high,0
Lumen,0.7696,0.7960,0.1807,-0.0420,0.3745,0.4790,0.7662,high,high,0
Lumen,0.7662,0.7917,0.2006,-0.0420,0.3534,0.4790,0.6653,high,high,0
Lumen,0.7615,0.7868,0.2092,-0.0417,0.3546,0.4791,0.6092,high,high,0
Lumen,0.7542,0.7824,0.2130,-0.0415,0.3713,0.4793,0.5843,high,high,0
Lumen,0.7470,0.7788,0.2143,-0.0422,0.3829,0.4789,0.5688,high,high,0
Lumen,0.7410,0.7762,0.2160,-0.0439,0.3982,0.4781,0.5450,high,high,0
Lumen,0.7361,0.7740,0.2163,-0.0464,0.4061,0.4768,0.5296,high,high,0
Lumen,0.7324,0.7723,0.2162,-0.0493,0.4158,0.4754,0.5174,high,high,0
Lumen,0.7295,0.7705,0.2161,-0.0523,0.4252,0.4739,0.5047,high,high,0
Lumen,0.7271,0.7688,0.2159,-0.0551,0.4339,0.4725,0.4923,high,high,0
Lumen,0.7250,0.7626,0.2370,-0.0577,0.5327,0.4712,0.3149,boundary,low,1
Lumen,0.7196,0.7554,0.2479,-0.0585,0.5534,0.4708,0.1972,boundary,low,1
Lumen,0.7134,0.7492,0.2527,-0.0586,0.5661,0.4707,0.1238,boundary,low,1
Lumen,0.7075,0.7441,0.2549,-0.0587,0.5791,0.4707,0.0710,boundary,low,1
Lumen,0.7024,0.7395,0.2652,-0.0589,0.6233,0.4706,0.0000,boundary,low,1
Lumen,0.6975,0.7352,0.2697,-0.0593,0.6323,0.4704,0.0000,boundary,low,1
Lumen,0.6932,0.7317,0.2717,-0.0598,0.6409,0.4701,0.0000,boundary,low,1
Lumen,0.6896,0.7290,0.2727,-0.0604,0.6489,0.4698,0.0000,boundary,low,1
Lumen,0.6866,0.7267,0.2746,-0.0612,0.6604,0.4694,0.0000,boundary,low,1
Lumen,0.6843,0.7249,0.2755,-0.0621,0.6651,0.4690,0.0000,boundary,low,1
Lumen,0.6824,0.7234,0.2743,-0.0629,0.6692,0.4686,0.0000,boundary,low,1
Lumen,0.6809,0.7222,0.2737,-0.0637,0.6697,0.4682,0.0000,boundary,low,1
Lumen,0.6857,0.7215,0.2962,-0.0645,0.8668,0.4678,0.0000,low,low,0
Lumen,0.6840,0.7181,0.3128,-0.0634,0.8758,0.4683,0.0000,low,low,0
Lumen,0.6740,0.7141,0.2980,-0.0621,0.7777,0.4690,0.0000,low,low,0
Lumen,0.6677,0.7121,0.2886,-0.0629,0.7535,0.4686,0.0000,low,low,0
Lumen,0.6641,0.7116,0.2841,-0.0649,0.7389,0.4676,0.0000,low,low,0
Lumen,0.7620,0.7915,0.1533,-0.0528,0.2640,0.4736,0.8008,high,high,0
Lumen,0.7642,0.7903,0.1461,-0.0516,0.2761,0.4742,0.7443,high,high,0
Lumen,0.7421,0.8007,0.2648,-0.0324,0.1500,0.4749,0.1823,boundary,low,1
Lumen,0.7390,0.8159,0.2712,-0.0524,0.0000,0.4754,0.1168,boundary,low,1
Lumen,0.7003,0.8369,0.2980,-0.0861,0.0000,0.4752,0.0000,boundary,low,1
Lumen,0.6805,0.8483,0.3067,-0.1147,0.1500,0.4741,0.0000,boundary,low,1
Lumen,0.6765,0.8554,0.3168,-0.1340,0.1500,0.4729,0.0000,boundary,low,1
Lumen,0.6774,0.8590,0.3219,-0.1459,0.1500,0.4719,0.0000,boundary,low,1
Lumen,0.6792,0.8602,0.3176,-0.1529,0.1507,0.4713,0.0000,boundary,low,1
Lumen,0.6814,0.8607,0.3148,-0.1568,0.1516,0.4709,0.0000,boundary,low,1
Lumen,0.6836,0.8611,0.3076,-0.1589,0.1521,0.4709,0.0000,boundary,low,1
Lumen,0.6858,0.8613,0.3015,-0.1606,0.1525,0.4709,0.0000,boundary,low,1
Lumen,0.6882,0.8615,0.2913,-0.1618,0.1528,0.4711,0.0000,boundary,low,1
Lumen,0.6909,0.8619,0.2773,-0.1628,0.1530,0.4713,0.0000,boundary,low,1
Lumen,0.6933,0.8622,0.2658,-0.1634,0.0031,0.4715,0.0000,boundary,low,1
Lumen,0.6959,0.8626,0.2554,-0.1637,0.0032,0.4718,0.0018,boundary,low,1
Lumen,0.6983,0.8630,0.2465,-0.1638,0.0033,0.4720,0.0624,boundary,low,1
Lumen,0.7005,0.8634,0.2439,-0.1637,0.0032,0.4722,0.0843,boundary,low,1
Lumen,0.7028,0.8639,0.2364,-0.1635,0.0032,0.4725,0.1330,boundary,low,1
Lumen,0.7049,0.8644,0.2300,-0.1631,0.0031,0.4727,0.1731,boundary,low,1
Lumen,0.7069,0.8648,0.2245,-0.1625,0.0030,0.4729,0.2061,boundary,low,1
Lumen,0.7087,0.8651,0.2203,-0.1619,0.0028,0.4731,0.2310,boundary,low,1
Lumen,0.7108,0.8654,0.2168,-0.1612,0.0026,0.4733,0.2531,boundary,low,1
Lumen,0.7133,0.8656,0.2139,-0.1603,0.0024,0.4736,0.2729,boundary,low,1
Lumen,0.7161,0.8660,0.2109,-0.1593,0.0000,0.4739,0.2924,boundary,low,1
Lumen,0.7193,0.8664,0.2082,-0.1580,0.0000,0.4743,0.3100,boundary,low,1
Lumen,0.7227,0.8673,0.1992,-0.1567,0.0000,0.4746,0.3462,boundary,low,1
Lumen,0.7250,0.8676,0.1939,-0.1553,0.0000,0.4750,0.3667,boundary,low,1
Lumen,0.7271,0.8679,0.1892,-0.1538,0.0000,0.4753,0.3817,boundary,low,1
Lumen,0.7289,0.8681,0.1853,-0.1524,0.0000,0.4756,0.3923,boundary,low,1
Lumen,0.7305,0.8684,0.1819,-0.1509,0.0000,0.4757,0.3996,boundary,low,1
Lumen,0.7329,0.8694,0.1763,-0.1495,0.0000,0.4757,0.4028,high,boundary,1
Lumen,0.7455,0.8699,0.1729,-0.1470,0.0000,0.4765,0.4106,high,boundary,1
Lumen,0.7450,0.8698,0.1721,-0.1447,0.0000,0.4774,0.4114,high,boundary,1
Lumen,0.7446,0.8698,0.1713,-0.1428,0.1500,0.4777,0.4121,high,boundary,1
Lumen,0.7443,0.8698,0.1704,-0.1411,0.1500,0.4779,0.4121,high,boundary,1
Lumen,0.7442,0.8699,0.1694,-0.1395,0.1500,0.4779,0.4117,high,boundary,1
Lumen,0.7439,0.8699,0.1689,-0.1382,0.1500,0.4778,0.4118,high,boundary,1
Lumen,0.7436,0.8698,0.1689,-0.1370,0.1499,0.4777,0.4124,high,boundary,1
Lumen,0.7432,0.8696,0.1694,-0.1359,0.1496,0.4777,0.4141,high,boundary,1
Lumen,0.7431,0.8695,0.1690,-0.1350,0.0000,0.4776,0.4145,high,boundary,1
Lumen,0.7431,0.8696,0.1683,-0.1341,0.1499,0.4775,0.4144,high,boundary,1
Lumen,0.7432,0.8696,0.1676,-0.1333,0.0000,0.4775,0.4143,high,boundary,1
Lumen,0.7432,0.8696,0.1671,-0.1326,0.0000,0.4775,0.4146,high,boundary,1
Lumen,0.7441,0.8703,0.1638,-0.1320,0.1499,0.4775,0.4077,high,boundary,1
Lumen,0.7613,0.8705,0.1625,-0.1297,0.0000,0.4783,0.3901,high,low,1
Lumen,0.7591,0.8704,0.1630,-0.1279,0.0000,0.4793,0.3953,high,low,1
Lumen,0.7572,0.8703,0.1633,-0.1264,0.1500,0.4796,0.3991,high,low,1
Lumen,0.7555,0.8703,0.1635,-0.1252,0.1500,0.4796,0.4018,high,boundary,1
Lumen,0.7541,0.8703,0.1635,-0.1243,0.1500,0.4794,0.4031,high,boundary,1
Lumen,0.7528,0.8703,0.1638,-0.1236,0.1500,0.4791,0.4047,high,boundary,1
Lumen,0.7516,0.8702,0.1641,-0.1231,0.1500,0.4788,0.4061,high,boundary,1
Lumen,0.7506,0.8701,0.1645,-0.1228,0.0000,0.4786,0.4077,high,boundary,1
Lumen,0.7495,0.8699,0.1653,-0.1225,0.0000,0.4784,0.4104,high,boundary,1
Lumen,0.7488,0.8698,0.1655,-0.1224,0.0000,0.4783,0.4119,high,boundary,1
Lumen,0.7479,0.8695,0.1662,-0.1223,0.0000,0.4782,0.4146,high,boundary,1
Lumen,0.7474,0.8694,0.1661,-0.1223,0.0000,0.4781,0.4157,high,boundary,1
Lumen,0.7468,0.8692,0.1665,-0.1223,0.0000,0.4780,0.4179,high,boundary,1
Lumen,0.7473,0.8699,0.1635,-0.1223,0.0000,0.4780,0.4111,high,boundary,1
Lumen,0.7539,0.8700,0.1626,-0.1217,0.0000,0.4783,0.4049,high,boundary,1
Lumen,0.7526,0.8699,0.1632,-0.1212,0.0000,0.4786,0.4077,high,boundary,1
Lumen,0.7515,0.8698,0.1635,-0.1210,0.1497,0.4787,0.4097,high,boundary,1
Lumen,0.7505,0.8697,0.1637,-0.1208,0.1500,0.4787,0.4109,high,boundary,1
Lumen,0.7497,0.8697,0.1638,-0.1207,0.1500,0.4786,0.4117,high,boundary,1
Lumen,0.7490,0.8697,0.1639,-0.1207,0.1500,0.4784,0.4121,high,boundary,1
Lumen,0.7484,0.8697,0.1638,-0.1208,0.1500,0.4783,0.4120,high,boundary,1
Lumen,0.7479,0.8697,0.1636,-0.1209,0.1499,0.4782,0.4118,high,boundary,1
Lumen,0.7474,0.8698,0.1634,-0.1210,0.1495,0.4781,0.4116,high,boundary,1
Lumen,0.7470,0.8698,0.1634,-0.1212,0.1497,0.4780,0.4117,high,boundary,1
Lumen,0.7467,0.8698,0.1631,-0.1214,0.0000,0.4779,0.4112,high,boundary,1
Lumen,0.7464,0.8697,0.1633,-0.1216,0.1497,0.4779,0.4120,high,boundary,1
Lumen,0.7460,0.8697,0.1633,-0.1218,0.0000,0.4779,0.4125,high,boundary,1
Lumen,0.7457,0.8696,0.1635,-0.1220,0.0000,0.4779,0.4131,high,boundary,1
Lumen,0.7455,0.8696,0.1636,-0.1222,0.0000,0.4778,0.4137,high,boundary,1
Lumen,0.7460,0.8702,0.1613,-0.1224,0.0000,0.4778,0.4070,high,boundary,1
Lumen,0.7456,0.8700,0.1620,-0.1226,0.0000,0.4778,0.4087,high,boundary,1
Lumen,0.7452,0.8699,0.1629,-0.1228,0.0000,0.4778,0.4108,high,boundary,1
Lumen,0.7449,0.8697,0.1636,-0.1230,0.0000,0.4778,0.4127,high,boundary,1
Lumen,0.7446,0.8696,0.1641,-0.1232,0.0000,0.4778,0.4140,high,boundary,1
Lumen,0.7444,0.8695,0.1643,-0.1234,0.0000,0.4778,0.4145,high,boundary,1
Lumen,0.7443,0.8695,0.1641,-0.1236,0.1496,0.4778,0.4143,high,boundary,1
Lumen,0.7443,0.8696,0.1639,-0.1237,0.0000,0.4778,0.4138,high,boundary,1
Lumen,0.7442,0.8695,0.1640,-0.1239,0.0000,0.4778,0.4142,high,boundary,1
Lumen,0.7441,0.8695,0.1640,-0.1241,0.1490,0.4778,0.4142,high,boundary,1
Lumen,0.7442,0.8696,0.1634,-0.1242,0.1496,0.4778,0.4129,high,boundary,1
Lumen,0.7440,0.8696,0.1637,-0.1243,0.0000,0.4777,0.4135,high,boundary,1
Lumen,0.7441,0.8696,0.1634,-0.1245,0.0000,0.4777,0.4128,high,boundary,1
Lumen,0.7440,0.8696,0.1635,-0.1246,0.0000,0.4778,0.4130,high,boundary,1
Lumen,0.7439,0.8696,0.1637,-0.1247,0.1498,0.4778,0.4136,high,boundary,1
Lumen,0.7439,0.8696,0.1634,-0.1248,0.0000,0.4778,0.4128,high,boundary,1
Lumen,0.7440,0.8697,0.1630,-0.1249,0.0000,0.4778,0.4118,high,boundary,1
Lumen,0.7441,0.8699,0.1625,-0.1250,0.0000,0.4778,0.4106,high,boundary,1
Lumen,0.7441,0.8699,0.1626,-0.1250,0.0000,0.4778,0.4106,high,boundary,1
Lumen,0.7441,0.8699,0.1626,-0.1251,0.1498,0.4778,0.4105,high,boundary,1
Lumen,0.7443,0.8701,0.1618,-0.1252,0.1496,0.4778,0.4081,high,boundary,1
Lumen,0.7444,0.8702,0.1615,-0.1252,0.0000,0.4778,0.4073,high,boundary,1
Lumen,0.7446,0.8704,0.1608,-0.1253,0.0000,0.4778,0.4050,high,boundary,1
Lumen,0.7445,0.8704,0.1610,-0.1254,0.0000,0.4778,0.4054,high,boundary,1
Lumen,0.7445,0.8704,0.1609,-0.1254,0.0000,0.4778,0.4047,high,boundary,1
Lumen,0.7447,0.8706,0.1603,-0.1255,0.0000,0.4778,0.4027,high,boundary,1
Lumen,0.7449,0.8708,0.1598,-0.1255,0.0000,0.4778,0.4009,high,boundary,1
Lumen,0.7449,0.8708,0.1598,-0.1255,0.0000,0.4778,0.4006,high,boundary,1
Lumen,0.7449,0.8708,0.1598,-0.1256,0.1498,0.4778,0.4003,high,boundary,1
Lumen,0.7450,0.8710,0.1593,-0.1256,0.0000,0.4778,0.3984,high,low,1
Lumen,0.7451,0.8711,0.1592,-0.1257,0.0000,0.4778,0.3977,high,low,1
Lumen,0.7452,0.8712,0.1587,-0.1257,0.0000,0.4778,0.3960,high,low,1
Lumen,0.7452,0.8713,0.1587,-0.1257,0.0000,0.4778,0.3957,high,low,1
Lumen,0.7454,0.8714,0.1584,-0.1258,0.1420,0.4778,0.3942,high,low,1
Lumen,0.7460,0.8720,0.1564,-0.1258,0.0000,0.4778,0.3871,high,low,1
Lumen,0.7459,0.8719,0.1569,-0.1258,0.0000,0.4778,0.3878,high,low,1
Lumen,0.7458,0.8719,0.1571,-0.1258,0.0000,0.4779,0.3883,high,low,1
Lumen,0.7458,0.8719,0.1575,-0.1259,0.0000,0.4779,0.3889,high,low,1
Lumen,0.7457,0.8719,0.1577,-0.1259,0.0000,0.4779,0.3893,high,low,1
Lumen,0.7456,0.8719,0.1579,-0.1259,0.0000,0.4779,0.3898,high,low,1
Lumen,0.7458,0.8720,0.1575,-0.1259,0.0000,0.4779,0.3884,high,low,1
Lumen,0.7457,0.8720,0.1576,-0.1260,0.0000,0.4779,0.3883,high,low,1
Lumen,0.7458,0.8721,0.1573,-0.1260,0.0000,0.4779,0.3873,high,low,1
Lumen,0.7457,0.8720,0.1577,-0.1260,0.0000,0.4780,0.3881,high,low,1
Lumen,0.7457,0.8720,0.1580,-0.1261,0.0000,0.4780,0.3889,high,low,1
Lumen,0.7456,0.8719,0.1583,-0.1261,0.0000,0.4780,0.3898,high,low,1
Lumen,0.7455,0.8718,0.1586,-0.1261,0.0000,0.4780,0.3906,high,low,1
Lumen,0.7456,0.8719,0.1582,-0.1261,0.0000,0.4780,0.3893,high,low,1
Lumen,0.7457,0.8720,0.1579,-0.1262,0.0000,0.4780,0.3886,high,low,1
Lumen,0.7456,0.8719,0.1582,-0.1262,0.0000,0.4780,0.3894,high,low,1
Lumen,0.7457,0.8720,0.1579,-0.1262,0.0000,0.4780,0.3882,high,low,1
Lumen,0.7458,0.8721,0.1577,-0.1262,0.0000,0.4780,0.3874,high,low,1
Lumen,0.7458,0.8721,0.1576,-0.1262,0.0000,0.4780,0.3871,high,low,1
Lumen,0.7457,0.8720,0.1580,-0.1262,0.0000,0.4780,0.3884,high,low,1
Lumen,0.7457,0.8721,0.1579,-0.1263,0.0000,0.4780,0.3879,high,low,1
Lumen,0.7458,0.8722,0.1576,-0.1263,0.0000,0.4780,0.3869,high,low,1
Lumen,0.7457,0.8721,0.1579,-0.1263,0.0000,0.4780,0.3878,high,low,1
Lumen,0.7458,0.8722,0.1576,-0.1263,0.0000,0.4780,0.3869,high,low,1
Lumen,0.7457,0.8721,0.1581,-0.1263,0.0000,0.4780,0.3882,high,low,1
Lumen,0.7458,0.8721,0.1577,-0.1263,0.0000,0.4780,0.3871,high,low,1
Lumen,0.7457,0.8721,0.1579,-0.1263,0.0000,0.4780,0.3875,high,low,1
Lumen,0.7458,0.8722,0.1577,-0.1263,0.0000,0.4780,0.3871,high,low,1
Lumen,0.7458,0.8722,0.1576,-0.1263,0.0000,0.4780,0.3865,high,low,1
Lumen,0.7459,0.8723,0.1574,-0.1263,0.0000,0.4780,0.3858,high,low,1
Lumen,0.7470,0.8732,0.1545,-0.1263,0.1489,0.4780,0.3740,high,low,1
Lumen,0.7472,0.8734,0.1538,-0.1263,0.0000,0.4780,0.3711,high,low,1
Lumen,0.7472,0.8735,0.1540,-0.1263,0.0000,0.4780,0.3709,high,low,1
Lumen,0.7472,0.8735,0.1540,-0.1263,0.0000,0.4780,0.3708,high,low,1
Lumen,0.7470,0.8734,0.1545,-0.1263,0.0000,0.4780,0.3722,high,low,1
Lumen,0.7477,0.8740,0.1526,-0.1263,0.0000,0.4780,0.3642,high,low,1
Lumen,0.7502,0.8741,0.1526,-0.1261,0.0000,0.4781,0.3626,high,low,1
Lumen,0.7495,0.8738,0.1540,-0.1259,0.0000,0.4783,0.3675,high,low,1
Lumen,0.7489,0.8736,0.1550,-0.1258,0.0000,0.4784,0.3711,high,low,1
Lumen,0.7485,0.8734,0.1555,-0.1257,0.0000,0.4784,0.3730,high,low,1
Lumen,0.7482,0.8733,0.1559,-0.1256,0.0000,0.4784,0.3744,high,low,1
Lumen,0.7485,0.8738,0.1543,-0.1256,0.1499,0.4783,0.3685,high,low,1
Lumen,0.7481,0.8736,0.1552,-0.1256,0.0000,0.4783,0.3714,high,low,1
Lumen,0.7478,0.8734,0.1558,-0.1256,0.0000,0.4782,0.3738,high,low,1
Lumen,0.7475,0.8733,0.1564,-0.1256,0.0000,0.4782,0.3759,high,low,1
Lumen,0.7482,0.8740,0.1540,-0.1256,0.0000,0.4782,0.3665,high,low,1
Lumen,0.7481,0.8739,0.1541,-0.1256,0.0000,0.4782,0.3670,high,low,1
Lumen,0.7487,0.8746,0.1520,-0.1257,0.1491,0.4782,0.3582,high,low,1
Lumen,0.7486,0.8746,0.1521,-0.1257,0.0000,0.4781,0.3584,high,low,1
Lumen,0.7483,0.8743,0.1531,-0.1257,0.0000,0.4781,0.3619,high,low,1
Lumen,0.7480,0.8742,0.1538,-0.1258,0.0000,0.4781,0.3645,high,low,1
Lumen,0.7477,0.8740,0.1544,-0.1258,0.0000,0.4781,0.3669,high,low,1
Lumen,0.7485,0.8747,0.1521,-0.1259,0.0000,0.4781,0.3573,high,low,1
Lumen,0.7521,0.8749,0.1516,-0.1255,0.0000,0.4783,0.3531,high,low,1
Lumen,0.7514,0.8747,0.1525,-0.1253,0.0000,0.4785,0.3568,high,low,1
Lumen,0.7508,0.8745,0.1531,-0.1252,0.0000,0.4786,0.3594,high,low,1
Lumen,0.7502,0.8744,0.1537,-0.1251,0.1498,0.4786,0.3620,high,low,1
Lumen,0.7497,0.8742,0.1542,-0.1250,0.0000,0.4785,0.3640,high,low,1
Lumen,0.7493,0.8741,0.1546,-0.1250,0.1467,0.4785,0.3657,high,low,1
Lumen,0.7490,0.8740,0.1549,-0.1250,0.0000,0.4784,0.3671,high,low,1
Lumen,0.7486,0.8739,0.1552,-0.1250,0.0000,0.4784,0.3685,high,low,1
Lumen,0.7482,0.8737,0.1559,-0.1251,0.0000,0.4783,0.3713,high,low,1
Lumen,0.7478,0.8735,0.1566,-0.1251,0.0000,0.4783,0.3742,high,low,1
Lumen,0.7476,0.8734,0.1567,-0.1252,0.0000,0.4783,0.3751,high,low,1
Lumen,0.7474,0.8733,0.1570,-0.1253,0.0000,0.4783,0.3767,high,low,1
Lumen,0.7473,0.8732,0.1569,-0.1253,0.0000,0.4782,0.3770,high,low,1
Lumen,0.7471,0.8731,0.1570,-0.1254,0.0000,0.4782,0.3780,high,low,1
Lumen,0.7786,0.8057,0.1380,-0.0436,0.2525,0.4782,0.6215,high,high,0
Lumen,0.7788,0.8050,0.1379,-0.0437,0.2526,0.4782,0.6200,high,high,0
Lumen,0.7815,0.8052,0.1383,-0.0428,0.2580,0.4786,0.6051,high,high,0
Lumen,0.7816,0.8046,0.1382,-0.0427,0.2514,0.4786,0.6043,high,high,0
Lumen,0.7831,0.8051,0.1382,-0.0413,0.2557,0.4793,0.5939,high,high,0
Lumen,0.7432,0.8321,0.1606,-0.0639,0.0000,0.4798,0.7231,high,high,0
Lumen,0.7444,0.8495,0.1749,-0.0824,0.1500,0.4798,0.5796,high,high,0
Lumen,0.7452,0.8585,0.1950,-0.0948,0.1000,0.4796,0.4575,high,high,0
Lumen,0.7451,0.8628,0.2063,-0.1028,0.1500,0.4794,0.3802,high,low,1
Lumen,0.7451,0.8653,0.2120,-0.1080,0.0000,0.4792,0.3362,high,low,1
Lumen,0.7455,0.8671,0.2142,-0.1114,0.0000,0.4790,0.3132,high,low,1
Lumen,0.7453,0.8677,0.2169,-0.1136,0.0000,0.4788,0.2961,high,low,1
Lumen,0.7451,0.8680,0.2185,-0.1150,0.0000,0.4787,0.2860,high,low,1
Lumen,0.7451,0.8682,0.2240,-0.1158,0.0000,0.4785,0.2563,high,low,1
Lumen,0.7451,0.8683,0.2333,-0.1166,0.0000,0.4785,0.2035,high,low,1
Lumen,0.7452,0.8685,0.2361,-0.1172,0.0000,0.4784,0.1853,high,low,1
Lumen,0.7458,0.8692,0.2321,-0.1179,0.0000,0.4783,0.2045,high,low,1
Lumen,0.7457,0.8693,0.2357,-0.1184,0.0000,0.4783,0.1837,high,low,1
Lumen,0.7455,0.8693,0.2433,-0.1190,0.0000,0.4782,0.1369,high,low,1
Lumen,0.7465,0.8703,0.2467,-0.1195,0.0000,0.4782,0.1105,high,low,1
Lumen,0.7466,0.8705,0.2516,-0.1199,0.0000,0.4782,0.0779,boundary,low,1
Lumen,0.7466,0.8707,0.2560,-0.1203,0.0000,0.4781,0.0485,boundary,low,1
Lumen,0.7475,0.8716,0.2525,-0.1207,0.0000,0.4781,0.0661,boundary,low,1
Lumen,0.7577,0.8720,0.2508,-0.1201,0.0000,0.4785,0.0686,boundary,low,1
Lumen,0.7564,0.8721,0.2506,-0.1196,0.0000,0.4791,0.0710,boundary,low,1
Lumen,0.7553,0.8723,0.2502,-0.1194,0.1500,0.4792,0.0734,boundary,low,1
Lumen,0.7542,0.8723,0.2454,-0.1192,0.1500,0.4792,0.1036,high,low,1
Lumen,0.7533,0.8724,0.2415,-0.1192,0.1500,0.4790,0.1279,high,low,1
Lumen,0.7524,0.8724,0.2382,-0.1193,0.1500,0.4788,0.1476,high,low,1
Lumen,0.7517,0.8725,0.2354,-0.1195,0.1500,0.4786,0.1638,high,low,1
Lumen,0.7509,0.8724,0.2336,-0.1197,0.0000,0.4785,0.1754,high,low,1
Lumen,0.7501,0.8723,0.2320,-0.1199,0.0000,0.4784,0.1852,high,low,1
Lumen,0.7497,0.8723,0.2255,-0.1202,0.0000,0.4783,0.2209,high,low,1
Lumen,0.7490,0.8720,0.2207,-0.1205,0.0000,0.4782,0.2469,high,low,1
Lumen,0.7486,0.8720,0.2161,-0.1207,0.0000,0.4782,0.2698,high,low,1
Lumen,0.7483,0.8719,0.2122,-0.1210,0.0000,0.4781,0.2884,high,low,1
Lumen,0.7480,0.8719,0.2041,-0.1213,0.0000,0.4781,0.3219,high,low,1
Lumen,0.7475,0.8717,0.1978,-0.1216,0.0000,0.4781,0.3455,high,low,1
Lumen,0.7474,0.8717,0.1918,-0.1219,0.0000,0.4781,0.3633,high,low,1
Lumen,0.7470,0.8716,0.1874,-0.1222,0.0000,0.4781,0.3754,high,low,1
Lumen,0.7466,0.8714,0.1837,-0.1224,0.0000,0.4781,0.3841,high,low,1
Lumen,0.7463,0.8713,0.1804,-0.1227,0.0000,0.4781,0.3904,high,low,1
Lumen,0.7463,0.8714,0.1771,-0.1229,0.0000,0.4781,0.3942,high,low,1
Lumen,0.7462,0.8714,0.1743,-0.1232,0.0000,0.4781,0.3965,high,low,1
Lumen,0.7460,0.8713,0.1725,-0.1234,0.0000,0.4781,0.3986,high,low,1
Lumen,0.7457,0.8712,0.1711,-0.1236,0.1499,0.4781,0.4003,high,boundary,1
Lumen,0.7455,0.8711,0.1697,-0.1238,0.0000,0.4781,0.4014,high,boundary,1
Lumen,0.7454,0.8711,0.1686,-0.1240,0.0000,0.4781,0.4022,high,boundary,1
Lumen,0.7452,0.8710,0.1677,-0.1242,0.0000,0.4781,0.4028,high,boundary,1
Lumen,0.7452,0.8710,0.1667,-0.1243,0.0000,0.4781,0.4029,high,boundary,1
Lumen,0.7451,0.8709,0.1658,-0.1245,0.0000,0.4781,0.4029,high,boundary,1
Lumen,0.7450,0.8709,0.1651,-0.1246,0.0000,0.4781,0.4027,high,boundary,1
Lumen,0.7451,0.8710,0.1640,-0.1247,0.0000,0.4781,0.4016,high,boundary,1
Lumen,0.7451,0.8710,0.1635,-0.1249,0.0000,0.4781,0.4013,high,boundary,1
Lumen,0.7452,0.8712,0.1625,-0.1250,0.0000,0.4781,0.3997,high,low,1
Lumen,0.7451,0.8711,0.1627,-0.1251,0.0000,0.4781,0.4004,high,boundary,1
Lumen,0.7452,0.8712,0.1620,-0.1252,0.0000,0.4781,0.3989,high,low,1
Lumen,0.7454,0.8714,0.1611,-0.1252,0.0000,0.4781,0.3970,high,low,1
Lumen,0.7453,0.8713,0.1611,-0.1253,0.0000,0.4781,0.3973,high,low,1
Lumen,0.7453,0.8713,0.1610,-0.1254,0.0000,0.4782,0.3971,high,low,1
Lumen,0.7454,0.8714,0.1605,-0.1255,0.0000,0.4782,0.3959,high,low,1
Lumen,0.7453,0.8714,0.1606,-0.1255,0.0000,0.4782,0.3963,high,low,1
Lumen,0.7453,0.8714,0.1605,-0.1256,0.0000,0.4782,0.3964,high,low,1
Lumen,0.7454,0.8715,0.1601,-0.1256,0.0000,0.4782,0.3952,high,low,1
Lumen,0.7453,0.8714,0.1602,-0.1257,0.0000,0.4782,0.3956,high,low,1
Lumen,0.7453,0.8714,0.1601,-0.1257,0.0000,0.4782,0.3958,high,low,1
Lumen,0.7779,0.8051,0.1386,-0.0437,0.2532,0.4782,0.6290,high,high,0
Lumen,0.7809,0.8052,0.1387,-0.0430,0.2579,0.4785,0.6105,high,high,0
Lumen,0.7421,0.8301,0.1636,-0.0627,0.0000,0.4789,0.7433,high,high,0
Lumen,0.7432,0.8475,0.1782,-0.0814,0.1500,0.4790,0.5904,high,high,0
Lumen,0.7438,0.8564,0.1987,-0.0939,0.1000,0.4789,0.4588,high,high,0
Lumen,0.7441,0.8611,0.2089,-0.1020,0.0000,0.4788,0.3801,high,low,1
Lumen,0.7449,0.8647,0.2120,-0.1073,0.0000,0.4787,0.3408,high,low,1
Lumen,0.7467,0.8681,0.2111,-0.1108,0.1500,0.4786,0.3210,high,low,1
Lumen,0.7481,0.8705,0.2174,-0.1131,0.0000,0.4785,0.2744,high,low,1
Lumen,0.7490,0.8719,0.2273,-0.1146,0.0000,0.4784,0.2141,high,low,1
Lumen,0.7494,0.8725,0.2337,-0.1155,0.0000,0.4783,0.1742,high,low,1
Lumen,0.7499,0.8732,0.2385,-0.1162,0.0000,0.4783,0.1423,high,low,1
Lumen,0.7505,0.8740,0.2375,-0.1170,0.0000,0.4782,0.1431,high,low,1
Lumen,0.7508,0.8745,0.2371,-0.1176,0.0000,0.4782,0.1423,high,low,1
Lumen,0.7511,0.8751,0.2366,-0.1183,0.0000,0.4782,0.1415,high,low,1
Lumen,0.7513,0.8755,0.2363,-0.1189,0.0000,0.4782,0.1402,high,low,1
Lumen,0.7515,0.8760,0.2360,-0.1194,0.0000,0.4782,0.1393,high,low,1
Lumen,0.7518,0.8764,0.2309,-0.1199,0.0000,0.4782,0.1641,high,low,1
Lumen,0.7519,0.8768,0.2221,-0.1204,0.0000,0.4782,0.2067,high,low,1
Lumen,0.7522,0.8772,0.2142,-0.1209,0.0000,0.4782,0.2396,high,low,1
Lumen,0.7523,0.8775,0.2079,-0.1213,0.0000,0.4782,0.2633,high,low,1
Lumen,0.7524,0.8778,0.2024,-0.1217,0.0000,0.4782,0.2808,high,low,1
Lumen,0.7524,0.8781,0.1932,-0.1221,0.0000,0.4782,0.3066,high,low,1
Lumen,0.7520,0.8779,0.1872,-0.1225,0.0000,0.4782,0.3225,high,low,1
Lumen,0.7516,0.8777,0.1818,-0.1229,0.0000,0.4783,0.3334,high,low,1
Lumen,0.7514,0.8777,0.1767,-0.1232,0.0000,0.4783,0.3403,high,low,1
Lumen,0.7511,0.8775,0.1728,-0.1235,0.0000,0.4783,0.3447,high,low,1
Lumen,0.7805,0.8074,0.1396,-0.0435,0.2519,0.4783,0.6153,high,high,0
Lumen,0.7833,0.8073,0.1411,-0.0427,0.2596,0.4787,0.6049,high,high,0
Lumen,0.7457,0.8327,0.1556,-0.0605,0.1500,0.4790,0.7069,high,high,0
Lumen,0.7474,0.8516,0.1683,-0.0802,0.0000,0.4791,0.5656,high,high,0
Lumen,0.7480,0.8610,0.1884,-0.0933,0.0000,0.4791,0.4581,high,high,0
Lumen,0.7479,0.8655,0.1995,-0.1018,0.0000,0.4790,0.3871,high,low,1
Lumen,0.7478,0.8681,0.2055,-0.1073,0.0000,0.4789,0.3449,high,low,1
Lumen,0.7480,0.8699,0.2080,-0.1110,0.0000,0.4788,0.3214,high,low,1
Lumen,0.7480,0.8707,0.2099,-0.1133,0.0000,0.4787,0.3069,high,low,1
Lumen,0.7773,0.8045,0.1483,-0.0428,0.2559,0.4786,0.6831,high,high,0
Lumen,0.7775,0.8038,0.1481,-0.0428,0.2560,0.4786,0.6812,high,high,0
Lumen,0.7795,0.8034,0.1500,-0.0421,0.2633,0.4790,0.6744,high,high,0
Lumen,0.7432,0.8305,0.2315,-0.0618,0.1500,0.4793,0.4049,high,boundary,1
Lumen,0.7438,0.8475,0.2282,-0.0806,0.0000,0.4793,0.3532,high,low,1
Lumen,0.7447,0.8567,0.2250,-0.0932,0.0000,0.4792,0.3215,high,low,1
Lumen,0.7445,0.8612,0.2251,-0.1014,0.0000,0.4790,0.2944,high,low,1
Lumen,0.7447,0.8639,0.2355,-0.1068,0.0000,0.4788,0.2163,high,low,1
Lumen,0.7805,0.8008,0.1540,-0.0414,0.2778,0.4793,0.6819,high,high,0
Lumen,0.7801,0.8009,0.1547,-0.0397,0.2604,0.4802,0.6877,high,high,0
Lumen,0.7499,0.8307,0.2988,-0.0504,0.1500,0.4806,0.0000,boundary,low,1
Lumen,0.7478,0.8482,0.3229,-0.0730,0.1500,0.4805,0.0000,boundary,low,1
Lumen,0.7468,0.8571,0.3336,-0.0879,0.1000,0.4801,0.0000,boundary,low,1
Lumen,0.7467,0.8623,0.3256,-0.0976,0.0000,0.4798,0.0000,boundary,low,1
Lumen,0.7459,0.8646,0.3342,-0.1039,0.0000,0.4794,0.0000,boundary,low,1
Lumen,0.7458,0.8662,0.3473,-0.1080,0.0000,0.4790,0.0000,boundary,low,1
Lumen,0.7458,0.8671,0.3472,-0.1107,0.0000,0.4788,0.0000,boundary,low,1
Lumen,0.7455,0.8674,0.3479,-0.1124,0.0000,0.4785,0.0000,boundary,low,1
Lumen,0.7454,0.8675,0.3436,-0.1134,0.0000,0.4784,0.0000,boundary,low,1
Lumen,0.7452,0.8676,0.3354,-0.1143,0.0000,0.4782,0.0000,boundary,low,1
Lumen,0.7452,0.8677,0.3233,-0.1151,0.0000,0.4781,0.0000,boundary,low,1
Lumen,0.7451,0.8679,0.3130,-0.1158,0.0000,0.4780,0.0000,boundary,low,1
Lumen,0.7450,0.8679,0.3048,-0.1166,0.0000,0.4779,0.0000,boundary,low,1
Lumen,0.7449,0.8680,0.2929,-0.1172,0.0000,0.4778,0.0000,boundary,low,1
Lumen,0.7446,0.8680,0.2786,-0.1178,0.0000,0.4778,0.0000,boundary,low,1
Lumen,0.7444,0.8679,0.2672,-0.1184,0.0000,0.4778,0.0000,boundary,low,1
Lumen,0.7440,0.8678,0.2532,-0.1189,0.0000,0.4778,0.0819,boundary,low,1
Lumen,0.7437,0.8677,0.2412,-0.1194,0.0000,0.4778,0.1589,high,low,1
Lumen,0.7435,0.8677,0.2353,-0.1199,0.0000,0.4778,0.1953,high,low,1
Lumen,0.7433,0.8676,0.2306,-0.1204,0.0000,0.4778,0.2233,high,low,1
Lumen,0.7430,0.8675,0.2265,-0.1208,0.0000,0.4778,0.2468,high,low,1
Lumen,0.7429,0.8675,0.2225,-0.1212,0.0000,0.4778,0.2680,high,low,1
Lumen,0.7429,0.8676,0.2187,-0.1215,0.0000,0.4777,0.2873,high,low,1
Lumen,0.7430,0.8678,0.2153,-0.1218,0.0000,0.4777,0.3032,high,low,1
Lumen,0.7430,0.8679,0.2123,-0.1221,0.0000,0.4777,0.3164,high,low,1
Lumen,0.7429,0.8678,0.2107,-0.1224,0.0000,0.4777,0.3243,high,low,1
Lumen,0.7428,0.8678,0.2090,-0.1227,0.0000,0.4777,0.3319,high,low,1
Lumen,0.7426,0.8678,0.2031,-0.1229,0.0000,0.4777,0.3566,high,low,1
Lumen,0.7426,0.8678,0.1977,-0.1231,0.1371,0.4777,0.3761,high,low,1
Lumen,0.7427,0.8679,0.1929,-0.1234,0.0000,0.4777,0.3907,high,low,1
Lumen,0.7427,0.8679,0.1888,-0.1235,0.0000,0.4777,0.4013,high,boundary,1
Lumen,0.7427,0.8680,0.1853,-0.1237,0.0000,0.4777,0.4087,high,boundary,1
Lumen,0.7426,0.8680,0.1828,-0.1239,0.0000,0.4777,0.4139,high,boundary,1
Lumen,0.7425,0.8679,0.1808,-0.1240,0.0000,0.4778,0.4178,high,boundary,1
Lumen,0.7426,0.8680,0.1784,-0.1242,0.0000,0.4778,0.4205,high,boundary,1
Lumen,0.7426,0.8681,0.1765,-0.1243,0.0000,0.4778,0.4223,high,boundary,1
Lumen,0.7427,0.8682,0.1747,-0.1244,0.0000,0.4778,0.4233,high,boundary,1
Lumen,0.7428,0.8682,0.1731,-0.1245,0.0000,0.4778,0.4237,high,boundary,1
Lumen,0.7428,0.8683,0.1719,-0.1246,0.0000,0.4778,0.4239,high,boundary,1
Lumen,0.7427,0.8683,0.1714,-0.1247,0.0000,0.4778,0.4245,high,boundary,1
Lumen,0.7427,0.8682,0.1708,-0.1248,0.0000,0.4778,0.4250,high,boundary,1
Lumen,0.7426,0.8682,0.1704,-0.1249,0.0000,0.4778,0.4254,high,boundary,1
Lumen,0.7426,0.8682,0.1698,-0.1249,0.0000,0.4779,0.4254,high,boundary,1
Lumen,0.7426,0.8682,0.1694,-0.1250,0.0000,0.4779,0.4256,high,boundary,1
Lumen,0.7425,0.8682,0.1691,-0.1251,0.0000,0.4779,0.4258,high,boundary,1
Lumen,0.7425,0.8682,0.1688,-0.1251,0.0000,0.4779,0.4258,high,boundary,1
Lumen,0.7425,0.8682,0.1686,-0.1252,0.0000,0.4779,0.4259,high,boundary,1
Lumen,0.7425,0.8681,0.1685,-0.1252,0.1490,0.4779,0.4262,high,boundary,1
Lumen,0.7424,0.8681,0.1686,-0.1253,0.0000,0.4779,0.4266,high,boundary,1
Lumen,0.7425,0.8682,0.1680,-0.1253,0.0000,0.4779,0.4260,high,boundary,1
Lumen,0.7426,0.8683,0.1673,-0.1254,0.0000,0.4779,0.4249,high,boundary,1
Lumen,0.7431,0.8687,0.1655,-0.1254,0.0000,0.4778,0.4213,high,boundary,1
Lumen,0.7435,0.8690,0.1642,-0.1254,0.0000,0.4778,0.4182,high,boundary,1
Lumen,0.7439,0.8694,0.1630,-0.1254,0.0000,0.4778,0.4149,high,boundary,1
Lumen,0.7442,0.8697,0.1619,-0.1254,0.0000,0.4778,0.4117,high,boundary,1
Lumen,0.7446,0.8701,0.1621,-0.1254,0.0000,0.4779,0.4084,high,boundary,1
Lumen,0.7449,0.8703,0.1624,-0.1254,0.0000,0.4780,0.4064,high,boundary,1
Lumen,0.7452,0.8706,0.1624,-0.1254,0.0000,0.4780,0.4040,high,boundary,1
Lumen,0.7455,0.8710,0.1619,-0.1254,0.0000,0.4781,0.4006,high,boundary,1
Lumen,0.7457,0.8713,0.1616,-0.1254,0.0000,0.4781,0.3982,high,low,1
Lumen,0.7457,0.8713,0.1624,-0.1255,0.0000,0.4782,0.3981,high,low,1
Lumen,0.7456,0.8713,0.1623,-0.1255,0.0000,0.4782,0.3985,high,low,1
Lumen,0.7455,0.8712,0.1623,-0.1255,0.0000,0.4782,0.3990,high,low,1
Lumen,0.7455,0.8713,0.1616,-0.1255,0.0000,0.4781,0.3975,high,low,1
Lumen,0.7455,0.8714,0.1612,-0.1256,0.0000,0.4781,0.3969,high,low,1
Lumen,0.7456,0.8715,0.1606,-0.1256,0.0000,0.4781,0.3958,high,low,1
Lumen,0.7456,0.8715,0.1603,-0.1256,0.0000,0.4781,0.3953,high,low,1
Lumen,0.7456,0.8716,0.1599,-0.1257,0.0000,0.4780,0.3943,high,low,1
Lumen,0.7457,0.8716,0.1595,-0.1257,0.0000,0.4780,0.3937,high,low,1
Lumen,0.7457,0.8716,0.1593,-0.1257,0.0000,0.4780,0.3932,high,low,1
Lumen,0.7459,0.8718,0.1598,-0.1257,0.1499,0.4781,0.3922,high,low,1
Lumen,0.7461,0.8720,0.1598,-0.1257,0.0000,0.4781,0.3907,high,low,1
Lumen,0.7461,0.8720,0.1608,-0.1258,0.0000,0.4782,0.3913,high,low,1
Lumen,0.7471,0.8729,0.1598,-0.1258,0.1500,0.4782,0.3828,high,low,1
Lumen,0.7520,0.8734,0.1589,-0.1253,0.0000,0.4785,0.3758,high,low,1
Lumen,0.7514,0.8734,0.1603,-0.1250,0.0000,0.4788,0.3771,high,low,1
Lumen,0.7510,0.8735,0.1605,-0.1248,0.0000,0.4789,0.3766,high,low,1
Lumen,0.7506,0.8736,0.1600,-0.1246,0.1500,0.4789,0.3761,high,low,1
Lumen,0.7501,0.8736,0.1595,-0.1245,0.1500,0.4788,0.3757,high,low,1
Lumen,0.7497,0.8736,0.1602,-0.1244,0.1496,0.4787,0.3765,high,low,1
Lumen,0.7494,0.8736,0.1606,-0.1244,0.0000,0.4787,0.3769,high,low,1
Lumen,0.7491,0.8736,0.1613,-0.1244,0.0000,0.4786,0.3779,high,low,1
Lumen,0.7487,0.8734,0.1611,-0.1244,0.0000,0.4785,0.3789,high,low,1
Lumen,0.7484,0.8733,0.1611,-0.1245,0.0000,0.4785,0.3804,high,low,1
Lumen,0.7482,0.8732,0.1606,-0.1245,0.0000,0.4784,0.3806,high,low,1
Lumen,0.7480,0.8732,0.1601,-0.1246,0.1498,0.4784,0.3806,high,low,1
Lumen,0.7477,0.8730,0.1602,-0.1247,0.0000,0.4783,0.3821,high,low,1
Lumen,0.7475,0.8729,0.1601,-0.1247,0.0000,0.4783,0.3833,high,low,1
Lumen,0.7474,0.8729,0.1595,-0.1248,0.0000,0.4782,0.3829,high,low,1
Lumen,0.7471,0.8727,0.1596,-0.1249,0.0000,0.4782,0.3842,high,low,1
Lumen,0.7469,0.8725,0.1599,-0.1250,0.0000,0.4782,0.3861,high,low,1
Lumen,0.7468,0.8725,0.1594,-0.1250,0.0000,0.4782,0.3858,high,low,1
Lumen,0.7466,0.8724,0.1594,-0.1251,0.0000,0.4782,0.3866,high,low,1
Lumen,0.7465,0.8723,0.1594,-0.1252,0.0000,0.4781,0.3874,high,low,1
Lumen,0.7463,0.8722,0.1598,-0.1253,0.0000,0.4781,0.3892,high,low,1
Lumen,0.7459,0.8719,0.1607,-0.1253,0.0000,0.4781,0.3925,high,low,1
Lumen,0.7457,0.8717,0.1611,-0.1254,0.0000,0.4781,0.3942,high,low,1
Lumen,0.7455,0.8716,0.1613,-0.1255,0.0000,0.4781,0.3954,high,low,1
Lumen,0.7452,0.8713,0.1620,-0.1255,0.0000,0.4781,0.3978,high,low,1
Lumen,0.7451,0.8713,0.1619,-0.1256,0.0000,0.4781,0.3984,high,low,1
Lumen,0.7458,0.8718,0.1617,-0.1256,0.1500,0.4782,0.3938,high,low,1
Lumen,0.7456,0.8717,0.1639,-0.1257,0.0000,0.4782,0.3962,high,low,1
Lumen,0.7455,0.8716,0.1681,-0.1257,0.0000,0.4782,0.3979,high,low,1
Lumen,0.7454,0.8715,0.1717,-0.1258,0.0000,0.4782,0.3977,high,low,1
Lumen,0.7453,0.8715,0.1746,-0.1258,0.0000,0.4782,0.3961,high,low,1
Lumen,0.7453,0.8714,0.1771,-0.1258,0.0000,0.4781,0.3941,high,low,1
Lumen,0.7454,0.8715,0.1788,-0.1259,0.0000,0.4781,0.3916,high,low,1
Lumen,0.7453,0.8714,0.1853,-0.1259,0.0000,0.4781,0.3812,high,low,1
Lumen,0.7453,0.8713,0.1957,-0.1259,0.0000,0.4781,0.3553,high,low,1
Lumen,0.7452,0.8713,0.2045,-0.1259,0.0000,0.4780,0.3254,high,low,1
Lumen,0.7452,0.8713,0.2118,-0.1259,0.0000,0.4780,0.2953,high,low,1
Lumen,0.7453,0.8713,0.2129,-0.1259,0.0000,0.4780,0.2897,high,low,1
Lumen,0.7452,0.8712,0.2191,-0.1259,0.0000,0.4780,0.2608,high,low,1
Lumen,0.7452,0.8712,0.2289,-0.1260,0.0000,0.4780,0.2102,high,low,1
Lumen,0.7450,0.8710,0.2379,-0.1260,0.0000,0.4780,0.1596,high,low,1
Lumen,0.7446,0.8707,0.2462,-0.1260,0.0000,0.4780,0.1108,high,low,1
Lumen,0.7445,0.8706,0.2477,-0.1260,0.0000,0.4779,0.1019,high,low,1
Lumen,0.7444,0.8705,0.2492,-0.1260,0.0000,0.4779,0.0932,high,low,1
Lumen,0.7443,0.8704,0.2504,-0.1260,0.0000,0.4779,0.0864,boundary,low,1
Lumen,0.7443,0.8703,0.2560,-0.1260,0.0000,0.4778,0.0501,boundary,low,1
Lumen,0.7442,0.8703,0.2653,-0.1260,0.0000,0.4778,0.0000,boundary,low,1
Lumen,0.7442,0.8702,0.2686,-0.1260,0.0000,0.4778,0.0000,boundary,low,1
Lumen,0.7442,0.8702,0.2667,-0.1260,0.0000,0.4777,0.0000,boundary,low,1
Lumen,0.7441,0.8702,0.2698,-0.1260,0.0000,0.4777,0.0000,boundary,low,1
Lumen,0.7441,0.8701,0.2771,-0.1260,0.0000,0.4777,0.0000,boundary,low,1
Lumen,0.7441,0.8701,0.2833,-0.1260,0.0000,0.4777,0.0000,boundary,low,1
Lumen,0.7441,0.8702,0.2836,-0.1260,0.0000,0.4776,0.0000,boundary,low,1
Lumen,0.7441,0.8702,0.2887,-0.1260,0.0000,0.4776,0.0000,boundary,low,1
Lumen,0.7442,0.8702,0.2930,-0.1260,0.0052,0.4776,0.0000,boundary,low,1
Lumen,0.7442,0.8702,0.2918,-0.1260,0.0000,0.4776,0.0000,boundary,low,1
Lumen,0.7444,0.8704,0.2950,-0.1260,0.0048,0.4775,0.0000,boundary,low,1
Lumen,0.7446,0.8705,0.3023,-0.1260,0.0187,0.4775,0.0000,boundary,low,1
Lumen,0.7446,0.8706,0.3041,-0.1260,0.0197,0.4775,0.0000,boundary,low,1
Lumen,0.7446,0.8706,0.3062,-0.1260,0.0213,0.4775,0.0000,boundary,low,1
Lumen,0.7444,0.8705,0.3130,-0.1260,0.0331,0.4775,0.0000,boundary,low,1
Lumen,0.7441,0.8702,0.3193,-0.1260,0.0435,0.4775,0.0000,boundary,low,1
Lumen,0.7439,0.8700,0.3199,-0.1260,0.0410,0.4775,0.0000,boundary,low,1
Lumen,0.7438,0.8700,0.3199,-0.1261,0.0375,0.4775,0.0000,boundary,low,1
Lumen,0.7436,0.8698,0.3203,-0.1261,0.0348,0.4775,0.0000,boundary,low,1
Lumen,0.7438,0.8700,0.3147,-0.1261,0.0197,0.4775,0.0000,boundary,low,1
Lumen,0.7438,0.8700,0.3060,-0.1261,0.0000,0.4774,0.0000,boundary,low,1
Lumen,0.7438,0.8700,0.2984,-0.1261,0.0000,0.4774,0.0000,boundary,low,1
Lumen,0.7440,0.8701,0.2868,-0.1261,0.0000,0.4774,0.0000,boundary,low,1
Lumen,0.7441,0.8703,0.2723,-0.1261,0.0000,0.4773,0.0000,boundary,low,1
Lumen,0.7442,0.8703,0.2602,-0.1261,0.0000,0.4773,0.0223,boundary,low,1
Lumen,0.7442,0.8703,0.2500,-0.1261,0.0000,0.4773,0.0893,high,low,1
Lumen,0.7702,0.7985,0.1479,-0.0454,0.2606,0.4773,0.7316,high,high,0
Lumen,0.7738,0.7995,0.1477,-0.0448,0.2670,0.4776,0.7070,high,high,0
Lumen,0.7438,0.8299,0.1898,-0.0591,0.0000,0.4780,0.6873,high,high,0
Lumen,0.7442,0.8476,0.2074,-0.0791,0.1500,0.4781,0.4788,high,high,0
Lumen,0.7728,0.7998,0.1488,-0.0439,0.2589,0.4781,0.7193,high,high,0
Lumen,0.7730,0.7992,0.1485,-0.0439,0.2585,0.4781,0.7165,high,high,0
Lumen,0.7731,0.7985,0.1483,-0.0439,0.2585,0.4781,0.7140,high,high,0
Lumen,0.7733,0.7979,0.1480,-0.0439,0.2586,0.4781,0.7116,high,high,0
Lumen,0.7753,0.7987,0.1504,-0.0426,0.2692,0.4787,0.7082,high,high,0
Lumen,0.7754,0.7981,0.1501,-0.0426,0.2587,0.4787,0.7063,high,high,0
Lumen,0.7754,0.7975,0.1498,-0.0425,0.2588,0.4788,0.7046,high,high,0
Lumen,0.7754,0.7969,0.1495,-0.0424,0.2586,0.4788,0.7030,high,high,0
Lumen,0.7761,0.7979,0.1516,-0.0408,0.2675,0.4796,0.7068,high,high,0
Lumen,0.7396,0.8279,0.2787,-0.0632,0.0000,0.4800,0.0358,boundary,low,1
Lumen,0.7410,0.8454,0.2854,-0.0817,0.1500,0.4799,0.0000,boundary,low,1
Lumen,0.7719,0.7985,0.1545,-0.0403,0.2607,0.4799,0.7497,high,high,0
Lumen,0.7727,0.7987,0.1541,-0.0403,0.2593,0.4799,0.7420,high,high,0
Lumen,0.7427,0.8315,0.3042,-0.0636,0.0000,0.4798,0.0000,boundary,low,1
Lumen,0.7432,0.8479,0.3126,-0.0821,0.1500,0.4795,0.0000,boundary,low,1
Lumen,0.7714,0.7989,0.1567,-0.0411,0.2615,0.4794,0.7619,high,high,0
Lumen,0.7740,0.7991,0.1576,-0.0410,0.2652,0.4795,0.7441,high,high,0
Lumen,0.7741,0.7984,0.1569,-0.0411,0.2607,0.4795,0.7414,high,high,0
Lumen,0.7754,0.7987,0.1566,-0.0403,0.2621,0.4799,0.7302,high,high,0
Lumen,0.7418,0.8294,0.2686,-0.0628,0.0000,0.4800,0.1154,boundary,low,1
Lumen,0.7432,0.8469,0.2777,-0.0811,0.1500,0.4799,0.0000,boundary,low,1
Lumen,0.7434,0.8551,0.2834,-0.0934,0.1000,0.4796,0.0000,boundary,low,1
Lumen,0.7435,0.8597,0.2860,-0.1014,0.1500,0.4793,0.0000,boundary,low,1
Lumen,0.7436,0.8623,0.2764,-0.1066,0.0000,0.4790,0.0000,boundary,low,1
Lumen,0.7440,0.8642,0.2792,-0.1100,0.0000,0.4787,0.0000,boundary,low,1
Lumen,0.7439,0.8649,0.2819,-0.1122,0.0000,0.4785,0.0000,boundary,low,1
Lumen,0.7439,0.8654,0.2836,-0.1136,0.0000,0.4783,0.0000,boundary,low,1
Lumen,0.7439,0.8657,0.2888,-0.1144,0.0000,0.4782,0.0000,boundary,low,1
Lumen,0.7440,0.8660,0.2977,-0.1152,0.0000,0.4781,0.0000,boundary,low,1
Lumen,0.7440,0.8661,0.3012,-0.1159,0.0000,0.4780,0.0000,boundary,low,1
Lumen,0.7441,0.8664,0.2989,-0.1165,0.0000,0.4779,0.0000,boundary,low,1
Lumen,0.7440,0.8666,0.3021,-0.1171,0.0000,0.4779,0.0000,boundary,low,1
Lumen,0.7439,0.8667,0.3098,-0.1177,0.0000,0.4778,0.0000,boundary,low,1
Lumen,0.7434,0.8665,0.3130,-0.1182,0.0000,0.4778,0.0000,boundary,low,1
Lumen,0.7432,0.8665,0.3102,-0.1187,0.0000,0.4778,0.0000,boundary,low,1
Lumen,0.7432,0.8667,0.3118,-0.1192,0.0000,0.4777,0.0000,boundary,low,1
Lumen,0.7431,0.8668,0.3087,-0.1197,0.1499,0.4777,0.0000,boundary,low,1
Lumen,0.7430,0.8669,0.3014,-0.1201,0.1497,0.4776,0.0000,boundary,low,1
Lumen,0.7428,0.8668,0.2958,-0.1205,0.0000,0.4776,0.0000,boundary,low,1
Lumen,0.7426,0.8668,0.2912,-0.1208,0.0000,0.4776,0.0000,boundary,low,1
Lumen,0.7424,0.8667,0.2826,-0.1212,0.0000,0.4776,0.0000,boundary,low,1
Lumen,0.7423,0.8667,0.2704,-0.1215,0.0000,0.4775,0.0000,boundary,low,1
Lumen,0.7422,0.8667,0.2600,-0.1218,0.0000,0.4775,0.0414,boundary,low,1
Lumen,0.7422,0.8668,0.2507,-0.1221,0.0000,0.4775,0.1029,boundary,low,1
Lumen,0.7421,0.8668,0.2386,-0.1224,0.0000,0.4775,0.1801,high,low,1
Lumen,0.7420,0.8668,0.2330,-0.1226,0.0000,0.4775,0.2135,high,low,1
Lumen,0.7419,0.8668,0.2282,-0.1228,0.0000,0.4775,0.2411,high,low,1
Lumen,0.7419,0.8668,0.2242,-0.1231,0.0000,0.4775,0.2636,high,low,1
Lumen,0.7418,0.8668,0.2207,-0.1233,0.0000,0.4776,0.2819,high,low,1
Lumen,0.7418,0.8668,0.2177,-0.1234,0.0000,0.4776,0.2971,high,low,1
Lumen,0.7419,0.8670,0.2146,-0.1236,0.0000,0.4776,0.3115,high,low,1
Lumen,0.7418,0.8670,0.2125,-0.1238,0.0000,0.4776,0.3214,high,low,1
Lumen,0.7418,0.8670,0.2108,-0.1239,0.0000,0.4776,0.3294,high,low,1
Lumen,0.7417,0.8670,0.2095,-0.1240,0.0000,0.4777,0.3354,high,low,1
Lumen,0.7709,0.7987,0.1489,-0.0448,0.2613,0.4776,0.7325,high,high,0
Lumen,0.7738,0.7989,0.1484,-0.0441,0.2661,0.4780,0.7098,high,high,0
Lumen,0.7370,0.8258,0.1763,-0.0645,0.0000,0.4783,0.7608,high,high,0
Lumen,0.7379,0.8423,0.1771,-0.0824,0.1500,0.4785,0.6309,high,high,0
Lumen,0.7396,0.8443,0.1883,-0.0825,0.1500,0.4789,0.5869,high,high,0
Lumen,0.7401,0.8527,0.2092,-0.0945,0.1000,0.4788,0.4346,high,boundary,1
Lumen,0.7406,0.8573,0.2189,-0.1023,0.1500,0.4787,0.3524,high,low,1
Lumen,0.7413,0.8605,0.2224,-0.1074,0.0000,0.4785,0.3131,high,low,1
Lumen,0.7421,0.8627,0.2233,-0.1107,0.1499,0.4783,0.2946,high,low,1
Lumen,0.7422,0.8637,0.2326,-0.1128,0.0000,0.4782,0.2350,high,low,1
Lumen,0.7425,0.8644,0.2438,-0.1142,0.0000,0.4781,0.1611,high,low,1
Lumen,0.7425,0.8647,0.2510,-0.1150,0.0000,0.4781,0.1126,boundary,low,1
Lumen,0.7425,0.8649,0.2571,-0.1157,0.0000,0.4780,0.0700,boundary,low,1
Lumen,0.7425,0.8651,0.2578,-0.1164,0.0000,0.4780,0.0646,boundary,low,1
Lumen,0.7425,0.8653,0.2583,-0.1171,0.0000,0.4779,0.0604,boundary,low,1
Lumen,0.7426,0.8656,0.2582,-0.1176,0.0000,0.4779,0.0597,boundary,low,1
Lumen,0.7426,0.8657,0.2587,-0.1182,0.0000,0.4779,0.0551,boundary,low,1
Lumen,0.7426,0.8659,0.2587,-0.1187,0.0000,0.4778,0.0541,boundary,low,1
Lumen,0.7426,0.8661,0.2545,-0.1192,0.1494,0.4778,0.0821,boundary,low,1
Lumen,0.7425,0.8662,0.2462,-0.1196,0.0000,0.4778,0.1359,high,low,1
Lumen,0.7426,0.8664,0.2433,-0.1200,0.0000,0.4777,0.1532,high,low,1
Lumen,0.7427,0.8666,0.2408,-0.1204,0.0000,0.4777,0.1677,high,low,1
Lumen,0.7429,0.8669,0.2384,-0.1208,0.0000,0.4777,0.1811,high,low,1
Lumen,0.7430,0.8671,0.2323,-0.1211,0.0000,0.4777,0.2164,high,low,1
Lumen,0.7431,0.8673,0.2269,-0.1214,0.0000,0.4777,0.2458,high,low,1
Lumen,0.7430,0.8674,0.2228,-0.1217,0.0000,0.4777,0.2676,high,low,1
Lumen,0.7431,0.8676,0.2187,-0.1220,0.0000,0.4777,0.2876,high,low,1
Lumen,0.7433,0.8679,0.2145,-0.1223,0.0000,0.4777,0.3061,high,low,1
Lumen,0.7433,0.8679,0.2122,-0.1225,0.0000,0.4777,0.3170,high,low,1
Lumen,0.7435,0.8682,0.2043,-0.1227,0.0000,0.4777,0.3489,high,low,1
Lumen,0.7435,0.8683,0.1984,-0.1229,0.0000,0.4777,0.3702,high,low,1
Lumen,0.7436,0.8685,0.1927,-0.1231,0.0000,0.4777,0.3864,high,low,1
Lumen,0.7437,0.8687,0.1880,-0.1233,0.0000,0.4777,0.3975,high,low,1
Lumen,0.7437,0.8687,0.1845,-0.1235,0.0000,0.4777,0.4048,high,boundary,1
Lumen,0.7436,0.8688,0.1814,-0.1237,0.0000,0.4778,0.4099,high,boundary,1
Lumen,0.7437,0.8689,0.1786,-0.1238,0.0000,0.4778,0.4132,high,boundary,1
Lumen,0.7437,0.8690,0.1761,-0.1240,0.0000,0.4778,0.4151,high,boundary,1
Lumen,0.7439,0.8692,0.1736,-0.1241,0.0000,0.4778,0.4157,high,boundary,1
Lumen,0.7440,0.8694,0.1716,-0.1242,0.0000,0.4778,0.4155,high,boundary,1
Lumen,0.7443,0.8697,0.1693,-0.1243,0.0000,0.4778,0.4138,high,boundary,1
Lumen,0.7444,0.8698,0.1677,-0.1244,0.0000,0.4778,0.4126,high,boundary,1
Lumen,0.7446,0.8700,0.1661,-0.1245,0.0000,0.4778,0.4105,high,boundary,1
Lumen,0.7447,0.8702,0.1649,-0.1246,0.0000,0.4778,0.4088,high,boundary,1
Lumen,0.7447,0.8703,0.1642,-0.1247,0.0000,0.4779,0.4081,high,boundary,1
Lumen,0.7447,0.8703,0.1637,-0.1248,0.1499,0.4779,0.4075,high,boundary,1
Lumen,0.7448,0.8705,0.1643,-0.1249,0.1500,0.4780,0.4063,high,boundary,1
Lumen,0.7448,0.8705,0.1653,-0.1250,0.1499,0.4781,0.4064,high,boundary,1
Lumen,0.7450,0.8707,0.1641,-0.1250,0.0000,0.4781,0.4047,high,boundary,1
Lumen,0.7451,0.8708,0.1630,-0.1251,0.1500,0.4781,0.4029,high,boundary,1
Lumen,0.7450,0.8708,0.1628,-0.1252,0.0000,0.4781,0.4029,high,boundary,1
Lumen,0.7449,0.8708,0.1626,-0.1252,0.0000,0.4781,0.4030,high,boundary,1
Lumen,0.7449,0.8708,0.1624,-0.1253,0.0000,0.4781,0.4029,high,boundary,1
Lumen,0.7449,0.8708,0.1621,-0.1254,0.0000,0.4780,0.4027,high,boundary,1
Lumen,0.7450,0.8708,0.1616,-0.1254,0.1497,0.4780,0.4017,high,boundary,1
Lumen,0.7450,0.8709,0.1611,-0.1255,0.0000,0.4780,0.4007,high,boundary,1
Lumen,0.7451,0.8710,0.1607,-0.1255,0.0000,0.4780,0.3998,high,low,1
Lumen,0.7452,0.8711,0.1603,-0.1255,0.0000,0.4780,0.3990,high,low,1
Lumen,0.7451,0.8710,0.1604,-0.1256,0.0000,0.4780,0.3992,high,low,1
Lumen,0.7452,0.8711,0.1599,-0.1256,0.0000,0.4780,0.3981,high,low,1
Lumen,0.7451,0.8711,0.1601,-0.1256,0.0000,0.4780,0.3986,high,low,1
Lumen,0.7451,0.8710,0.1601,-0.1257,0.0000,0.4780,0.3988,high,low,1
Lumen,0.7450,0.8710,0.1605,-0.1257,0.0000,0.4780,0.3998,high,low,1
Lumen,0.7450,0.8710,0.1603,-0.1257,0.0000,0.4780,0.3995,high,low,1
Lumen,0.7449,0.8709,0.1607,-0.1258,0.0000,0.4780,0.4006,high,boundary,1
Lumen,0.7451,0.8711,0.1598,-0.1258,0.0000,0.4780,0.3981,high,low,1
Lumen,0.7450,0.8710,0.1601,-0.1258,0.0000,0.4780,0.3990,high,low,1
Lumen,0.7451,0.8711,0.1599,-0.1258,0.0000,0.4780,0.3984,high,low,1
Lumen,0.7458,0.8717,0.1596,-0.1258,0.1499,0.4781,0.3927,high,low,1
Lumen,0.7522,0.8719,0.1603,-0.1252,0.0000,0.4784,0.3895,high,low,1
Lumen,0.7511,0.8716,0.1635,-0.1247,0.0000,0.4789,0.3948,high,low,1
Lumen,0.7511,0.8722,0.1679,-0.1244,0.0000,0.4790,0.3910,high,low,1
Lumen,0.7569,0.8722,0.1718,-0.1235,0.1500,0.4795,0.3837,high,low,1
Lumen,0.7553,0.8720,0.1774,-0.1228,0.0000,0.4799,0.3831,high,low,1
Lumen,0.7539,0.8718,0.1803,-0.1223,0.0000,0.4799,0.3823,high,low,1
Lumen,0.7527,0.8717,0.1828,-0.1220,0.1497,0.4797,0.3808,high,low,1
Lumen,0.7517,0.8715,0.1848,-0.1218,0.1499,0.4795,0.3791,high,low,1
Lumen,0.7507,0.8714,0.1867,-0.1216,0.0000,0.4792,0.3773,high,low,1
Lumen,0.7499,0.8712,0.1927,-0.1216,0.0000,0.4790,0.3639,high,low,1
Lumen,0.7491,0.8710,0.2028,-0.1216,0.0000,0.4788,0.3331,high,low,1
Lumen,0.7484,0.8708,0.2068,-0.1217,0.0000,0.4786,0.3195,high,low,1
Lumen,0.7476,0.8704,0.2107,-0.1218,0.0000,0.4785,0.3059,high,low,1
Lumen,0.7472,0.8702,0.2133,-0.1219,0.0000,0.4784,0.2957,high,low,1
Lumen,0.7466,0.8699,0.2161,-0.1221,0.0000,0.4784,0.2850,high,low,1
Lumen,0.7462,0.8697,0.2178,-0.1222,0.0000,0.4783,0.2779,high,low,1
Lumen,0.7458,0.8695,0.2242,-0.1224,0.0000,0.4782,0.2464,high,low,1
Lumen,0.7454,0.8693,0.2345,-0.1225,0.0000,0.4782,0.1902,high,low,1
Lumen,0.7451,0.8691,0.2385,-0.1227,0.0000,0.4781,0.1676,high,low,1
Lumen,0.7447,0.8689,0.2373,-0.1228,0.0000,0.4781,0.1757,high,low,1
Lumen,0.7444,0.8688,0.2411,-0.1230,0.0000,0.4780,0.1537,high,low,1
Lumen,0.7441,0.8686,0.2490,-0.1231,0.0085,0.4780,0.1049,high,low,1
Lumen,0.7438,0.8684,0.2558,-0.1233,0.0297,0.4780,0.0615,boundary,low,1
Lumen,0.7436,0.8683,0.2614,-0.1234,0.0454,0.4779,0.0240,boundary,low,1
Lumen,0.7434,0.8682,0.2663,-0.1236,0.0573,0.4779,0.0000,boundary,low,1
Lumen,0.7432,0.8681,0.2658,-0.1237,0.0491,0.4778,0.0000,boundary,low,1
Lumen,0.7432,0.8681,0.2648,-0.1238,0.0398,0.4778,0.0016,boundary,low,1
Lumen,0.7430,0.8681,0.2645,-0.1239,0.0333,0.4778,0.0044,boundary,low,1
Lumen,0.7430,0.8681,0.2636,-0.1241,0.0254,0.4777,0.0101,boundary,low,1
Lumen,0.7429,0.8681,0.2586,-0.1242,0.0040,0.4777,0.0441,boundary,low,1
Lumen,0.7428,0.8680,0.2498,-0.1243,0.0000,0.4776,0.1027,high,low,1
Lumen,0.7428,0.8680,0.2466,-0.1244,0.0000,0.4776,0.1233,high,low,1
Lumen,0.7426,0.8679,0.2444,-0.1245,0.0000,0.4776,0.1375,high,low,1
Lumen,0.7425,0.8678,0.2425,-0.1246,0.0000,0.4776,0.1498,high,low,1
Lumen,0.7425,0.8679,0.2405,-0.1246,0.0000,0.4776,0.1623,high,low,1
Lumen,0.7423,0.8678,0.2347,-0.1247,0.0000,0.4776,0.1980,high,low,1
Lumen,0.7422,0.8677,0.2298,-0.1248,0.0000,0.4776,0.2271,high,low,1
Lumen,0.7421,0.8676,0.2255,-0.1249,0.0000,0.4776,0.2512,high,low,1
Lumen,0.7419,0.8674,0.2223,-0.1249,0.0000,0.4777,0.2694,high,low,1
Lumen,0.7417,0.8673,0.2196,-0.1250,0.0000,0.4777,0.2844,high,low,1
Lumen,0.7415,0.8671,0.2128,-0.1251,0.0000,0.4777,0.3191,high,low,1
Lumen,0.7413,0.8670,0.2070,-0.1251,0.0000,0.4777,0.3461,high,low,1
Lumen,0.7412,0.8669,0.2019,-0.1252,0.0000,0.4777,0.3674,high,low,1
Lumen,0.7412,0.8669,0.1971,-0.1252,0.0000,0.4777,0.3845,high,low,1
Lumen,0.7411,0.8668,0.1935,-0.1253,0.0000,0.4777,0.3967,high,low,1
Lumen,0.7412,0.8668,0.1899,-0.1253,0.0000,0.4777,0.4067,high,boundary,1
Lumen,0.7412,0.8668,0.1871,-0.1253,0.0000,0.4777,0.4140,high,boundary,1
Lumen,0.7411,0.8668,0.1848,-0.1254,0.0000,0.4777,0.4194,high,boundary,1
Lumen,0.7410,0.8666,0.1833,-0.1254,0.0000,0.4778,0.4234,high,boundary,1
Lumen,0.7409,0.8665,0.1820,-0.1254,0.1498,0.4778,0.4267,high,boundary,1
Lumen,0.7407,0.8664,0.1809,-0.1254,0.0000,0.4778,0.4295,high,boundary,1
Lumen,0.7406,0.8663,0.1800,-0.1254,0.0000,0.4778,0.4318,high,boundary,1
Lumen,0.7407,0.8663,0.1786,-0.1255,0.0000,0.4778,0.4335,high,boundary,1
Lumen,0.7406,0.8662,0.1780,-0.1255,0.0000,0.4779,0.4351,high,boundary,1
Lumen,0.7405,0.8661,0.1775,-0.1255,0.0000,0.4779,0.4364,high,boundary,1
Lumen,0.7406,0.8662,0.1765,-0.1255,0.0000,0.4779,0.4372,high,boundary,1
Lumen,0.7407,0.8662,0.1755,-0.1255,0.0000,0.4779,0.4377,high,boundary,1
Lumen,0.7406,0.8661,0.1754,-0.1255,0.0000,0.4779,0.4385,high,boundary,1
Lumen,0.7407,0.8662,0.1747,-0.1255,0.0000,0.4779,0.4389,high,boundary,1
Lumen,0.7406,0.8661,0.1747,-0.1255,0.0000,0.4779,0.4396,high,boundary,1
Lumen,0.7406,0.8660,0.1748,-0.1255,0.1499,0.4779,0.4399,high,boundary,1
Lumen,0.7407,0.8661,0.1744,-0.1255,0.0000,0.4779,0.4399,high,boundary,1
Lumen,0.7406,0.8660,0.1744,-0.1255,0.0000,0.4779,0.4403,high,boundary,1
Lumen,0.7406,0.8660,0.1744,-0.1255,0.0000,0.4779,0.4406,high,boundary,1
Lumen,0.7406,0.8660,0.1743,-0.1255,0.0000,0.4779,0.4409,high,boundary,1
Lumen,0.7409,0.8662,0.1729,-0.1254,0.1498,0.4779,0.4400,high,boundary,1
Lumen,0.7410,0.8663,0.1726,-0.1254,0.0000,0.4779,0.4399,high,boundary,1
Lumen,0.7409,0.8662,0.1729,-0.1254,0.0000,0.4779,0.4403,high,boundary,1
Lumen,0.7415,0.8667,0.1705,-0.1254,0.1499,0.4783,0.4374,high,boundary,1
Lumen,0.7407,0.8661,0.1882,-0.1254,0.1500,0.4785,0.4169,high,boundary,1
Lumen,0.7402,0.8657,0.2068,-0.1254,0.1500,0.4791,0.3552,high,low,1
Lumen,0.7398,0.8654,0.2063,-0.1254,0.0000,0.4793,0.3594,high,low,1
Lumen,0.7393,0.8650,0.2111,-0.1255,0.0000,0.4793,0.3407,high,low,1
Lumen,0.7391,0.8648,0.2189,-0.1255,0.0000,0.4791,0.3030,high,low,1
Lumen,0.7395,0.8652,0.2236,-0.1255,0.1500,0.4790,0.2759,high,low,1
Lumen,0.7395,0.8652,0.2289,-0.1255,0.0000,0.4787,0.2465,high,low,1
Lumen,0.7392,0.8650,0.2340,-0.1255,0.1499,0.4785,0.2175,high,low,1
Lumen,0.7396,0.8652,0.2363,-0.1255,0.1500,0.4784,0.2022,high,low,1
Lumen,0.7392,0.8648,0.2408,-0.1256,0.0000,0.4782,0.1762,high,low,1
Lumen,0.7389,0.8644,0.2400,-0.1256,0.0000,0.4781,0.1833,high,low,1
Lumen,0.7386,0.8641,0.2438,-0.1256,0.0000,0.4779,0.1609,high,low,1
Lumen,0.7385,0.8640,0.2463,-0.1255,0.0000,0.4779,0.1458,high,low,1
Lumen,0.7387,0.8640,0.2430,-0.1255,0.0000,0.4778,0.1668,high,low,1
Lumen,0.7388,0.8640,0.2450,-0.1255,0.0000,0.4777,0.1538,high,low,1
Lumen,0.7389,0.8640,0.2514,-0.1254,0.0000,0.4776,0.1121,boundary,low,1
Lumen,0.7390,0.8641,0.2564,-0.1254,0.0056,0.4776,0.0777,boundary,low,1
Lumen,0.7390,0.8641,0.2610,-0.1254,0.0207,0.4775,0.0459,boundary,low,1
Lumen,0.7390,0.8641,0.2650,-0.1253,0.0330,0.4775,0.0180,boundary,low,1
Lumen,0.7391,0.8641,0.2682,-0.1253,0.0416,0.4775,0.0000,boundary,low,1
Lumen,0.7391,0.8642,0.2663,-0.1253,0.0314,0.4775,0.0086,boundary,low,1
Lumen,0.7397,0.8646,0.2647,-0.1252,0.0228,0.4774,0.0178,boundary,low,1
Lumen,0.7402,0.8650,0.2634,-0.1252,0.0153,0.4774,0.0254,boundary,low,1
Lumen,0.7405,0.8653,0.2583,-0.1252,0.0000,0.4774,0.0593,boundary,low,1
Lumen,0.7405,0.8653,0.2500,-0.1251,0.0000,0.4774,0.1151,high,low,1
Lumen,0.7406,0.8655,0.2473,-0.1251,0.0000,0.4774,0.1319,high,low,1
Lumen,0.7407,0.8655,0.2452,-0.1251,0.0000,0.4775,0.1454,high,low,1
Lumen,0.7408,0.8657,0.2431,-0.1251,0.0000,0.4775,0.1579,high,low,1
Lumen,0.7407,0.8656,0.2420,-0.1250,0.0000,0.4775,0.1649,high,low,1
Lumen,0.7407,0.8657,0.2410,-0.1250,0.0000,0.4775,0.1713,high,low,1
Lumen,0.7406,0.8656,0.2356,-0.1250,0.0000,0.4776,0.2044,high,low,1
Lumen,0.7406,0.8657,0.2308,-0.1250,0.0000,0.4776,0.2328,high,low,1
Lumen,0.7412,0.8662,0.2244,-0.1250,0.1500,0.4776,0.2660,high,low,1
Lumen,0.7412,0.8662,0.2212,-0.1250,0.0000,0.4776,0.2828,high,low,1
Lumen,0.7408,0.8660,0.2152,-0.1251,0.0000,0.4776,0.3154,high,low,1
Lumen,0.7403,0.8656,0.2107,-0.1251,0.0000,0.4777,0.3393,high,low,1
Lumen,0.7399,0.8652,0.2069,-0.1251,0.0000,0.4778,0.3584,high,low,1
Lumen,0.7395,0.8649,0.2037,-0.1251,0.0000,0.4778,0.3742,high,low,1
Lumen,0.7392,0.8646,0.2009,-0.1252,0.0000,0.4779,0.3870,high,low,1
Lumen,0.7389,0.8643,0.1986,-0.1252,0.0000,0.4779,0.3977,high,low,1
Lumen,0.7386,0.8640,0.1966,-0.1252,0.0000,0.4779,0.4065,high,boundary,1
Lumen,0.7384,0.8638,0.1949,-0.1252,0.0000,0.4779,0.4138,high,boundary,1
Lumen,0.7382,0.8636,0.1932,-0.1252,0.0000,0.4779,0.4203,high,boundary,1
Lumen,0.7380,0.8634,0.1922,-0.1253,0.0000,0.4779,0.4250,high,boundary,1
Lumen,0.7379,0.8633,0.1908,-0.1253,0.0000,0.4779,0.4300,high,boundary,1
Lumen,0.7379,0.8632,0.1897,-0.1253,0.0000,0.4779,0.4341,high,boundary,1
Lumen,0.7378,0.8630,0.1888,-0.1253,0.0000,0.4779,0.4374,high,boundary,1
Lumen,0.7378,0.8630,0.1879,-0.1253,0.0000,0.4779,0.4402,high,boundary,1
Lumen,0.7378,0.8629,0.1870,-0.1252,0.0000,0.4779,0.4428,high,boundary,1
Lumen,0.7379,0.8630,0.1859,-0.1252,0.0000,0.4778,0.4452,high,boundary,1
Lumen,0.7380,0.8630,0.1851,-0.1252,0.0000,0.4778,0.4472,high,boundary,1
Lumen,0.7382,0.8631,0.1838,-0.1252,0.0000,0.4778,0.4492,high,boundary,1
Lumen,0.7384,0.8632,0.1826,-0.1251,0.0000,0.4778,0.4506,high,high,0
Lumen,0.7384,0.8632,0.1821,-0.1251,0.0000,0.4778,0.4516,high,high,0
Lumen,0.7385,0.8633,0.1815,-0.1251,0.0000,0.4778,0.4523,high,high,0
Lumen,0.7385,0.8633,0.1813,-0.1250,0.0000,0.4778,0.4529,high,high,0
Lumen,0.7385,0.8632,0.1811,-0.1250,0.1498,0.4778,0.4534,high,high,0
Lumen,0.7385,0.8633,0.1805,-0.1250,0.0000,0.4778,0.4539,high,high,0
Lumen,0.7385,0.8632,0.1807,-0.1250,0.0000,0.4779,0.4540,high,high,0
Lumen,0.7384,0.8632,0.1810,-0.1249,0.0000,0.4779,0.4541,high,high,0
Lumen,0.7385,0.8632,0.1807,-0.1249,0.0000,0.4779,0.4543,high,high,0
Lumen,0.7383,0.8631,0.1811,-0.1249,0.0000,0.4779,0.4544,high,high,0
Lumen,0.7382,0.8630,0.1816,-0.1249,0.0000,0.4779,0.4545,high,high,0
Lumen,0.7380,0.8628,0.1822,-0.1249,0.0000,0.4779,0.4545,high,high,0
Lumen,0.7378,0.8626,0.1828,-0.1249,0.0000,0.4779,0.4545,high,high,0
Lumen,0.7378,0.8626,0.1827,-0.1249,0.0000,0.4779,0.4549,high,high,0
Lumen,0.7378,0.8626,0.1826,-0.1249,0.1499,0.4779,0.4553,high,high,0
Lumen,0.7376,0.8624,0.1831,-0.1249,0.0000,0.4779,0.4553,high,high,0
Lumen,0.7376,0.8624,0.1830,-0.1248,0.0000,0.4779,0.4558,high,high,0
Lumen,0.7375,0.8623,0.1835,-0.1248,0.0000,0.4779,0.4558,high,high,0
Lumen,0.7375,0.8622,0.1833,-0.1248,0.0000,0.4779,0.4563,high,high,0
Lumen,0.7374,0.8621,0.1836,-0.1248,0.0000,0.4779,0.4564,high,high,0
Lumen,0.7374,0.8621,0.1836,-0.1248,0.0000,0.4779,0.4567,high,high,0
Lumen,0.7374,0.8621,0.1835,-0.1248,0.1496,0.4779,0.4571,high,high,0
Lumen,0.7373,0.8620,0.1839,-0.1248,0.0000,0.4779,0.4571,high,high,0
Lumen,0.7372,0.8618,0.1845,-0.1248,0.0000,0.4779,0.4570,high,high,0
Lumen,0.7371,0.8617,0.1846,-0.1248,0.0000,0.4779,0.4572,high,high,0
Lumen,0.7370,0.8616,0.1849,-0.1247,0.0000,0.4779,0.4573,high,high,0
Lumen,0.7370,0.8616,0.1851,-0.1247,0.0000,0.4779,0.4575,high,high,0
Lumen,0.7369,0.8615,0.1853,-0.1247,0.0000,0.4779,0.4576,high,high,0
Lumen,0.7369,0.8615,0.1850,-0.1247,0.0000,0.4779,0.4582,high,high,0
Lumen,0.7370,0.8615,0.1848,-0.1247,0.0000,0.4779,0.4587,high,high,0
Lumen,0.7370,0.8615,0.1846,-0.1247,0.0000,0.4779,0.4590,high,high,0
Lumen,0.7369,0.8614,0.1849,-0.1246,0.0000,0.4779,0.4589,high,high,0
Lumen,0.7368,0.8613,0.1853,-0.1246,0.0000,0.4779,0.4587,high,high,0
Lumen,0.7367,0.8612,0.1857,-0.1246,0.0000,0.4779,0.4586,high,high,0
Lumen,0.7367,0.8612,0.1857,-0.1246,0.0000,0.4779,0.4588,high,high,0
Lumen,0.7368,0.8613,0.1852,-0.1246,0.1498,0.4779,0.4596,high,high,0
Lumen,0.7370,0.8614,0.1845,-0.1246,0.0000,0.4779,0.4603,high,high,0
Lumen,0.7371,0.8615,0.1839,-0.1245,0.0000,0.4778,0.4609,high,high,0
Lumen,0.7372,0.8615,0.1836,-0.1245,0.0000,0.4778,0.4611,high,high,0
Lumen,0.7373,0.8616,0.1833,-0.1245,0.0000,0.4778,0.4613,high,high,0
Lumen,0.7372,0.8616,0.1835,-0.1245,0.0000,0.4778,0.4611,high,high,0
Lumen,0.7373,0.8617,0.1831,-0.1245,0.0000,0.4778,0.4614,high,high,0
Lumen,0.7376,0.8618,0.1822,-0.1244,0.0000,0.4778,0.4618,high,high,0
Lumen,0.7376,0.8619,0.1820,-0.1244,0.0000,0.4778,0.4618,high,high,0
Lumen,0.7377,0.8620,0.1816,-0.1244,0.0000,0.4778,0.4618,high,high,0
Lumen,0.7378,0.8621,0.1813,-0.1244,0.0000,0.4778,0.4617,high,high,0
Lumen,0.7378,0.8621,0.1816,-0.1244,0.0000,0.4778,0.4614,high,high,0
Lumen,0.7378,0.8621,0.1815,-0.1244,0.0000,0.4778,0.4612,high,high,0
Lumen,0.7377,0.8620,0.1821,-0.1244,0.1498,0.4779,0.4608,high,high,0
Lumen,0.7375,0.8619,0.1826,-0.1244,0.0000,0.4779,0.4604,high,high,0
Lumen,0.7375,0.8619,0.1827,-0.1244,0.0000,0.4779,0.4603,high,high,0
Lumen,0.7375,0.8619,0.1829,-0.1244,0.0000,0.4779,0.4602,high,high,0
Lumen,0.7374,0.8618,0.1831,-0.1244,0.0000,0.4779,0.4599,high,high,0
Lumen,0.7372,0.8616,0.1841,-0.1244,0.0000,0.4779,0.4593,high,high,0
Lumen,0.7370,0.8615,0.1848,-0.1244,0.0000,0.4779,0.4588,high,high,0
Lumen,0.7370,0.8614,0.1849,-0.1244,0.0000,0.4779,0.4588,high,high,0
Lumen,0.7368,0.8613,0.1856,-0.1244,0.0000,0.4779,0.4583,high,high,0
Lumen,0.7368,0.8613,0.1854,-0.1244,0.0000,0.4779,0.4587,high,high,0
Lumen,0.7367,0.8611,0.1860,-0.1244,0.0000,0.4779,0.4583,high,high,0
Lumen,0.7365,0.8610,0.1865,-0.1244,0.0000,0.4779,0.4580,high,high,0
Lumen,0.7364,0.8609,0.1870,-0.1244,0.0000,0.4779,0.4577,high,high,0
Lumen,0.7363,0.8608,0.1873,-0.1244,0.0000,0.4779,0.4576,high,high,0
Lumen,0.7364,0.8608,0.1870,-0.1244,0.0000,0.4779,0.4584,high,high,0
Lumen,0.7363,0.8607,0.1873,-0.1244,0.0000,0.4779,0.4583,high,high,0
Lumen,0.7364,0.8607,0.1869,-0.1244,0.0000,0.4779,0.4591,high,high,0
Lumen,0.7363,0.8607,0.1871,-0.1244,0.0000,0.4779,0.4591,high,high,0
Lumen,0.7363,0.8606,0.1871,-0.1244,0.0000,0.4779,0.4592,high,high,0
Lumen,0.7364,0.8607,0.1865,-0.1244,0.1494,0.4779,0.4602,high,high,0
Lumen,0.7365,0.8608,0.1861,-0.1244,0.0000,0.4779,0.4609,high,high,0
Lumen,0.7365,0.8607,0.1863,-0.1244,0.0000,0.4778,0.4608,high,high,0
Lumen,0.7365,0.8607,0.1863,-0.1244,0.0000,0.4778,0.4609,high,high,0
Lumen,0.7366,0.8608,0.1858,-0.1243,0.0000,0.4778,0.4615,high,high,0
Lumen,0.7367,0.8609,0.1853,-0.1243,0.0000,0.4778,0.4621,high,high,0
Lumen,0.7367,0.8609,0.1853,-0.1243,0.0000,0.4778,0.4621,high,high,0
Lumen,0.7368,0.8610,0.1850,-0.1243,0.0000,0.4778,0.4624,high,high,0
Lumen,0.7367,0.8609,0.1852,-0.1243,0.0000,0.4778,0.4621,high,high,0
Lumen,0.7367,0.8609,0.1855,-0.1243,0.0000,0.4778,0.4618,high,high,0
Lumen,0.7367,0.8609,0.1852,-0.1243,0.0000,0.4779,0.4621,high,high,0
Lumen,0.7367,0.8609,0.1855,-0.1243,0.0000,0.4779,0.4618,high,high,0
Lumen,0.7367,0.8609,0.1855,-0.1243,0.0000,0.4779,0.4618,high,high,0
Lumen,0.7365,0.8607,0.1862,-0.1243,0.1498,0.4779,0.4609,high,high,0
Lumen,0.7363,0.8605,0.1872,-0.1243,0.0000,0.4779,0.4598,high,high,0
Lumen,0.7361,0.8604,0.1880,-0.1243,0.0000,0.4779,0.4589,high,high,0
Lumen,0.7359,0.8602,0.1886,-0.1243,0.0000,0.4780,0.4582,high,high,0
Lumen,0.7359,0.8602,0.1887,-0.1243,0.0000,0.4780,0.4583,high,high,0
Lumen,0.7357,0.8600,0.1892,-0.1243,0.0000,0.4780,0.4577,high,high,0
Lumen,0.7357,0.8600,0.1892,-0.1243,0.0000,0.4779,0.4580,high,high,0
Lumen,0.7356,0.8599,0.1897,-0.1243,0.0000,0.4779,0.4574,high,high,0
Lumen,0.7355,0.8597,0.1901,-0.1243,0.0000,0.4779,0.4570,high,high,0
Lumen,0.7355,0.8597,0.1901,-0.1243,0.0000,0.4779,0.4574,high,high,0
Lumen,0.7355,0.8597,0.1900,-0.1243,0.1498,0.4784,0.4578,high,high,0
Lumen,0.7348,0.8591,0.2071,-0.1243,0.1500,0.4795,0.3956,high,low,1
Lumen,0.7342,0.8587,0.2261,-0.1243,0.1500,0.4808,0.2972,high,low,1
Lumen,0.7336,0.8582,0.2423,-0.1243,0.0000,0.4820,0.1976,high,low,1
Lumen,0.7332,0.8579,0.2560,-0.1244,0.0483,0.4830,0.1056,boundary,low,1
Lumen,0.7328,0.8577,0.2677,-0.1244,0.0970,0.4837,0.0227,boundary,low,1
Lumen,0.7329,0.8578,0.2770,-0.1245,0.1334,0.4838,0.0000,boundary,low,1
Lumen,0.7328,0.8574,0.2693,-0.1245,0.2469,0.4831,0.0122,boundary,low,1
Lumen,0.7327,0.8569,0.2678,-0.1244,0.2373,0.4821,0.0253,boundary,low,1
Lumen,0.7328,0.8566,0.2657,-0.1244,0.2257,0.4811,0.0421,boundary,low,1
Lumen,0.7327,0.8561,0.2644,-0.1243,0.0679,0.4802,0.0535,boundary,low,1
Lumen,0.7326,0.8555,0.2585,-0.1241,0.0412,0.4795,0.0981,boundary,low,1
Lumen,0.7327,0.8550,0.2528,-0.1240,0.0158,0.4790,0.1408,boundary,low,1
Lumen,0.7327,0.8544,0.2481,-0.1237,0.0000,0.4786,0.1767,high,low,1
Lumen,0.7327,0.8538,0.2485,-0.1235,0.0000,0.4783,0.1761,high,low,1
Lumen,0.7326,0.8532,0.2494,-0.1232,0.0000,0.4781,0.1729,high,low,1
Lumen,0.7326,0.8527,0.2495,-0.1229,0.1497,0.4780,0.1744,high,low,1
Lumen,0.7325,0.8523,0.2449,-0.1226,0.0000,0.4780,0.2082,high,low,1
Lumen,0.7325,0.8520,0.2410,-0.1223,0.0000,0.4779,0.2361,high,low,1
Lumen,0.7324,0.8518,0.2375,-0.1220,0.0000,0.4779,0.2610,high,low,1
Lumen,0.7322,0.8515,0.2351,-0.1217,0.0000,0.4778,0.2781,high,low,1
Lumen,0.7326,0.8517,0.2330,-0.1214,0.0000,0.4778,0.2914,high,low,1
Lumen,0.7330,0.8519,0.2313,-0.1212,0.0000,0.4778,0.3022,high,low,1
Lumen,0.7333,0.8520,0.2252,-0.1209,0.0000,0.4778,0.3400,high,low,1
Lumen,0.7335,0.8522,0.2199,-0.1207,0.0000,0.4777,0.3713,high,low,1
Lumen,0.7340,0.8526,0.2142,-0.1205,0.0000,0.4777,0.4018,high,boundary,1
Lumen,0.7358,0.8530,0.2095,-0.1202,0.0000,0.4778,0.4270,high,boundary,1
Lumen,0.7360,0.8533,0.2056,-0.1199,0.0000,0.4778,0.4446,high,boundary,1
Lumen,0.7362,0.8540,0.2021,-0.1197,0.0000,0.4779,0.4562,high,high,0
Lumen,0.7365,0.8547,0.1987,-0.1195,0.0000,0.4778,0.4658,high,high,0
Lumen,0.7365,0.8553,0.1965,-0.1195,0.0000,0.4778,0.4706,high,high,0
Lumen,0.7366,0.8558,0.1946,-0.1194,0.0000,0.4777,0.4742,high,high,0
Lumen,0.7377,0.8571,0.1895,-0.1194,0.0000,0.4777,0.4825,high,high,0
Lumen,0.7419,0.8578,0.1870,-0.1191,0.0000,0.4778,0.4871,high,high,0
Lumen,0.7413,0.8580,0.1868,-0.1188,0.0000,0.4780,0.4853,high,high,0
Lumen,0.7408,0.8583,0.1863,-0.1187,0.1500,0.4781,0.4840,high,high,0
Lumen,0.7403,0.8585,0.1862,-0.1186,0.1500,0.4781,0.4824,high,high,0
Lumen,0.7399,0.8587,0.1860,-0.1187,0.1500,0.4781,0.4808,high,high,0
Lumen,0.7395,0.8589,0.1859,-0.1187,0.1499,0.4781,0.4792,high,high,0
Lumen,0.7392,0.8591,0.1856,-0.1188,0.1499,0.4781,0.4780,high,high,0
Lumen,0.7390,0.8593,0.1854,-0.1190,0.0000,0.4780,0.4768,high,high,0
Lumen,0.7395,0.8595,0.1851,-0.1191,0.0000,0.4780,0.4764,high,high,0
Lumen,0.7393,0.8597,0.1848,-0.1192,0.0000,0.4780,0.4754,high,high,0
Lumen,0.7390,0.8598,0.1847,-0.1194,0.1497,0.4781,0.4743,high,high,0
Lumen,0.7388,0.8599,0.1847,-0.1196,0.1499,0.4780,0.4733,high,high,0
Lumen,0.7385,0.8600,0.1850,-0.1198,0.0000,0.4780,0.4722,high,high,0
Lumen,0.7382,0.8600,0.1853,-0.1200,0.0000,0.4780,0.4710,high,high,0
Lumen,0.7381,0.8600,0.1853,-0.1202,0.0000,0.4780,0.4702,high,high,0
Lumen,0.7378,0.8601,0.1855,-0.1204,0.0000,0.4780,0.4693,high,high,0
Lumen,0.7376,0.8600,0.1861,-0.1206,0.0000,0.4780,0.4682,high,high,0
Lumen,0.7380,0.8605,0.1840,-0.1208,0.0000,0.4780,0.4695,high,high,0
Lumen,0.7442,0.8606,0.1836,-0.1203,0.0000,0.4782,0.4728,high,high,0
Lumen,0.7432,0.8606,0.1844,-0.1200,0.0000,0.4786,0.4716,high,high,0
Lumen,0.7424,0.8605,0.1849,-0.1198,0.1450,0.4787,0.4705,high,high,0
Lumen,0.7416,0.8604,0.1855,-0.1198,0.1500,0.4787,0.4691,high,high,0
Lumen,0.7409,0.8604,0.1861,-0.1197,0.0000,0.4786,0.4679,high,high,0
Lumen,0.7412,0.8612,0.1828,-0.1197,0.1500,0.4786,0.4692,high,high,0
Lumen,0.7464,0.8614,0.1819,-0.1193,0.0000,0.4787,0.4698,high,high,0
Lumen,0.7452,0.8613,0.1830,-0.1190,0.0000,0.4789,0.4687,high,high,0
Lumen,0.7441,0.8613,0.1834,-0.1188,0.0000,0.4789,0.4680,high,high,0
Lumen,0.7432,0.8612,0.1839,-0.1187,0.1500,0.4788,0.4672,high,high,0
Lumen,0.7425,0.8612,0.1843,-0.1187,0.0000,0.4787,0.4666,high,high,0
Lumen,0.7418,0.8611,0.1846,-0.1188,0.0000,0.4786,0.4660,high,high,0
Lumen,0.7411,0.8610,0.1851,-0.1189,0.0000,0.4785,0.4653,high,high,0
Lumen,0.7405,0.8609,0.1855,-0.1190,0.0000,0.4784,0.4647,high,high,0
Lumen,0.7400,0.8608,0.1859,-0.1192,0.0000,0.4783,0.4642,high,high,0
Lumen,0.7396,0.8608,0.1861,-0.1194,0.0000,0.4782,0.4640,high,high,0
Lumen,0.7392,0.8607,0.1863,-0.1196,0.0000,0.4782,0.4639,high,high,0
Lumen,0.7388,0.8605,0.1868,-0.1198,0.0000,0.4782,0.4634,high,high,0
Lumen,0.7384,0.8604,0.1873,-0.1200,0.0000,0.4781,0.4629,high,high,0
Lumen,0.7381,0.8603,0.1877,-0.1203,0.0000,0.4781,0.4625,high,high,0
Lumen,0.7389,0.8611,0.1839,-0.1204,0.0000,0.4781,0.4660,high,high,0
Lumen,0.7388,0.8611,0.1835,-0.1206,0.0000,0.4780,0.4660,high,high,0
Lumen,0.7385,0.8611,0.1838,-0.1208,0.0000,0.4780,0.4655,high,high,0
Lumen,0.7384,0.8611,0.1839,-0.1210,0.0000,0.4779,0.4652,high,high,0
Lumen,0.7382,0.8611,0.1842,-0.1212,0.0000,0.4779,0.4647,high,high,0
Lumen,0.7380,0.8610,0.1844,-0.1214,0.1498,0.4779,0.4643,high,high,0
Lumen,0.7379,0.8610,0.1846,-0.1216,0.0000,0.4779,0.4640,high,high,0
Lumen,0.7378,0.8610,0.1847,-0.1217,0.0000,0.4779,0.4637,high,high,0
Lumen,0.7377,0.8610,0.1848,-0.1219,0.0000,0.4779,0.4634,high,high,0
Lumen,0.7376,0.8610,0.1849,-0.1220,0.0000,0.4779,0.4631,high,high,0
Lumen,0.7374,0.8609,0.1853,-0.1222,0.1497,0.4779,0.4627,high,high,0
Lumen,0.7373,0.8609,0.1856,-0.1223,0.0000,0.4779,0.4623,high,high,0
Lumen,0.7372,0.8608,0.1857,-0.1225,0.0000,0.4779,0.4622,high,high,0
Lumen,0.7371,0.8608,0.1858,-0.1226,0.0000,0.4779,0.4620,high,high,0
Lumen,0.7369,0.8607,0.1862,-0.1227,0.0000,0.4779,0.4616,high,high,0
Lumen,0.7368,0.8607,0.1865,-0.1228,0.0000,0.4779,0.4612,high,high,0
Lumen,0.7367,0.8606,0.1867,-0.1229,0.0000,0.4779,0.4611,high,high,0
Lumen,0.7366,0.8605,0.1869,-0.1230,0.0000,0.4779,0.4608,high,high,0
Lumen,0.7365,0.8604,0.1873,-0.1231,0.0000,0.4779,0.4605,high,high,0
Lumen,0.7364,0.8604,0.1876,-0.1232,0.0000,0.4779,0.4602,high,high,0
Lumen,0.7363,0.8603,0.1880,-0.1233,0.0000,0.4779,0.4598,high,high,0
Lumen,0.7372,0.8611,0.1842,-0.1233,0.0000,0.4779,0.4636,high,high,0
Lumen,0.7474,0.8614,0.1828,-0.1224,0.0000,0.4783,0.4681,high,high,0
Lumen,0.7461,0.8613,0.1834,-0.1217,0.0000,0.4789,0.4677,high,high,0
Lumen,0.7450,0.8613,0.1837,-0.1211,0.1500,0.4791,0.4673,high,high,0
Lumen,0.7440,0.8613,0.1840,-0.1208,0.1500,0.4790,0.4667,high,high,0
Lumen,0.7431,0.8613,0.1844,-0.1205,0.1500,0.4789,0.4659,high,high,0
Lumen,0.7424,0.8613,0.1844,-0.1203,0.1500,0.4787,0.4652,high,high,0
Lumen,0.7418,0.8613,0.1844,-0.1203,0.1500,0.4785,0.4646,high,high,0
Lumen,0.7422,0.8622,0.1808,-0.1202,0.1500,0.4785,0.4650,high,high,0
Lumen,0.7538,0.8624,0.1798,-0.1191,0.0000,0.4789,0.4606,high,high,0
Lumen,0.7518,0.8624,0.1804,-0.1182,0.0000,0.4795,0.4621,high,high,0
Lumen,0.7502,0.8623,0.1806,-0.1176,0.1500,0.4796,0.4631,high,high,0
Lumen,0.7488,0.8623,0.1808,-0.1172,0.1500,0.4795,0.4637,high,high,0
Lumen,0.7485,0.8632,0.1772,-0.1169,0.1500,0.4795,0.4620,high,high,0
Lumen,0.7508,0.8635,0.1761,-0.1165,0.0000,0.4794,0.4592,high,high,0
Lumen,0.7493,0.8635,0.1769,-0.1163,0.0000,0.4793,0.4596,high,high,0
Lumen,0.7480,0.8634,0.1774,-0.1162,0.1499,0.4792,0.4598,high,high,0
Lumen,0.7468,0.8633,0.1782,-0.1162,0.0000,0.4790,0.4601,high,high,0
Lumen,0.7466,0.8639,0.1757,-0.1163,0.0000,0.4790,0.4583,high,high,0
Lumen,0.7524,0.8639,0.1756,-0.1159,0.0000,0.4792,0.4550,high,high,0
Lumen,0.7506,0.8637,0.1770,-0.1156,0.0000,0.4794,0.4570,high,high,0
Lumen,0.7491,0.8635,0.1778,-0.1155,0.0000,0.4794,0.4583,high,high,0
Lumen,0.7478,0.8633,0.1785,-0.1155,0.0000,0.4793,0.4591,high,high,0
Lumen,0.7467,0.8633,0.1787,-0.1156,0.0000,0.4791,0.4596,high,high,0
Lumen,0.7459,0.8633,0.1786,-0.1158,0.1497,0.4789,0.4597,high,high,0
Lumen,0.7451,0.8633,0.1786,-0.1160,0.1499,0.4787,0.4597,high,high,0
Lumen,0.7443,0.8633,0.1788,-0.1163,0.0000,0.4786,0.4597,high,high,0
Lumen,0.7436,0.8632,0.1792,-0.1166,0.0000,0.4785,0.4599,high,high,0
Lumen,0.7429,0.8630,0.1799,-0.1170,0.0000,0.4784,0.4601,high,high,0
Lumen,0.7423,0.8628,0.1804,-0.1173,0.0000,0.4783,0.4603,high,high,0
Lumen,0.7417,0.8627,0.1810,-0.1177,0.0000,0.4783,0.4605,high,high,0
Lumen,0.7412,0.8625,0.1815,-0.1181,0.0000,0.4783,0.4606,high,high,0
Lumen,0.7407,0.8623,0.1820,-0.1184,0.0000,0.4782,0.4607,high,high,0
Lumen,0.7403,0.8622,0.1824,-0.1188,0.0000,0.4782,0.4607,high,high,0
Lumen,0.7399,0.8621,0.1828,-0.1191,0.0000,0.4782,0.4607,high,high,0
Lumen,0.7396,0.8620,0.1829,-0.1194,0.0000,0.4781,0.4607,high,high,0
Lumen,0.7393,0.8619,0.1832,-0.1198,0.0000,0.4781,0.4606,high,high,0
Lumen,0.7400,0.8627,0.1798,-0.1201,0.0000,0.4781,0.4614,high,high,0
Lumen,0.7497,0.8629,0.1789,-0.1194,0.0000,0.4785,0.4618,high,high,0
Lumen,0.7484,0.8629,0.1792,-0.1189,0.0000,0.4790,0.4622,high,high,0
Lumen,0.7471,0.8628,0.1795,-0.1186,0.1500,0.4791,0.4623,high,high,0
Lumen,0.7470,0.8636,0.1766,-0.1184,0.1500,0.4791,0.4601,high,high,0
Lumen,0.7495,0.8638,0.1761,-0.1179,0.1498,0.4792,0.4579,high,high,0
Lumen,0.7481,0.8637,0.1771,-0.1177,0.0000,0.4792,0.4582,high,high,0
Lumen,0.7470,0.8637,0.1773,-0.1176,0.1500,0.4791,0.4579,high,high,0
Lumen,0.7459,0.8636,0.1783,-0.1176,0.1500,0.4790,0.4577,high,high,0
Lumen,0.7450,0.8635,0.1790,-0.1177,0.0000,0.4788,0.4576,high,high,0
Lumen,0.7441,0.8634,0.1797,-0.1179,0.0000,0.4787,0.4575,high,high,0
Lumen,0.7434,0.8632,0.1802,-0.1181,0.0000,0.4786,0.4576,high,high,0
Lumen,0.7427,0.8631,0.1806,-0.1183,0.0000,0.4784,0.4579,high,high,0
Lumen,0.7421,0.8630,0.1809,-0.1185,0.0000,0.4784,0.4582,high,high,0
Lumen,0.7416,0.8628,0.1812,-0.1188,0.0000,0.4783,0.4584,high,high,0
Lumen,0.7412,0.8628,0.1813,-0.1191,0.0000,0.4782,0.4588,high,high,0
Lumen,0.7408,0.8627,0.1815,-0.1194,0.0000,0.4782,0.4591,high,high,0
Lumen,0.7405,0.8626,0.1816,-0.1196,0.0000,0.4782,0.4594,high,high,0
Lumen,0.7402,0.8625,0.1818,-0.1199,0.0000,0.4781,0.4595,high,high,0
Lumen,0.7399,0.8625,0.1816,-0.1202,0.0000,0.4781,0.4598,high,high,0
Lumen,0.7398,0.8625,0.1811,-0.1204,0.1498,0.4780,0.4601,high,high,0
Lumen,0.7398,0.8627,0.1802,-0.1207,0.0000,0.4780,0.4603,high,high,0
Lumen,0.7398,0.8628,0.1798,-0.1209,0.0000,0.4780,0.4601,high,high,0
Lumen,0.7397,0.8629,0.1797,-0.1211,0.0000,0.4779,0.4598,high,high,0
Lumen,0.7396,0.8629,0.1796,-0.1213,0.0000,0.4779,0.4596,high,high,0
Lumen,0.7393,0.8628,0.1804,-0.1216,0.1499,0.4779,0.4592,high,high,0
Lumen,0.7397,0.8632,0.1783,-0.1217,0.0000,0.4779,0.4590,high,high,0
Lumen,0.7396,0.8632,0.1784,-0.1219,0.0000,0.4779,0.4587,high,high,0
Lumen,0.7395,0.8632,0.1787,-0.1221,0.1499,0.4779,0.4584,high,high,0
Lumen,0.7392,0.8630,0.1796,-0.1223,0.1499,0.4779,0.4582,high,high,0
Lumen,0.7389,0.8628,0.1805,-0.1225,0.0000,0.4780,0.4579,high,high,0
Lumen,0.7387,0.8627,0.1810,-0.1226,0.0000,0.4780,0.4578,high,high,0
Lumen,0.7385,0.8626,0.1816,-0.1228,0.0000,0.4780,0.4576,high,high,0
Lumen,0.7383,0.8625,0.1822,-0.1229,0.0000,0.4780,0.4575,high,high,0
Lumen,0.7382,0.8624,0.1821,-0.1230,0.0000,0.4780,0.4576,high,high,0
Lumen,0.7381,0.8624,0.1822,-0.1232,0.1499,0.4780,0.4577,high,high,0
Lumen,0.7380,0.8623,0.1828,-0.1233,0.1495,0.4780,0.4576,high,high,0
Lumen,0.7378,0.8622,0.1832,-0.1234,0.0000,0.4780,0.4575,high,high,0
Lumen,0.7378,0.8622,0.1830,-0.1235,0.0000,0.4779,0.4579,high,high,0
Lumen,0.7377,0.8621,0.1833,-0.1236,0.0000,0.4779,0.4579,high,high,0
Lumen,0.7377,0.8621,0.1829,-0.1237,0.0000,0.4779,0.4584,high,high,0
Lumen,0.7376,0.8620,0.1834,-0.1237,0.0000,0.4779,0.4583,high,high,0
Lumen,0.7375,0.8619,0.1838,-0.1238,0.0000,0.4779,0.4582,high,high,0
Lumen,0.7374,0.8618,0.1841,-0.1239,0.0000,0.4779,0.4583,high,high,0
Lumen,0.7373,0.8617,0.1841,-0.1239,0.0000,0.4779,0.4585,high,high,0
Lumen,0.7373,0.8617,0.1843,-0.1240,0.0000,0.4779,0.4587,high,high,0
Lumen,0.7373,0.8617,0.1841,-0.1240,0.0000,0.4779,0.4590,high,high,0
Lumen,0.7372,0.8616,0.1842,-0.1240,0.0000,0.4779,0.4591,high,high,0
Lumen,0.7373,0.8617,0.1837,-0.1241,0.1498,0.4779,0.4596,high,high,0
Lumen,0.7374,0.8618,0.1834,-0.1241,0.0000,0.4779,0.4599,high,high,0
Lumen,0.7373,0.8617,0.1838,-0.1241,0.0000,0.4779,0.4598,high,high,0
Lumen,0.7373,0.8617,0.1836,-0.1242,0.0000,0.4779,0.4600,high,high,0
Lumen,0.7374,0.8618,0.1832,-0.1242,0.0000,0.4779,0.4604,high,high,0
Lumen,0.7373,0.8617,0.1835,-0.1242,0.0000,0.4779,0.4601,high,high,0
Lumen,0.7372,0.8616,0.1840,-0.1242,0.0000,0.4779,0.4599,high,high,0
Lumen,0.7372,0.8616,0.1841,-0.1242,0.0000,0.4779,0.4599,high,high,0
Lumen,0.7371,0.8615,0.1843,-0.1242,0.0000,0.4779,0.4598,high,high,0
Lumen,0.7370,0.8614,0.1846,-0.1243,0.0000,0.4779,0.4596,high,high,0
Lumen,0.7370,0.8614,0.1847,-0.1243,0.0000,0.4779,0.4597,high,high,0
Lumen,0.7370,0.8614,0.1847,-0.1243,0.0000,0.4779,0.4598,high,high,0
Lumen,0.7370,0.8614,0.1847,-0.1243,0.1495,0.4779,0.4599,high,high,0
Lumen,0.7370,0.8614,0.1847,-0.1243,0.1489,0.4779,0.4600,high,high,0
Lumen,0.7370,0.8613,0.1847,-0.1243,0.0000,0.4779,0.4601,high,high,0
Lumen,0.7371,0.8615,0.1841,-0.1243,0.1498,0.4779,0.4607,high,high,0
Lumen,0.7372,0.8616,0.1835,-0.1243,0.0000,0.4778,0.4611,high,high,0
Lumen,0.7374,0.8617,0.1831,-0.1243,0.0000,0.4778,0.4614,high,high,0
Lumen,0.7375,0.8618,0.1827,-0.1243,0.0000,0.4778,0.4616,high,high,0
Lumen,0.7374,0.8617,0.1829,-0.1243,0.0000,0.4778,0.4613,high,high,0
Lumen,0.7374,0.8617,0.1829,-0.1243,0.0000,0.4778,0.4613,high,high,0
Lumen,0.7375,0.8618,0.1826,-0.1243,0.0000,0.4778,0.4614,high,high,0
Lumen,0.7374,0.8618,0.1829,-0.1243,0.0000,0.4778,0.4611,high,high,0
Lumen,0.7374,0.8617,0.1830,-0.1243,0.0000,0.4779,0.4610,high,high,0
Lumen,0.7374,0.8617,0.1831,-0.1243,0.0000,0.4779,0.4609,high,high,0
Lumen,0.7374,0.8617,0.1831,-0.1243,0.0000,0.4779,0.4608,high,high,0
Lumen,0.7373,0.8617,0.1832,-0.1243,0.0000,0.4779,0.4607,high,high,0
Lumen,0.7374,0.8618,0.1829,-0.1243,0.0000,0.4779,0.4608,high,high,0
Lumen,0.7375,0.8619,0.1824,-0.1243,0.0000,0.4779,0.4610,high,high,0
Lumen,0.7375,0.8618,0.1828,-0.1243,0.0000,0.4779,0.4607,high,high,0
Lumen,0.7376,0.8619,0.1824,-0.1243,0.0000,0.4779,0.4609,high,high,0
Lumen,0.7375,0.8619,0.1827,-0.1243,0.0000,0.4779,0.4606,high,high,0
Lumen,0.7376,0.8619,0.1824,-0.1243,0.0000,0.4779,0.4608,high,high,0
Lumen,0.7377,0.8620,0.1821,-0.1243,0.0000,0.4778,0.4609,high,high,0
Lumen,0.7376,0.8620,0.1823,-0.1243,0.0000,0.4779,0.4607,high,high,0
Lumen,0.7377,0.8620,0.1820,-0.1243,0.0000,0.4778,0.4607,high,high,0
Lumen,0.7383,0.8625,0.1797,-0.1243,0.1500,0.4778,0.4611,high,high,0
Lumen,0.7381,0.8624,0.1804,-0.1243,0.0000,0.4778,0.4607,high,high,0
Lumen,0.7380,0.8623,0.1811,-0.1243,0.1498,0.4778,0.4603,high,high,0
Lumen,0.7378,0.8622,0.1818,-0.1243,0.0000,0.4779,0.4599,high,high,0
Lumen,0.7379,0.8623,0.1816,-0.1243,0.0000,0.4779,0.4599,high,high,0
Lumen,0.7379,0.8623,0.1815,-0.1244,0.1499,0.4779,0.4599,high,high,0
Lumen,0.7379,0.8623,0.1816,-0.1244,0.0000,0.4779,0.4598,high,high,0
Lumen,0.7381,0.8624,0.1809,-0.1244,0.0000,0.4779,0.4600,high,high,0
Lumen,0.7382,0.8626,0.1803,-0.1244,0.0000,0.4779,0.4600,high,high,0
Lumen,0.7383,0.8626,0.1799,-0.1244,0.0000,0.4778,0.4599,high,high,0
Lumen,0.7384,0.8627,0.1796,-0.1244,0.0000,0.4778,0.4598,high,high,0
Lumen,0.7384,0.8628,0.1795,-0.1244,0.0000,0.4778,0.4596,high,high,0
Lumen,0.7386,0.8630,0.1786,-0.1244,0.1493,0.4778,0.4594,high,high,0
Lumen,0.7387,0.8631,0.1783,-0.1244,0.0000,0.4778,0.4592,high,high,0
Lumen,0.7389,0.8633,0.1776,-0.1244,0.0000,0.4778,0.4588,high,high,0
Lumen,0.7390,0.8633,0.1775,-0.1244,0.0000,0.4778,0.4584,high,high,0
Lumen,0.7391,0.8635,0.1768,-0.1244,0.0000,0.4778,0.4579,high,high,0
Lumen,0.7391,0.8635,0.1769,-0.1244,0.0000,0.4778,0.4575,high,high,0
Lumen,0.7393,0.8637,0.1762,-0.1244,0.0000,0.4778,0.4570,high,high,0
Lumen,0.7393,0.8637,0.1764,-0.1244,0.0000,0.4778,0.4566,high,high,0
Lumen,0.7393,0.8638,0.1764,-0.1244,0.0000,0.4778,0.4563,high,high,0
Lumen,0.7393,0.8638,0.1765,-0.1244,0.0000,0.4779,0.4559,high,high,0
Lumen,0.7395,0.8640,0.1758,-0.1244,0.0000,0.4779,0.4553,high,high,0
Lumen,0.7425,0.8641,0.1753,-0.1241,0.0000,0.4780,0.4563,high,high,0
Lumen,0.7422,0.8642,0.1751,-0.1239,0.0000,0.4781,0.4555,high,high,0
Lumen,0.7429,0.8651,0.1717,-0.1237,0.1500,0.4781,0.4508,high,high,0
Lumen,0.7434,0.8658,0.1692,-0.1236,0.0000,0.4782,0.4459,high,boundary,1
Lumen,0.7431,0.8658,0.1700,-0.1235,0.0000,0.4782,0.4457,high,boundary,1
Lumen,0.7437,0.8665,0.1674,-0.1235,0.1499,0.4782,0.4400,high,boundary,1
Lumen,0.7577,0.8667,0.1671,-0.1220,0.0000,0.4788,0.4289,high,boundary,1
Lumen,0.7557,0.8666,0.1682,-0.1209,0.0000,0.4796,0.4327,high,boundary,1
Lumen,0.7538,0.8666,0.1690,-0.1201,0.1500,0.4799,0.4354,high,boundary,1
Lumen,0.7522,0.8665,0.1698,-0.1195,0.1500,0.4798,0.4374,high,boundary,1
Lumen,0.7508,0.8664,0.1705,-0.1191,0.1500,0.4796,0.4388,high,boundary,1
Lumen,0.7496,0.8664,0.1711,-0.1189,0.1500,0.4793,0.4396,high,boundary,1
Lumen,0.7485,0.8664,0.1716,-0.1188,0.1499,0.4791,0.4402,high,boundary,1
Lumen,0.7475,0.8663,0.1721,-0.1188,0.0000,0.4789,0.4408,high,boundary,1
Lumen,0.7467,0.8662,0.1725,-0.1189,0.0000,0.4787,0.4415,high,boundary,1
Lumen,0.7460,0.8661,0.1727,-0.1190,0.0000,0.4785,0.4422,high,boundary,1
Lumen,0.7454,0.8660,0.1728,-0.1192,0.0000,0.4784,0.4428,high,boundary,1
Lumen,0.7449,0.8660,0.1728,-0.1194,0.0000,0.4784,0.4435,high,boundary,1
Lumen,0.7444,0.8658,0.1730,-0.1196,0.0000,0.4783,0.4443,high,boundary,1
Lumen,0.7450,0.8667,0.1695,-0.1198,0.0000,0.4783,0.4390,high,boundary,1
Lumen,0.7481,0.8670,0.1683,-0.1197,0.0000,0.4784,0.4362,high,boundary,1
Lumen,0.7477,0.8672,0.1673,-0.1197,0.0000,0.4785,0.4343,high,boundary,1
Lumen,0.7472,0.8673,0.1669,-0.1197,0.1500,0.4785,0.4333,high,boundary,1
Lumen,0.7467,0.8674,0.1667,-0.1198,0.1500,0.4784,0.4325,high,boundary,1
Lumen,0.7464,0.8676,0.1664,-0.1200,0.1500,0.4784,0.4315,high,boundary,1
Lumen,0.7460,0.8677,0.1660,-0.1201,0.1499,0.4783,0.4302,high,boundary,1
Lumen,0.7458,0.8679,0.1656,-0.1203,0.0000,0.4782,0.4287,high,boundary,1
Lumen,0.7456,0.8680,0.1652,-0.1205,0.0000,0.4782,0.4272,high,boundary,1
Lumen,0.7454,0.8682,0.1648,-0.1208,0.0000,0.4781,0.4258,high,boundary,1
Lumen,0.7453,0.8683,0.1645,-0.1210,0.0000,0.4781,0.4245,high,boundary,1
Lumen,0.7451,0.8684,0.1643,-0.1212,0.0000,0.4781,0.4235,high,boundary,1
Lumen,0.7450,0.8685,0.1642,-0.1214,0.1496,0.4780,0.4227,high,boundary,1
Lumen,0.7449,0.8686,0.1641,-0.1217,0.0000,0.4780,0.4219,high,boundary,1
Lumen,0.7447,0.8686,0.1641,-0.1219,0.1497,0.4780,0.4217,high,boundary,1
Lumen,0.7445,0.8686,0.1644,-0.1221,0.0000,0.4780,0.4219,high,boundary,1
Lumen,0.7442,0.8686,0.1649,-0.1223,0.0000,0.4780,0.4226,high,boundary,1
Lumen,0.7440,0.8685,0.1653,-0.1226,0.0000,0.4781,0.4232,high,boundary,1
Lumen,0.7438,0.8684,0.1658,-0.1228,0.0000,0.4781,0.4241,high,boundary,1
Lumen,0.7436,0.8683,0.1662,-0.1230,0.0000,0.4781,0.4248,high,boundary,1
Lumen,0.7434,0.8683,0.1666,-0.1232,0.0000,0.4781,0.4254,high,boundary,1
Lumen,0.7432,0.8682,0.1668,-0.1233,0.0000,0.4780,0.4258,high,boundary,1
Lumen,0.7431,0.8682,0.1671,-0.1235,0.0000,0.4780,0.4262,high,boundary,1
Lumen,0.7430,0.8681,0.1672,-0.1237,0.0000,0.4780,0.4264,high,boundary,1
Lumen,0.7428,0.8680,0.1678,-0.1238,0.0000,0.4780,0.4275,high,boundary,1
Lumen,0.7426,0.8679,0.1682,-0.1240,0.0000,0.4780,0.4283,high,boundary,1
Lumen,0.7424,0.8677,0.1688,-0.1241,0.0000,0.4780,0.4295,high,boundary,1
Lumen,0.7424,0.8677,0.1687,-0.1242,0.0000,0.4780,0.4295,high,boundary,1
Lumen,0.7424,0.8678,0.1684,-0.1244,0.1498,0.4780,0.4291,high,boundary,1
Lumen,0.7425,0.8678,0.1681,-0.1245,0.0000,0.4780,0.4287,high,boundary,1
Lumen,0.7424,0.8678,0.1683,-0.1246,0.0000,0.4780,0.4290,high,boundary,1
Lumen,0.7424,0.8678,0.1683,-0.1246,0.0000,0.4780,0.4292,high,boundary,1
Lumen,0.7422,0.8677,0.1687,-0.1247,0.1498,0.4780,0.4299,high,boundary,1
Lumen,0.7421,0.8676,0.1691,-0.1248,0.0000,0.4780,0.4307,high,boundary,1
Lumen,0.7421,0.8676,0.1689,-0.1249,0.0000,0.4780,0.4306,high,boundary,1
Lumen,0.7421,0.8676,0.1687,-0.1249,0.0000,0.4780,0.4305,high,boundary,1
Lumen,0.7420,0.8675,0.1692,-0.1250,0.0000,0.4780,0.4313,high,boundary,1
Lumen,0.7416,0.8671,0.1708,-0.1250,0.1498,0.4780,0.4337,high,boundary,1
Lumen,0.7420,0.8675,0.1693,-0.1251,0.0000,0.4780,0.4317,high,boundary,1
Lumen,0.7431,0.8684,0.1656,-0.1251,0.0000,0.4779,0.4237,high,boundary,1
Lumen,0.7441,0.8693,0.1626,-0.1251,0.0000,0.4778,0.4154,high,boundary,1
Lumen,0.7447,0.8699,0.1606,-0.1251,0.0000,0.4778,0.4091,high,boundary,1
Lumen,0.7444,0.8696,0.1620,-0.1251,0.0000,0.4779,0.4120,high,boundary,1
Lumen,0.7436,0.8691,0.1649,-0.1252,0.0000,0.4779,0.4183,high,boundary,1
Lumen,0.7431,0.8687,0.1713,-0.1252,0.0000,0.4780,0.4211,high,boundary,1
Lumen,0.7429,0.8685,0.1760,-0.1252,0.0000,0.4781,0.4194,high,boundary,1
Lumen,0.7423,0.8680,0.1814,-0.1253,0.0000,0.4781,0.4159,high,boundary,1
Lumen,0.7419,0.8676,0.1859,-0.1253,0.0000,0.4782,0.4105,high,boundary,1
Lumen,0.7416,0.8674,0.1889,-0.1254,0.0000,0.4782,0.4050,high,boundary,1
Lumen,0.7415,0.8673,0.1911,-0.1254,0.0000,0.4781,0.4001,high,boundary,1
Lumen,0.7417,0.8674,0.1921,-0.1254,0.0000,0.4781,0.3967,high,low,1
Lumen,0.7417,0.8674,0.1979,-0.1255,0.0000,0.4780,0.3783,high,low,1
Lumen,0.7418,0.8674,0.2074,-0.1255,0.1498,0.4780,0.3413,high,low,1
Lumen,0.7419,0.8675,0.2107,-0.1255,0.0000,0.4779,0.3267,high,low,1
Lumen,0.7418,0.8674,0.2139,-0.1255,0.0000,0.4779,0.3121,high,low,1
Lumen,0.7419,0.8675,0.2161,-0.1255,0.0000,0.4779,0.3011,high,low,1
Lumen,0.7420,0.8675,0.2182,-0.1255,0.0000,0.4779,0.2908,high,low,1
Lumen,0.7419,0.8674,0.2204,-0.1255,0.0000,0.4778,0.2801,high,low,1
Lumen,0.7419,0.8673,0.2222,-0.1255,0.0000,0.4778,0.2709,high,low,1
Lumen,0.7421,0.8675,0.2273,-0.1255,0.0000,0.4778,0.2420,high,low,1
Lumen,0.7424,0.8678,0.2315,-0.1255,0.0000,0.4778,0.2170,high,low,1
Lumen,0.7425,0.8678,0.2308,-0.1255,0.0000,0.4778,0.2200,high,low,1
Lumen,0.7426,0.8680,0.2348,-0.1255,0.0143,0.4777,0.1962,high,low,1
Lumen,0.7426,0.8679,0.2435,-0.1254,0.0573,0.4777,0.1433,high,low,1
Lumen,0.7426,0.8680,0.2506,-0.1254,0.0918,0.4777,0.0975,boundary,low,1
Lumen,0.7424,0.8678,0.2573,-0.1254,0.1235,0.4778,0.0539,boundary,low,1
Lumen,0.7422,0.8677,0.2631,-0.1254,0.1499,0.4778,0.0154,boundary,low,1
Lumen,0.7421,0.8676,0.2679,-0.1254,0.1715,0.4778,0.0000,boundary,low,1
Lumen,0.7421,0.8676,0.2670,-0.1255,0.1641,0.4777,0.0000,boundary,low,1
Lumen,0.7419,0.8675,0.2668,-0.1255,0.1605,0.4777,0.0000,boundary,low,1
Lumen,0.7419,0.8674,0.2663,-0.1255,0.1560,0.4777,0.0000,boundary,low,1
Lumen,0.7417,0.8673,0.2616,-0.1255,0.1310,0.4777,0.0273,boundary,low,1
Lumen,0.7416,0.8672,0.2527,-0.1255,0.0865,0.4777,0.0875,boundary,low,1
Lumen,0.7416,0.8672,0.2450,-0.1255,0.0484,0.4776,0.1375,high,low,1
Lumen,0.7416,0.8672,0.2431,-0.1255,0.0384,0.4776,0.1497,high,low,1
Lumen,0.7415,0.8671,0.2416,-0.1255,0.0301,0.4776,0.1597,high,low,1
Lumen,0.7415,0.8670,0.2405,-0.1255,0.0241,0.4776,0.1669,high,low,1
Lumen,0.7413,0.8669,0.2397,-0.1255,0.0197,0.4776,0.1723,high,low,1
Lumen,0.7413,0.8669,0.2341,-0.1255,0.0000,0.4776,0.2062,high,low,1
Lumen,0.7412,0.8668,0.2295,-0.1255,0.0000,0.4776,0.2338,high,low,1
Lumen,0.7412,0.8668,0.2255,-0.1256,0.0000,0.4776,0.2565,high,low,1
Lumen,0.7414,0.8669,0.2213,-0.1256,0.0000,0.4776,0.2783,high,low,1
Lumen,0.7416,0.8671,0.2174,-0.1255,0.0000,0.4776,0.2970,high,low,1
Lumen,0.7417,0.8672,0.2098,-0.1255,0.0000,0.4776,0.3325,high,low,1
Lumen,0.7417,0.8672,0.2038,-0.1255,0.0000,0.4776,0.3580,high,low,1
Lumen,0.7417,0.8672,0.1986,-0.1255,0.0000,0.4776,0.3774,high,low,1
Lumen,0.7418,0.8673,0.1938,-0.1255,0.0000,0.4776,0.3924,high,low,1
Lumen,0.7419,0.8674,0.1896,-0.1255,0.0000,0.4776,0.4034,high,boundary,1
Lumen,0.7419,0.8674,0.1864,-0.1255,0.0000,0.4777,0.4110,high,boundary,1
Lumen,0.7421,0.8676,0.1831,-0.1255,0.0000,0.4777,0.4166,high,boundary,1
Lumen,0.7421,0.8676,0.1807,-0.1255,0.0000,0.4777,0.4204,high,boundary,1
Lumen,0.7421,0.8676,0.1788,-0.1255,0.0000,0.4777,0.4231,high,boundary,1
Lumen,0.7421,0.8676,0.1772,-0.1255,0.0000,0.4778,0.4250,high,boundary,1
Lumen,0.7432,0.8685,0.1743,-0.1255,0.1499,0.4778,0.4205,high,boundary,1
Lumen,0.7445,0.8697,0.1704,-0.1255,0.0000,0.4778,0.4134,high,boundary,1
Lumen,0.7457,0.8708,0.1665,-0.1254,0.0000,0.4778,0.4044,high,boundary,1
Lumen,0.7455,0.8707,0.1667,-0.1254,0.0000,0.4779,0.4049,high,boundary,1
Lumen,0.7453,0.8707,0.1673,-0.1254,0.1500,0.4779,0.4052,high,boundary,1
Lumen,0.7451,0.8706,0.1671,-0.1254,0.0000,0.4780,0.4063,high,boundary,1
Lumen,0.7449,0.8705,0.1667,-0.1254,0.0000,0.4780,0.4069,high,boundary,1
Lumen,0.7448,0.8704,0.1663,-0.1255,0.0000,0.4780,0.4074,high,boundary,1
Lumen,0.7450,0.8707,0.1647,-0.1255,0.1499,0.4780,0.4049,high,boundary,1
Lumen,0.7505,0.8709,0.1631,-0.1250,0.0000,0.4782,0.4003,high,boundary,1
Lumen,0.7499,0.8710,0.1625,-0.1246,0.0000,0.4785,0.3998,high,low,1
Lumen,0.7493,0.8710,0.1621,-0.1243,0.1500,0.4786,0.3994,high,low,1
Lumen,0.7488,0.8711,0.1616,-0.1241,0.1500,0.4786,0.3989,high,low,1
Lumen,0.7484,0.8712,0.1612,-0.1240,0.1500,0.4785,0.3980,high,low,1
Lumen,0.7481,0.8713,0.1607,-0.1239,0.1500,0.4784,0.3971,high,low,1
Lumen,0.7478,0.8713,0.1604,-0.1239,0.0000,0.4783,0.3964,high,low,1
Lumen,0.7476,0.8714,0.1600,-0.1238,0.0000,0.4783,0.3953,high,low,1
Lumen,0.7474,0.8715,0.1597,-0.1239,0.0000,0.4782,0.3947,high,low,1
Lumen,0.7472,0.8715,0.1595,-0.1239,0.0000,0.4782,0.3942,high,low,1
Lumen,0.7469,0.8715,0.1595,-0.1240,0.1499,0.4781,0.3946,high,low,1
Lumen,0.7467,0.8714,0.1596,-0.1240,0.0000,0.4781,0.3951,high,low,1
Lumen,0.7465,0.8714,0.1596,-0.1241,0.0000,0.4781,0.3955,high,low,1
Lumen,0.7464,0.8714,0.1596,-0.1242,0.0000,0.4781,0.3958,high,low,1
Lumen,0.7462,0.8713,0.1597,-0.1243,0.0000,0.4781,0.3962,high,low,1
Lumen,0.7460,0.8713,0.1599,-0.1244,0.0000,0.4781,0.3968,high,low,1
Lumen,0.7459,0.8712,0.1600,-0.1245,0.0000,0.4781,0.3972,high,low,1
Lumen,0.7457,0.8712,0.1602,-0.1246,0.0000,0.4781,0.3977,high,low,1
Lumen,0.7456,0.8711,0.1605,-0.1247,0.0000,0.4781,0.3987,high,low,1
Lumen,0.7454,0.8710,0.1607,-0.1248,0.0000,0.4781,0.3994,high,low,1
Lumen,0.7453,0.8710,0.1609,-0.1249,0.0000,0.4781,0.4000,high,low,1
Lumen,0.7451,0.8708,0.1614,-0.1250,0.0000,0.4781,0.4016,high,boundary,1
Lumen,0.7450,0.8708,0.1614,-0.1250,0.0000,0.4781,0.4018,high,boundary,1
Lumen,0.7449,0.8708,0.1615,-0.1251,0.0000,0.4781,0.4022,high,boundary,1
Lumen,0.7448,0.8707,0.1617,-0.1252,0.0000,0.4781,0.4029,high,boundary,1
Lumen,0.7448,0.8707,0.1615,-0.1253,0.0000,0.4780,0.4026,high,boundary,1
Lumen,0.7449,0.8708,0.1610,-0.1253,0.0000,0.4780,0.4013,high,boundary,1
Lumen,0.7448,0.8708,0.1611,-0.1254,0.0000,0.4780,0.4017,high,boundary,1
Lumen,0.7449,0.8709,0.1609,-0.1255,0.0000,0.4780,0.4011,high,boundary,1
Lumen,0.7449,0.8709,0.1607,-0.1255,0.0000,0.4780,0.4006,high,boundary,1
Lumen,0.7449,0.8709,0.1608,-0.1256,0.0000,0.4780,0.4010,high,boundary,1
Lumen,0.7448,0.8708,0.1611,-0.1256,0.0000,0.4780,0.4018,high,boundary,1
Lumen,0.7447,0.8708,0.1611,-0.1257,0.0000,0.4780,0.4020,high,boundary,1
Lumen,0.7447,0.8707,0.1613,-0.1257,0.0000,0.4780,0.4024,high,boundary,1
Lumen,0.7447,0.8708,0.1610,-0.1257,0.0000,0.4780,0.4018,high,boundary,1
Lumen,0.7447,0.8708,0.1609,-0.1258,0.0000,0.4780,0.4015,high,boundary,1
Lumen,0.7447,0.8708,0.1610,-0.1258,0.0000,0.4780,0.4019,high,boundary,1
Lumen,0.7447,0.8708,0.1609,-0.1258,0.0000,0.4780,0.4016,high,boundary,1
Lumen,0.7447,0.8708,0.1608,-0.1258,0.0000,0.4780,0.4012,high,boundary,1
Lumen,0.7448,0.8709,0.1606,-0.1259,0.0000,0.4780,0.4008,high,boundary,1
Lumen,0.7447,0.8708,0.1610,-0.1259,0.0000,0.4780,0.4018,high,boundary,1
Lumen,0.7446,0.8707,0.1614,-0.1259,0.0000,0.4780,0.4029,high,boundary,1
Lumen,0.7446,0.8707,0.1613,-0.1259,0.0000,0.4780,0.4028,high,boundary,1
Lumen,0.7444,0.8706,0.1617,-0.1260,0.0000,0.4780,0.4039,high,boundary,1
Lumen,0.7443,0.8705,0.1621,-0.1260,0.0000,0.4780,0.4050,high,boundary,1
Lumen,0.7442,0.8704,0.1625,-0.1260,0.0000,0.4780,0.4062,high,boundary,1
Lumen,0.7441,0.8703,0.1629,-0.1260,0.0000,0.4780,0.4074,high,boundary,1
Lumen,0.7438,0.8700,0.1638,-0.1260,0.0000,0.4781,0.4097,high,boundary,1
Lumen,0.7436,0.8698,0.1645,-0.1261,0.0000,0.4781,0.4117,high,boundary,1
Lumen,0.7434,0.8696,0.1652,-0.1261,0.0000,0.4781,0.4136,high,boundary,1
Lumen,0.7432,0.8695,0.1657,-0.1261,0.0000,0.4781,0.4150,high,boundary,1
Lumen,0.7432,0.8694,0.1659,-0.1261,0.0000,0.4781,0.4159,high,boundary,1
Lumen,0.7431,0.8693,0.1659,-0.1261,0.0000,0.4780,0.4165,high,boundary,1
Lumen,0.7432,0.8693,0.1656,-0.1261,0.1499,0.4780,0.4162,high,boundary,1
Lumen,0.7432,0.8693,0.1655,-0.1261,0.0000,0.4780,0.4164,high,boundary,1
Lumen,0.7432,0.8693,0.1653,-0.1261,0.0000,0.4780,0.4162,high,boundary,1
Lumen,0.7432,0.8692,0.1655,-0.1261,0.0000,0.4780,0.4169,high,boundary,1
Lumen,0.7431,0.8692,0.1657,-0.1261,0.0000,0.4780,0.4177,high,boundary,1
Lumen,0.7431,0.8691,0.1658,-0.1261,0.0000,0.4780,0.4181,high,boundary,1
Lumen,0.7431,0.8691,0.1656,-0.1261,0.0000,0.4780,0.4181,high,boundary,1
Lumen,0.7431,0.8690,0.1657,-0.1261,0.0000,0.4780,0.4186,high,boundary,1
Lumen,0.7430,0.8690,0.1659,-0.1261,0.0000,0.4780,0.4191,high,boundary,1
Lumen,0.7429,0.8689,0.1663,-0.1261,0.0000,0.4780,0.4201,high,boundary,1
Lumen,0.7428,0.8688,0.1665,-0.1260,0.0000,0.4780,0.4208,high,boundary,1
Lumen,0.7429,0.8688,0.1662,-0.1260,0.0000,0.4780,0.4206,high,boundary,1
Lumen,0.7435,0.8693,0.1643,-0.1260,0.1500,0.4779,0.4163,high,boundary,1
Lumen,0.7433,0.8692,0.1648,-0.1260,0.0000,0.4779,0.4173,high,boundary,1
Lumen,0.7432,0.8690,0.1653,-0.1260,0.0000,0.4779,0.4185,high,boundary,1
Lumen,0.7432,0.8690,0.1652,-0.1260,0.0000,0.4780,0.4184,high,boundary,1
Lumen,0.7432,0.8690,0.1652,-0.1260,0.0000,0.4780,0.4186,high,boundary,1
Lumen,0.7431,0.8689,0.1656,-0.1259,0.1495,0.4780,0.4195,high,boundary,1
Lumen,0.7430,0.8689,0.1657,-0.1259,0.0000,0.4780,0.4198,high,boundary,1
Lumen,0.7429,0.8688,0.1661,-0.1259,0.0000,0.4780,0.4208,high,boundary,1
Lumen,0.7428,0.8687,0.1664,-0.1259,0.0000,0.4780,0.4215,high,boundary,1
Lumen,0.7428,0.8687,0.1664,-0.1259,0.0000,0.4780,0.4218,high,boundary,1
Lumen,0.7429,0.8687,0.1660,-0.1259,0.1490,0.4780,0.4211,high,boundary,1
Lumen,0.7429,0.8687,0.1660,-0.1259,0.0000,0.4780,0.4211,high,boundary,1
Lumen,0.7429,0.8687,0.1662,-0.1259,0.0000,0.4780,0.4217,high,boundary,1
Lumen,0.7428,0.8686,0.1663,-0.1259,0.0000,0.4780,0.4221,high,boundary,1
Lumen,0.7427,0.8686,0.1665,-0.1259,0.0000,0.4780,0.4227,high,boundary,1
Lumen,0.7426,0.8684,0.1671,-0.1259,0.0000,0.4780,0.4238,high,boundary,1
Lumen,0.7426,0.8684,0.1670,-0.1259,0.0000,0.4780,0.4239,high,boundary,1
Lumen,0.7426,0.8684,0.1671,-0.1259,0.1497,0.4780,0.4243,high,boundary,1
Lumen,0.7426,0.8683,0.1672,-0.1259,0.0000,0.4780,0.4245,high,boundary,1
Lumen,0.7426,0.8683,0.1671,-0.1258,0.1496,0.4780,0.4246,high,boundary,1
Lumen,0.7426,0.8683,0.1670,-0.1258,0.0000,0.4780,0.4246,high,boundary,1
Lumen,0.7425,0.8683,0.1672,-0.1258,0.0000,0.4780,0.4251,high,boundary,1
Lumen,0.7426,0.8683,0.1669,-0.1258,0.0000,0.4780,0.4246,high,boundary,1
Lumen,0.7426,0.8683,0.1668,-0.1258,0.0000,0.4779,0.4246,high,boundary,1
Lumen,0.7426,0.8683,0.1669,-0.1258,0.0000,0.4779,0.4247,high,boundary,1
Lumen,0.7425,0.8683,0.1670,-0.1258,0.1497,0.4780,0.4251,high,boundary,1
Lumen,0.7424,0.8682,0.1675,-0.1258,0.0000,0.4780,0.4261,high,boundary,1
Lumen,0.7424,0.8681,0.1677,-0.1258,0.0000,0.4780,0.4266,high,boundary,1
Lumen,0.7423,0.8680,0.1679,-0.1258,0.0000,0.4780,0.4270,high,boundary,1
Lumen,0.7422,0.8680,0.1682,-0.1258,0.0000,0.4780,0.4277,high,boundary,1
Lumen,0.7421,0.8679,0.1685,-0.1258,0.0000,0.4780,0.4285,high,boundary,1
Lumen,0.7421,0.8678,0.1686,-0.1258,0.0000,0.4780,0.4287,high,boundary,1
Lumen,0.7420,0.8678,0.1687,-0.1258,0.1496,0.4780,0.4292,high,boundary,1
Lumen,0.7420,0.8677,0.1689,-0.1258,0.0000,0.4780,0.4296,high,boundary,1
Lumen,0.7728,0.8004,0.1463,-0.0442,0.2590,0.4779,0.7069,high,high,0
Lumen,0.7760,0.8006,0.1468,-0.0434,0.2649,0.4783,0.6874,high,high,0
Lumen,0.7396,0.8243,0.1731,-0.0577,0.0000,0.4787,0.7860,high,high,0
Lumen,0.7408,0.8430,0.1718,-0.0777,0.1500,0.4788,0.6351,high,high,0
Lumen,0.7416,0.8526,0.1705,-0.0910,0.1000,0.4787,0.5556,high,high,0
Lumen,0.7423,0.8583,0.1690,-0.0998,0.1500,0.4786,0.5088,high,high,0
Lumen,0.7425,0.8613,0.1681,-0.1055,0.1500,0.4785,0.4842,high,high,0
Lumen,0.7428,0.8633,0.1673,-0.1092,0.1450,0.4784,0.4674,high,high,0
Lumen,0.7430,0.8644,0.1670,-0.1116,0.0000,0.4783,0.4582,high,high,0
Lumen,0.7431,0.8650,0.1670,-0.1132,0.0000,0.4782,0.4526,high,high,0
Lumen,0.7431,0.8654,0.1669,-0.1141,0.0000,0.4782,0.4498,high,boundary,1
Lumen,0.7431,0.8656,0.1671,-0.1149,0.1498,0.4781,0.4479,high,boundary,1
Lumen,0.7431,0.8658,0.1672,-0.1157,0.0000,0.4781,0.4463,high,boundary,1
Lumen,0.7430,0.8659,0.1674,-0.1164,0.0000,0.4781,0.4450,high,boundary,1
Lumen,0.7737,0.8011,0.1464,-0.0439,0.2596,0.4781,0.7006,high,high,0
Lumen,0.7740,0.8005,0.1463,-0.0439,0.2583,0.4781,0.6987,high,high,0
Lumen,0.7742,0.7998,0.1462,-0.0439,0.2583,0.4781,0.6970,high,high,0
Lumen,0.7744,0.7992,0.1446,-0.0439,0.2610,0.4781,0.6873,high,high,0
Lumen,0.7766,0.7981,0.1332,-0.0423,0.2848,0.4788,0.6071,high,high,0
Lumen,0.7399,0.8046,0.1715,-0.0444,0.1500,0.4795,0.9326,high,high,0
Lumen,0.7410,0.8201,0.1863,-0.0600,0.1500,0.4799,0.7674,high,high,0
Lumen,0.7419,0.8284,0.2059,-0.0706,0.1000,0.4801,0.5993,high,high,0
Lumen,0.7423,0.8329,0.2154,-0.0776,0.0000,0.4802,0.5123,high,high,0
Lumen,0.7425,0.8356,0.2207,-0.0822,0.0000,0.4802,0.4628,high,high,0
Lumen,0.7425,0.8370,0.2237,-0.0853,0.0000,0.4802,0.4352,high,boundary,1
Lumen,0.7426,0.8379,0.2257,-0.0873,0.0000,0.4802,0.4171,high,boundary,1
Lumen,0.7426,0.8382,0.2335,-0.0885,0.0000,0.4802,0.3598,high,low,1
Lumen,0.7425,0.8384,0.2428,-0.0893,0.0000,0.4802,0.2899,high,low,1
Lumen,0.7427,0.8387,0.2501,-0.0899,0.0000,0.4802,0.2341,boundary,low,1
Lumen,0.7428,0.8389,0.2517,-0.0906,0.0000,0.4802,0.2211,boundary,low,1
Lumen,0.7428,0.8390,0.2532,-0.0911,0.0000,0.4803,0.2093,boundary,low,1
Lumen,0.7430,0.8393,0.2541,-0.0916,0.0000,0.4803,0.2014,boundary,low,1
Lumen,0.7430,0.8394,0.2552,-0.0921,0.0000,0.4803,0.1927,boundary,low,1
Lumen,0.7430,0.8395,0.2563,-0.0926,0.1495,0.4803,0.1841,boundary,low,1
Lumen,0.7429,0.8395,0.2573,-0.0930,0.0000,0.4803,0.1762,boundary,low,1
Lumen,0.7429,0.8396,0.2534,-0.0933,0.0000,0.4803,0.2060,boundary,low,1
Lumen,0.7429,0.8396,0.2453,-0.0937,0.0000,0.4803,0.2668,high,low,1
Lumen,0.7429,0.8397,0.2433,-0.0940,0.0000,0.4803,0.2819,high,low,1
Lumen,0.7428,0.8397,0.2417,-0.0943,0.0000,0.4804,0.2938,high,low,1
Lumen,0.7428,0.8397,0.2357,-0.0945,0.0000,0.4804,0.3374,high,low,1
Lumen,0.7427,0.8397,0.2307,-0.0948,0.0000,0.4804,0.3739,high,low,1
Lumen,0.7427,0.8397,0.2263,-0.0950,0.0000,0.4804,0.4044,high,boundary,1
Lumen,0.7428,0.8398,0.2221,-0.0952,0.0000,0.4804,0.4330,high,boundary,1
Lumen,0.7429,0.8399,0.2185,-0.0954,0.0000,0.4804,0.4565,high,high,0
Lumen,0.7430,0.8400,0.2154,-0.0955,0.0000,0.4804,0.4764,high,high,0
Lumen,0.7430,0.8400,0.2132,-0.0957,0.0000,0.4804,0.4904,high,high,0
Lumen,0.7428,0.8399,0.2070,-0.0958,0.0000,0.4804,0.5287,high,high,0
Lumen,0.7430,0.8400,0.2009,-0.0959,0.0000,0.4805,0.5625,high,high,0
Lumen,0.7430,0.8401,0.1961,-0.0961,0.0000,0.4805,0.5870,high,high,0
Lumen,0.7430,0.8401,0.1919,-0.0962,0.0000,0.4805,0.6060,high,high,0
Lumen,0.7430,0.8402,0.1881,-0.0963,0.0000,0.4805,0.6208,high,high,0
Lumen,0.7433,0.8404,0.1844,-0.0963,0.0000,0.4805,0.6325,high,high,0
Lumen,0.7434,0.8406,0.1813,-0.0964,0.0000,0.4805,0.6404,high,high,0
Lumen,0.7435,0.8407,0.1789,-0.0965,0.0000,0.4805,0.6455,high,high,0
Lumen,0.7436,0.8407,0.1770,-0.0966,0.0000,0.4805,0.6489,high,high,0
Lumen,0.7436,0.8408,0.1752,-0.0966,0.0000,0.4806,0.6512,high,high,0
Lumen,0.7436,0.8408,0.1739,-0.0967,0.0000,0.4806,0.6527,high,high,0
Lumen,0.7436,0.8408,0.1730,-0.0967,0.0000,0.4806,0.6539,high,high,0
Lumen,0.7436,0.8409,0.1720,-0.0968,0.0000,0.4806,0.6545,high,high,0
Lumen,0.7436,0.8408,0.1714,-0.0968,0.0000,0.4807,0.6551,high,high,0
Lumen,0.7435,0.8408,0.1708,-0.0969,0.0000,0.4807,0.6556,high,high,0
Lumen,0.7436,0.8409,0.1701,-0.0969,0.0000,0.4807,0.6556,high,high,0
Lumen,0.7438,0.8410,0.1690,-0.0970,0.1496,0.4807,0.6547,high,high,0
Lumen,0.7437,0.8410,0.1688,-0.0970,0.0000,0.4807,0.6549,high,high,0
Lumen,0.7438,0.8411,0.1682,-0.0970,0.0000,0.4807,0.6544,high,high,0
Lumen,0.7437,0.8410,0.1683,-0.0971,0.0000,0.4807,0.6548,high,high,0
Lumen,0.7436,0.8410,0.1683,-0.0971,0.0000,0.4807,0.6553,high,high,0
Lumen,0.7436,0.8409,0.1683,-0.0971,0.0000,0.4807,0.6556,high,high,0
Lumen,0.7437,0.8410,0.1677,-0.0971,0.0000,0.4807,0.6549,high,high,0
Lumen,0.7437,0.8410,0.1675,-0.0972,0.0000,0.4807,0.6548,high,high,0
Lumen,0.7438,0.8412,0.1669,-0.0972,0.1496,0.4807,0.6538,high,high,0
Lumen,0.7439,0.8413,0.1664,-0.0972,0.0000,0.4807,0.6528,high,high,0
Lumen,0.7439,0.8413,0.1664,-0.0972,0.0000,0.4807,0.6528,high,high,0
Lumen,0.7440,0.8395,0.1660,-0.0970,0.1461,0.4809,0.6674,high,high,0
Lumen,0.7441,0.8379,0.1658,-0.0967,0.0000,0.4811,0.6812,high,high,0
Lumen,0.7442,0.8364,0.1655,-0.0963,0.0000,0.4814,0.6936,high,high,0
Lumen,0.7442,0.8350,0.1654,-0.0957,0.0000,0.4816,0.7051,high,high,0
Lumen,0.7441,0.8337,0.1656,-0.0951,0.0000,0.4818,0.7165,high,high,0
Lumen,0.7442,0.8325,0.1655,-0.0944,0.0000,0.4820,0.7261,high,high,0
Lumen,0.7441,0.8313,0.1660,-0.0937,0.0000,0.4820,0.7363,high,high,0
Lumen,0.7440,0.8303,0.1663,-0.0930,0.0000,0.4821,0.7452,high,high,0
Lumen,0.7440,0.8293,0.1665,-0.0922,0.0000,0.4821,0.7534,high,high,0
Lumen,0.7440,0.8285,0.1663,-0.0914,0.0000,0.4821,0.7601,high,high,0
Lumen,0.7442,0.8279,0.1657,-0.0906,0.0000,0.4821,0.7652,high,high,0
Lumen,0.7442,0.8271,0.1660,-0.0899,0.0000,0.4821,0.7721,high,high,0
Lumen,0.7441,0.8263,0.1664,-0.0891,0.0000,0.4821,0.7788,high,high,0
Lumen,0.7441,0.8257,0.1664,-0.0883,0.0000,0.4821,0.7841,high,high,0
Lumen,0.7442,0.8251,0.1664,-0.0876,0.0000,0.4821,0.7890,high,high,0
Lumen,0.7443,0.8246,0.1661,-0.0869,0.0000,0.4821,0.7931,high,high,0
Lumen,0.7443,0.8241,0.1661,-0.0862,0.0000,0.4821,0.7972,high,high,0
Lumen,0.7444,0.8237,0.1658,-0.0855,0.0000,0.4820,0.8006,high,high,0
Lumen,0.7446,0.8234,0.1653,-0.0848,0.1480,0.4820,0.8026,high,high,0
Lumen,0.7445,0.8229,0.1657,-0.0842,0.0000,0.4820,0.8068,high,high,0
Lumen,0.7444,0.8225,0.1659,-0.0836,0.0000,0.4820,0.8106,high,high,0
Lumen,0.7758,0.7985,0.1159,-0.0360,0.2476,0.4820,0.4931,high,high,0
Lumen,0.7789,0.7985,0.1160,-0.0354,0.2526,0.4823,0.4799,high,high,0
Lumen,0.7418,0.7910,0.1680,-0.0365,0.0000,0.4827,0.9178,high,high,0
Lumen,0.7430,0.8027,0.1828,-0.0470,0.1500,0.4828,0.8698,high,high,0
Lumen,0.7435,0.8086,0.2036,-0.0542,0.1000,0.4827,0.6894,high,high,0
Lumen,0.7438,0.8118,0.2263,-0.0590,0.0000,0.4826,0.4976,high,high,0
Lumen,0.7441,0.8138,0.2377,-0.0622,0.0000,0.4826,0.4001,high,boundary,1
Lumen,0.7752,0.7980,0.1222,-0.0350,0.2498,0.4825,0.5405,high,high,0
Lumen,0.7779,0.7976,0.1243,-0.0346,0.2584,0.4827,0.5423,high,high,0
Lumen,0.7421,0.7914,0.2977,-0.0367,0.1500,0.4830,0.0000,boundary,low,1
Lumen,0.7432,0.7999,0.3100,-0.0457,0.0000,0.4830,0.0000,boundary,low,1
Lumen,0.7745,0.7960,0.1273,-0.0340,0.2517,0.4830,0.5784,high,high,0
Lumen,0.7765,0.7949,0.1285,-0.0334,0.2589,0.4833,0.5753,high,high,0
Lumen,0.7765,0.7946,0.1276,-0.0333,0.2510,0.4833,0.5694,high,high,0
Lumen,0.7765,0.7944,0.1268,-0.0333,0.2508,0.4834,0.5638,high,high,0
Lumen,0.7773,0.7934,0.1257,-0.0320,0.2567,0.4840,0.5515,high,high,0
Lumen,0.7425,0.7772,0.2548,-0.0263,0.1500,0.4845,0.2418,boundary,low,1
Lumen,0.7437,0.7869,0.2569,-0.0339,0.0000,0.4846,0.2408,boundary,low,1
Lumen,0.7445,0.7920,0.2432,-0.0394,0.0000,0.4844,0.3607,high,low,1
Lumen,0.7447,0.7945,0.2499,-0.0430,0.0000,0.4842,0.3068,high,low,1
Lumen,0.7449,0.7961,0.2639,-0.0455,0.0000,0.4840,0.1894,boundary,low,1
Lumen,0.7452,0.7972,0.2617,-0.0471,0.0000,0.4838,0.2084,boundary,low,1
Lumen,0.7453,0.7977,0.2608,-0.0481,0.0000,0.4836,0.2166,boundary,low,1
Lumen,0.7453,0.7979,0.2605,-0.0488,0.0000,0.4835,0.2188,boundary,low,1
Lumen,0.7453,0.7979,0.2605,-0.0492,0.0000,0.4834,0.2186,boundary,low,1
Lumen,0.7453,0.7980,0.2602,-0.0495,0.0000,0.4833,0.2210,boundary,low,1
Lumen,0.7454,0.7981,0.2550,-0.0499,0.0000,0.4832,0.2652,boundary,low,1
Lumen,0.7455,0.7983,0.2505,-0.0501,0.0000,0.4831,0.3029,boundary,low,1
Lumen,0.7456,0.7984,0.2421,-0.0504,0.0000,0.4830,0.3739,high,low,1
Lumen,0.7457,0.7985,0.2348,-0.0507,0.0000,0.4830,0.4353,high,boundary,1
Lumen,0.7458,0.7987,0.2285,-0.0509,0.0000,0.4829,0.4882,high,high,0
Lumen,0.7457,0.7987,0.2237,-0.0511,0.0000,0.4829,0.5286,high,high,0
Lumen,0.7456,0.7987,0.2196,-0.0513,0.0000,0.4829,0.5638,high,high,0
Lumen,0.7456,0.7988,0.2159,-0.0515,0.0000,0.4829,0.5942,high,high,0
Lumen,0.7456,0.7989,0.2128,-0.0517,0.0000,0.4829,0.6211,high,high,0
Lumen,0.7456,0.7989,0.2102,-0.0518,0.0000,0.4829,0.6427,high,high,0
Lumen,0.7456,0.7990,0.2080,-0.0520,0.0000,0.4829,0.6608,high,high,0
Lumen,0.7455,0.7990,0.2063,-0.0521,0.0000,0.4829,0.6753,high,high,0
Lumen,0.7456,0.7991,0.1997,-0.0523,0.1495,0.4829,0.7311,high,high,0
Lumen,0.7456,0.7992,0.1943,-0.0524,0.0000,0.4829,0.7763,high,high,0
Lumen,0.7455,0.7992,0.1901,-0.0525,0.0000,0.4829,0.8120,high,high,0
Lumen,0.7454,0.7992,0.1865,-0.0527,0.0000,0.4829,0.8421,high,high,0
Lumen,0.7455,0.7993,0.1829,-0.0528,0.0000,0.4829,0.8724,high,high,0
Lumen,0.7455,0.7993,0.1800,-0.0529,0.0000,0.4829,0.8967,high,high,0
Lumen,0.7454,0.7993,0.1779,-0.0530,0.0000,0.4829,0.9143,high,high,0
Lumen,0.7453,0.7993,0.1762,-0.0531,0.0000,0.4829,0.9291,high,high,0
Lumen,0.7453,0.7993,0.1745,-0.0532,0.0000,0.4830,0.9432,high,high,0
Lumen,0.7453,0.7993,0.1732,-0.0533,0.0000,0.4830,0.9542,high,high,0
Lumen,0.7453,0.7993,0.1719,-0.0533,0.0000,0.4830,0.9647,high,high,0
Lumen,0.7454,0.7994,0.1704,-0.0534,0.0000,0.4830,0.9771,high,high,0
Lumen,0.7454,0.7995,0.1696,-0.0535,0.0000,0.4830,0.9841,high,high,0
Lumen,0.7454,0.7995,0.1688,-0.0535,0.0000,0.4830,0.9902,high,high,0
Lumen,0.7453,0.7995,0.1684,-0.0536,0.0000,0.4830,0.9927,high,high,0
Lumen,0.7453,0.7995,0.1678,-0.0537,0.0000,0.4830,0.9945,high,high,0
Lumen,0.7453,0.7994,0.1675,-0.0537,0.0000,0.4830,0.9939,high,high,0
Lumen,0.7453,0.7995,0.1668,-0.0538,0.0000,0.4830,0.9903,high,high,0
Lumen,0.7453,0.7995,0.1665,-0.0538,0.0000,0.4830,0.9882,high,high,0
Lumen,0.7454,0.7996,0.1661,-0.0538,0.0000,0.4830,0.9853,high,high,0
Lumen,0.7454,0.7996,0.1658,-0.0539,0.0000,0.4830,0.9824,high,high,0
Lumen,0.7454,0.7996,0.1657,-0.0539,0.0000,0.4830,0.9817,high,high,0
Lumen,0.7454,0.7996,0.1653,-0.0539,0.0000,0.4830,0.9785,high,high,0
Lumen,0.7456,0.7998,0.1647,-0.0540,0.0000,0.4830,0.9736,high,high,0
Lumen,0.7456,0.7998,0.1645,-0.0540,0.0000,0.4830,0.9721,high,high,0
Lumen,0.7455,0.7998,0.1646,-0.0540,0.0000,0.4830,0.9730,high,high,0
Lumen,0.7455,0.7998,0.1646,-0.0540,0.0000,0.4830,0.9727,high,high,0
Lumen,0.7456,0.7998,0.1642,-0.0541,0.0000,0.4831,0.9693,high,high,0
Lumen,0.7456,0.7999,0.1641,-0.0541,0.0000,0.4831,0.9691,high,high,0
Lumen,0.7455,0.7998,0.1645,-0.0541,0.1498,0.4831,0.9718,high,high,0
Lumen,0.7455,0.7998,0.1644,-0.0541,0.0000,0.4831,0.9713,high,high,0
Lumen,0.7455,0.7998,0.1643,-0.0541,0.1496,0.4831,0.9702,high,high,0
Lumen,0.7455,0.7997,0.1646,-0.0541,0.0000,0.4831,0.9726,high,high,0
Lumen,0.7455,0.7998,0.1644,-0.0542,0.0000,0.4831,0.9712,high,high,0
Lumen,0.7454,0.7997,0.1648,-0.0542,0.0000,0.4831,0.9746,high,high,0
Lumen,0.7454,0.7997,0.1648,-0.0542,0.0000,0.4831,0.9745,high,high,0
Lumen,0.7454,0.7997,0.1646,-0.0542,0.1495,0.4831,0.9730,high,high,0
Lumen,0.7453,0.7996,0.1649,-0.0542,0.0000,0.4831,0.9755,high,high,0
Lumen,0.7453,0.7996,0.1651,-0.0542,0.0000,0.4831,0.9767,high,high,0
Lumen,0.7453,0.7996,0.1651,-0.0542,0.0000,0.4831,0.9771,high,high,0
Lumen,0.7452,0.7995,0.1653,-0.0542,0.0000,0.4831,0.9782,high,high,0
Lumen,0.7453,0.7996,0.1650,-0.0542,0.0000,0.4831,0.9762,high,high,0
Lumen,0.7453,0.7996,0.1647,-0.0542,0.0000,0.4831,0.9739,high,high,0
Lumen,0.7453,0.7996,0.1650,-0.0543,0.0000,0.4831,0.9760,high,high,0
Lumen,0.7452,0.7995,0.1652,-0.0543,0.0000,0.4831,0.9777,high,high,0
Lumen,0.7452,0.7995,0.1654,-0.0543,0.0000,0.4831,0.9790,high,high,0
Lumen,0.7452,0.7995,0.1651,-0.0543,0.0000,0.4831,0.9770,high,high,0
Lumen,0.7452,0.7995,0.1651,-0.0543,0.0000,0.4831,0.9767,high,high,0
Lumen,0.7452,0.7995,0.1650,-0.0543,0.0000,0.4831,0.9762,high,high,0
Lumen,0.7452,0.7995,0.1652,-0.0543,0.0000,0.4831,0.9770,high,high,0
Lumen,0.7453,0.7995,0.1649,-0.0543,0.0000,0.4831,0.9749,high,high,0
Lumen,0.7452,0.7995,0.1651,-0.0543,0.0000,0.4831,0.9767,high,high,0
Lumen,0.7452,0.7994,0.1653,-0.0543,0.0000,0.4831,0.9779,high,high,0
Lumen,0.7451,0.7994,0.1654,-0.0543,0.0000,0.4831,0.9786,high,high,0
Lumen,0.7452,0.7994,0.1652,-0.0543,0.0000,0.4831,0.9773,high,high,0
Lumen,0.7452,0.7994,0.1653,-0.0543,0.0000,0.4831,0.9779,high,high,0
Lumen,0.7452,0.7995,0.1651,-0.0543,0.0000,0.4831,0.9763,high,high,0
Lumen,0.7452,0.7994,0.1652,-0.0543,0.0000,0.4831,0.9771,high,high,0
Lumen,0.7451,0.7994,0.1653,-0.0543,0.0000,0.4831,0.9783,high,high,0
Lumen,0.7451,0.7994,0.1655,-0.0543,0.0000,0.4831,0.9793,high,high,0
Lumen,0.7451,0.7993,0.1656,-0.0543,0.0000,0.4831,0.9801,high,high,0
Lumen,0.7451,0.7993,0.1656,-0.0543,0.0000,0.4831,0.9804,high,high,0
Lumen,0.7450,0.7993,0.1658,-0.0543,0.0000,0.4831,0.9814,high,high,0
Lumen,0.7451,0.7993,0.1655,-0.0543,0.0000,0.4831,0.9794,high,high,0
Lumen,0.7451,0.7993,0.1655,-0.0543,0.0000,0.4831,0.9793,high,high,0
Lumen,0.7451,0.7993,0.1656,-0.0543,0.0000,0.4831,0.9798,high,high,0
Lumen,0.7452,0.7994,0.1652,-0.0543,0.0000,0.4831,0.9772,high,high,0
Lumen,0.7452,0.7994,0.1652,-0.0542,0.0000,0.4831,0.9770,high,high,0
Lumen,0.7452,0.7994,0.1651,-0.0542,0.0000,0.4831,0.9767,high,high,0
Lumen,0.7451,0.7993,0.1654,-0.0542,0.0000,0.4831,0.9788,high,high,0
Lumen,0.7452,0.7994,0.1652,-0.0542,0.0000,0.4831,0.9769,high,high,0
Lumen,0.7452,0.7994,0.1652,-0.0542,0.0000,0.4831,0.9773,high,high,0
Lumen,0.7451,0.7993,0.1654,-0.0542,0.1495,0.4831,0.9786,high,high,0
Lumen,0.7451,0.7993,0.1654,-0.0542,0.0000,0.4831,0.9787,high,high,0
Lumen,0.7452,0.7994,0.1651,-0.0542,0.1487,0.4831,0.9766,high,high,0
Lumen,0.7452,0.7994,0.1650,-0.0542,0.0000,0.4831,0.9755,high,high,0
Lumen,0.7452,0.7994,0.1652,-0.0542,0.0000,0.4831,0.9772,high,high,0
Lumen,0.7452,0.7994,0.1650,-0.0542,0.0000,0.4831,0.9759,high,high,0
Lumen,0.7453,0.7995,0.1649,-0.0542,0.0000,0.4831,0.9748,high,high,0
Lumen,0.7452,0.7994,0.1651,-0.0542,0.0000,0.4831,0.9767,high,high,0
Lumen,0.7453,0.7995,0.1648,-0.0542,0.0000,0.4831,0.9744,high,high,0
Lumen,0.7453,0.7995,0.1648,-0.0542,0.0000,0.4831,0.9743,high,high,0
Lumen,0.7453,0.7995,0.1648,-0.0542,0.0000,0.4831,0.9741,high,high,0
Lumen,0.7453,0.7995,0.1648,-0.0542,0.0000,0.4831,0.9744,high,high,0
Lumen,0.7453,0.7995,0.1647,-0.0542,0.0000,0.4831,0.9733,high,high,0
Lumen,0.7454,0.7996,0.1645,-0.0542,0.0000,0.4831,0.9717,high,high,0
Lumen,0.7453,0.7995,0.1649,-0.0542,0.0000,0.4831,0.9751,high,high,0
Lumen,0.7452,0.7995,0.1651,-0.0542,0.0000,0.4831,0.9765,high,high,0
Lumen,0.7453,0.7995,0.1649,-0.0542,0.0000,0.4831,0.9754,high,high,0
Lumen,0.7451,0.7994,0.1654,-0.0542,0.0000,0.4831,0.9785,high,high,0
Lumen,0.7450,0.7993,0.1658,-0.0542,0.0000,0.4831,0.9814,high,high,0
Lumen,0.7449,0.7992,0.1661,-0.0542,0.0000,0.4831,0.9833,high,high,0
Lumen,0.7449,0.7991,0.1663,-0.0542,0.0000,0.4831,0.9846,high,high,0
Lumen,0.7448,0.7991,0.1666,-0.0542,0.0000,0.4831,0.9857,high,high,0
Lumen,0.7448,0.7991,0.1666,-0.0542,0.0000,0.4831,0.9856,high,high,0
Lumen,0.7451,0.7993,0.1656,-0.0542,0.0000,0.4831,0.9798,high,high,0
Lumen,0.7451,0.7993,0.1656,-0.0542,0.0000,0.4831,0.9799,high,high,0
Lumen,0.7449,0.7991,0.1661,-0.0542,0.0000,0.4831,0.9832,high,high,0
Lumen,0.7448,0.7990,0.1665,-0.0542,0.0000,0.4831,0.9851,high,high,0
Lumen,0.7447,0.7990,0.1667,-0.0542,0.0000,0.4831,0.9857,high,high,0
Lumen,0.7446,0.7989,0.1670,-0.0542,0.0000,0.4831,0.9863,high,high,0
Lumen,0.7446,0.7989,0.1671,-0.0542,0.0000,0.4831,0.9862,high,high,0
Lumen,0.7446,0.7988,0.1671,-0.0542,0.0000,0.4831,0.9861,high,high,0
Lumen,0.7446,0.7988,0.1672,-0.0542,0.0000,0.4831,0.9860,high,high,0
Lumen,0.7445,0.7987,0.1673,-0.0542,0.0000,0.4831,0.9858,high,high,0
Lumen,0.7446,0.7988,0.1670,-0.0542,0.0000,0.4831,0.9855,high,high,0
Lumen,0.7447,0.7989,0.1666,-0.0542,0.0000,0.4831,0.9846,high,high,0
Lumen,0.7446,0.7988,0.1668,-0.0542,0.0000,0.4831,0.9851,high,high,0
Lumen,0.7446,0.7988,0.1669,-0.0542,0.0000,0.4831,0.9851,high,high,0
Lumen,0.7447,0.7988,0.1667,-0.0542,0.0000,0.4831,0.9845,high,high,0
Lumen,0.7448,0.7989,0.1663,-0.0542,0.0000,0.4830,0.9830,high,high,0
Lumen,0.7448,0.7989,0.1663,-0.0542,0.0000,0.4830,0.9829,high,high,0
Lumen,0.7448,0.7989,0.1661,-0.0542,0.0000,0.4830,0.9821,high,high,0
Lumen,0.7450,0.7991,0.1655,-0.0542,0.0000,0.4830,0.9785,high,high,0
Lumen,0.7450,0.7991,0.1657,-0.0542,0.0000,0.4830,0.9796,high,high,0
Lumen,0.7450,0.7991,0.1658,-0.0542,0.1495,0.4830,0.9804,high,high,0
Lumen,0.7449,0.7990,0.1659,-0.0542,0.0000,0.4831,0.9814,high,high,0
Lumen,0.7449,0.7990,0.1659,-0.0542,0.0000,0.4831,0.9814,high,high,0
Lumen,0.7449,0.7990,0.1660,-0.0541,0.0000,0.4831,0.9816,high,high,0
Lumen,0.7449,0.7990,0.1661,-0.0541,0.0000,0.4831,0.9822,high,high,0
Lumen,0.7449,0.7991,0.1659,-0.0541,0.0000,0.4831,0.9811,high,high,0
Lumen,0.7449,0.7990,0.1660,-0.0541,0.0000,0.4831,0.9819,high,high,0
Lumen,0.7449,0.7991,0.1658,-0.0541,0.0000,0.4831,0.9810,high,high,0
Lumen,0.7449,0.7990,0.1661,-0.0541,0.0000,0.4831,0.9822,high,high,0
Lumen,0.7449,0.7991,0.1660,-0.0541,0.0000,0.4831,0.9817,high,high,0
Lumen,0.7450,0.7991,0.1656,-0.0541,0.1498,0.4831,0.9796,high,high,0
Lumen,0.7450,0.7991,0.1657,-0.0541,0.0000,0.4831,0.9805,high,high,0
Lumen,0.7449,0.7990,0.1661,-0.0541,0.0000,0.4831,0.9825,high,high,0
Lumen,0.7448,0.7990,0.1662,-0.0541,0.0000,0.4831,0.9832,high,high,0
Lumen,0.7447,0.7989,0.1666,-0.0541,0.0000,0.4831,0.9847,high,high,0
Lumen,0.7447,0.7989,0.1668,-0.0542,0.0000,0.4831,0.9853,high,high,0
Lumen,0.7447,0.7989,0.1667,-0.0542,0.0000,0.4831,0.9848,high,high,0
Lumen,0.7448,0.7989,0.1664,-0.0542,0.1437,0.4831,0.9839,high,high,0
Lumen,0.7448,0.7989,0.1665,-0.0542,0.0000,0.4831,0.9840,high,high,0
Lumen,0.7448,0.7989,0.1663,-0.0542,0.1484,0.4831,0.9833,high,high,0
Lumen,0.7447,0.7989,0.1667,-0.0542,0.0000,0.4831,0.9847,high,high,0
Lumen,0.7447,0.7989,0.1665,-0.0542,0.0000,0.4831,0.9840,high,high,0
Lumen,0.7447,0.7988,0.1667,-0.0542,0.0000,0.4831,0.9848,high,high,0
Lumen,0.7447,0.7988,0.1667,-0.0542,0.0000,0.4831,0.9847,high,high,0
Lumen,0.7447,0.7989,0.1666,-0.0541,0.1497,0.4831,0.9842,high,high,0
Lumen,0.7447,0.7988,0.1668,-0.0541,0.0000,0.4831,0.9848,high,high,0
Lumen,0.7447,0.7988,0.1666,-0.0541,0.0000,0.4831,0.9842,high,high,0
Lumen,0.7448,0.7989,0.1662,-0.0541,0.0000,0.4830,0.9826,high,high,0
Lumen,0.7449,0.7990,0.1660,-0.0541,0.0000,0.4830,0.9816,high,high,0
Lumen,0.7450,0.7991,0.1655,-0.0541,0.0000,0.4830,0.9786,high,high,0
Lumen,0.7450,0.7991,0.1656,-0.0541,0.0000,0.4830,0.9795,high,high,0
Lumen,0.7449,0.7990,0.1661,-0.0541,0.1499,0.4830,0.9823,high,high,0
Lumen,0.7448,0.7989,0.1664,-0.0541,0.0000,0.4831,0.9838,high,high,0
Lumen,0.7447,0.7988,0.1667,-0.0541,0.0000,0.4831,0.9847,high,high,0
Lumen,0.7448,0.7989,0.1664,-0.0541,0.0000,0.4831,0.9837,high,high,0
Lumen,0.7448,0.7989,0.1663,-0.0541,0.0000,0.4831,0.9833,high,high,0
Lumen,0.7448,0.7990,0.1662,-0.0541,0.0000,0.4831,0.9825,high,high,0
Lumen,0.7447,0.7989,0.1666,-0.0541,0.0000,0.4831,0.9843,high,high,0
Lumen,0.7448,0.7989,0.1662,-0.0541,0.0000,0.4831,0.9828,high,high,0
Lumen,0.7448,0.7989,0.1663,-0.0541,0.0000,0.4831,0.9831,high,high,0
Lumen,0.7448,0.7989,0.1663,-0.0541,0.0000,0.4831,0.9834,high,high,0
Lumen,0.7447,0.7988,0.1668,-0.0541,0.1498,0.4831,0.9848,high,high,0
Lumen,0.7445,0.7987,0.1673,-0.0541,0.0000,0.4831,0.9854,high,high,0
Lumen,0.7445,0.7987,0.1672,-0.0541,0.0000,0.4831,0.9853,high,high,0
Lumen,0.7445,0.7987,0.1672,-0.0541,0.1498,0.4831,0.9852,high,high,0
Lumen,0.7445,0.7987,0.1672,-0.0541,0.0000,0.4831,0.9851,high,high,0
Lumen,0.7444,0.7986,0.1677,-0.0541,0.1498,0.4831,0.9844,high,high,0
Lumen,0.7443,0.7985,0.1680,-0.0541,0.0000,0.4831,0.9834,high,high,0
Lumen,0.7442,0.7984,0.1683,-0.0541,0.0000,0.4831,0.9820,high,high,0
Lumen,0.7443,0.7985,0.1679,-0.0541,0.0000,0.4831,0.9834,high,high,0
Lumen,0.7443,0.7984,0.1679,-0.0541,0.0000,0.4831,0.9834,high,high,0
Lumen,0.7443,0.7984,0.1679,-0.0541,0.0000,0.4831,0.9833,high,high,0
Lumen,0.7443,0.7984,0.1680,-0.0541,0.0000,0.4831,0.9825,high,high,0
Lumen,0.7441,0.7983,0.1684,-0.0541,0.0000,0.4831,0.9806,high,high,0
Lumen,0.7440,0.7982,0.1688,-0.0541,0.0000,0.4831,0.9785,high,high,0
Lumen,0.7440,0.7981,0.1689,-0.0541,0.0000,0.4831,0.9774,high,high,0
Lumen,0.7441,0.7982,0.1686,-0.0541,0.0000,0.4831,0.9791,high,high,0
Lumen,0.7441,0.7981,0.1686,-0.0541,0.0000,0.4830,0.9789,high,high,0
Lumen,0.7441,0.7981,0.1686,-0.0541,0.0000,0.4830,0.9790,high,high,0
Lumen,0.7441,0.7981,0.1685,-0.0541,0.0000,0.4830,0.9791,high,high,0
Lumen,0.7441,0.7982,0.1683,-0.0541,0.0000,0.4830,0.9801,high,high,0
Lumen,0.7441,0.7982,0.1683,-0.0541,0.0000,0.4830,0.9802,high,high,0
Lumen,0.7441,0.7981,0.1684,-0.0541,0.0000,0.4830,0.9794,high,high,0
Lumen,0.7440,0.7980,0.1689,-0.0541,0.1478,0.4830,0.9768,high,high,0
Lumen,0.7439,0.7980,0.1690,-0.0541,0.0000,0.4830,0.9759,high,high,0
Lumen,0.7439,0.7980,0.1691,-0.0541,0.0000,0.4830,0.9757,high,high,0
Lumen,0.7439,0.7979,0.1690,-0.0541,0.0000,0.4830,0.9757,high,high,0
Lumen,0.7438,0.7979,0.1694,-0.0541,0.0000,0.4831,0.9733,high,high,0
Lumen,0.7437,0.7978,0.1698,-0.0541,0.0000,0.4831,0.9705,high,high,0
Lumen,0.7437,0.7977,0.1699,-0.0541,0.0000,0.4831,0.9696,high,high,0
Lumen,0.7437,0.7977,0.1697,-0.0541,0.0000,0.4831,0.9705,high,high,0
Lumen,0.7436,0.7976,0.1701,-0.0541,0.0000,0.4831,0.9677,high,high,0
Lumen,0.7436,0.7976,0.1700,-0.0541,0.0000,0.4830,0.9683,high,high,0
Lumen,0.7436,0.7976,0.1700,-0.0540,0.0000,0.4830,0.9680,high,high,0
Lumen,0.7435,0.7975,0.1702,-0.0540,0.1492,0.4830,0.9663,high,high,0
Lumen,0.7435,0.7975,0.1704,-0.0540,0.0000,0.4830,0.9653,high,high,0
Lumen,0.7434,0.7974,0.1706,-0.0540,0.0000,0.4830,0.9636,high,high,0
Lumen,0.7434,0.7974,0.1707,-0.0540,0.0000,0.4830,0.9621,high,high,0
Lumen,0.7434,0.7973,0.1707,-0.0540,0.0000,0.4830,0.9620,high,high,0
Lumen,0.7435,0.7974,0.1704,-0.0540,0.1498,0.4830,0.9644,high,high,0
Lumen,0.7434,0.7974,0.1705,-0.0540,0.0000,0.4830,0.9637,high,high,0
Lumen,0.7435,0.7974,0.1701,-0.0540,0.0000,0.4830,0.9664,high,high,0
Lumen,0.7436,0.7975,0.1699,-0.0540,0.0000,0.4830,0.9679,high,high,0
Lumen,0.7435,0.7974,0.1703,-0.0540,0.0000,0.4830,0.9650,high,high,0
Lumen,0.7434,0.7974,0.1705,-0.0540,0.0000,0.4830,0.9637,high,high,0
Lumen,0.7435,0.7975,0.1703,-0.0540,0.0000,0.4830,0.9653,high,high,0
Lumen,0.7434,0.7975,0.1704,-0.0540,0.0000,0.4830,0.9648,high,high,0
Lumen,0.7435,0.7976,0.1700,-0.0540,0.0000,0.4830,0.9676,high,high,0
Lumen,0.7436,0.7976,0.1700,-0.0540,0.0000,0.4830,0.9682,high,high,0
Lumen,0.7437,0.7977,0.1696,-0.0540,0.0000,0.4830,0.9710,high,high,0
Lumen,0.7436,0.7977,0.1697,-0.0540,0.0000,0.4830,0.9704,high,high,0
Lumen,0.7437,0.7978,0.1694,-0.0540,0.0000,0.4830,0.9724,high,high,0
Lumen,0.7437,0.7978,0.1696,-0.0540,0.0000,0.4830,0.9713,high,high,0
Lumen,0.7437,0.7978,0.1694,-0.0540,0.0000,0.4830,0.9727,high,high,0
Lumen,0.7438,0.7980,0.1690,-0.0541,0.0000,0.4830,0.9756,high,high,0
Lumen,0.7439,0.7980,0.1688,-0.0541,0.0000,0.4830,0.9768,high,high,0
Lumen,0.7439,0.7981,0.1687,-0.0541,0.0000,0.4830,0.9777,high,high,0
Lumen,0.7439,0.7981,0.1689,-0.0541,0.0000,0.4830,0.9765,high,high,0
Lumen,0.7439,0.7981,0.1687,-0.0541,0.0000,0.4830,0.9780,high,high,0
Lumen,0.7439,0.7981,0.1689,-0.0541,0.0000,0.4830,0.9770,high,high,0
Lumen,0.7439,0.7981,0.1689,-0.0541,0.0000,0.4830,0.9768,high,high,0
Lumen,0.7438,0.7981,0.1691,-0.0541,0.0000,0.4830,0.9761,high,high,0
Lumen,0.7438,0.7981,0.1691,-0.0541,0.0000,0.4830,0.9756,high,high,0
Lumen,0.7438,0.7981,0.1691,-0.0542,0.0000,0.4830,0.9759,high,high,0
Lumen,0.7439,0.7982,0.1688,-0.0542,0.1498,0.4830,0.9777,high,high,0
Lumen,0.7439,0.7982,0.1688,-0.0542,0.0000,0.4830,0.9778,high,high,0
Lumen,0.7440,0.7983,0.1684,-0.0542,0.1497,0.4830,0.9804,high,high,0
Lumen,0.7441,0.7984,0.1679,-0.0542,0.0000,0.4830,0.9823,high,high,0
Lumen,0.7442,0.7985,0.1676,-0.0542,0.0000,0.4830,0.9834,high,high,0
Lumen,0.7441,0.7985,0.1680,-0.0542,0.0000,0.4830,0.9824,high,high,0
Lumen,0.7442,0.7985,0.1679,-0.0542,0.0000,0.4830,0.9830,high,high,0
Lumen,0.7442,0.7985,0.1680,-0.0542,0.0000,0.4830,0.9830,high,high,0
Lumen,0.7442,0.7986,0.1677,-0.0542,0.0000,0.4830,0.9837,high,high,0
Lumen,0.7443,0.7986,0.1677,-0.0543,0.0000,0.4830,0.9840,high,high,0
Lumen,0.7444,0.7987,0.1673,-0.0543,0.1497,0.4830,0.9847,high,high,0
Lumen,0.7444,0.7987,0.1672,-0.0543,0.0000,0.4830,0.9849,high,high,0
Lumen,0.7444,0.7988,0.1672,-0.0543,0.0000,0.4830,0.9851,high,high,0
Lumen,0.7445,0.7988,0.1670,-0.0543,0.0000,0.4830,0.9852,high,high,0
Lumen,0.7444,0.7988,0.1674,-0.0543,0.0000,0.4830,0.9854,high,high,0
Lumen,0.7443,0.7987,0.1676,-0.0543,0.0000,0.4830,0.9853,high,high,0
Lumen,0.7443,0.7988,0.1675,-0.0543,0.0000,0.4830,0.9854,high,high,0
Lumen,0.7444,0.7988,0.1675,-0.0543,0.1496,0.4830,0.9856,high,high,0
Lumen,0.7443,0.7988,0.1676,-0.0543,0.0000,0.4830,0.9855,high,high,0
Lumen,0.7443,0.7987,0.1677,-0.0544,0.0000,0.4830,0.9853,high,high,0
Lumen,0.7442,0.7987,0.1681,-0.0544,0.0000,0.4830,0.9839,high,high,0
Lumen,0.7441,0.7986,0.1683,-0.0544,0.0000,0.4830,0.9830,high,high,0
Lumen,0.7442,0.7987,0.1681,-0.0544,0.0000,0.4830,0.9840,high,high,0
Lumen,0.7442,0.7987,0.1679,-0.0544,0.0000,0.4830,0.9847,high,high,0
Lumen,0.7443,0.7987,0.1678,-0.0544,0.0000,0.4830,0.9850,high,high,0
Lumen,0.7442,0.7987,0.1679,-0.0544,0.0000,0.4830,0.9847,high,high,0
Lumen,0.7443,0.7988,0.1676,-0.0544,0.0000,0.4830,0.9854,high,high,0
Lumen,0.7442,0.7987,0.1680,-0.0544,0.0000,0.4830,0.9846,high,high,0
Lumen,0.7443,0.7988,0.1677,-0.0544,0.0000,0.4830,0.9853,high,high,0
Lumen,0.7442,0.7987,0.1681,-0.0544,0.0000,0.4830,0.9842,high,high,0
Lumen,0.7441,0.7986,0.1684,-0.0544,0.0000,0.4830,0.9829,high,high,0
Lumen,0.7442,0.7987,0.1682,-0.0544,0.0000,0.4830,0.9837,high,high,0
Lumen,0.7442,0.7987,0.1681,-0.0544,0.0000,0.4830,0.9838,high,high,0
Lumen,0.7441,0.7986,0.1683,-0.0545,0.0000,0.4830,0.9831,high,high,0
Lumen,0.7441,0.7986,0.1684,-0.0545,0.0000,0.4830,0.9827,high,high,0
Lumen,0.7441,0.7986,0.1683,-0.0545,0.0000,0.4830,0.9827,high,high,0
Lumen,0.7442,0.7986,0.1682,-0.0545,0.1496,0.4830,0.9836,high,high,0
Lumen,0.7441,0.7986,0.1682,-0.0545,0.0000,0.4830,0.9832,high,high,0
Lumen,0.7442,0.7986,0.1681,-0.0545,0.0000,0.4830,0.9837,high,high,0
Lumen,0.7443,0.7987,0.1677,-0.0545,0.0000,0.4830,0.9852,high,high,0
Lumen,0.7443,0.7987,0.1677,-0.0545,0.0000,0.4830,0.9852,high,high,0
Lumen,0.7443,0.7987,0.1678,-0.0545,0.1497,0.4830,0.9850,high,high,0
Lumen,0.7443,0.7987,0.1678,-0.0545,0.0000,0.4830,0.9851,high,high,0
Lumen,0.7443,0.7987,0.1678,-0.0545,0.0000,0.4830,0.9850,high,high,0
Lumen,0.7443,0.7988,0.1675,-0.0545,0.0000,0.4830,0.9856,high,high,0
Lumen,0.7443,0.7988,0.1675,-0.0545,0.0000,0.4830,0.9857,high,high,0
Lumen,0.7444,0.7988,0.1675,-0.0545,0.0000,0.4830,0.9858,high,high,0
Lumen,0.7444,0.7988,0.1674,-0.0545,0.0000,0.4830,0.9859,high,high,0
Lumen,0.7445,0.7989,0.1671,-0.0545,0.1497,0.4830,0.9860,high,high,0
Lumen,0.7444,0.7989,0.1673,-0.0545,0.0000,0.4830,0.9861,high,high,0
Lumen,0.7444,0.7989,0.1674,-0.0545,0.0000,0.4830,0.9862,high,high,0
Lumen,0.7444,0.7989,0.1674,-0.0545,0.0000,0.4830,0.9862,high,high,0
Lumen,0.7444,0.7989,0.1674,-0.0545,0.1488,0.4830,0.9863,high,high,0
Lumen,0.7444,0.7989,0.1673,-0.0545,0.1494,0.4830,0.9863,high,high,0
Lumen,0.7446,0.7990,0.1668,-0.0545,0.1496,0.4830,0.9858,high,high,0
Lumen,0.7447,0.7991,0.1664,-0.0545,0.0000,0.4830,0.9843,high,high,0
Lumen,0.7448,0.7993,0.1659,-0.0545,0.0000,0.4830,0.9818,high,high,0
Lumen,0.7448,0.7993,0.1659,-0.0545,0.0000,0.4830,0.9818,high,high,0
Lumen,0.7448,0.7993,0.1661,-0.0545,0.1498,0.4830,0.9832,high,high,0
Lumen,0.7445,0.7991,0.1670,-0.0545,0.1499,0.4830,0.9871,high,high,0
Lumen,0.7444,0.7990,0.1675,-0.0545,0.0000,0.4830,0.9871,high,high,0
Lumen,0.7446,0.7991,0.1670,-0.0545,0.0000,0.4830,0.9869,high,high,0
Lumen,0.7448,0.7993,0.1660,-0.0545,0.0000,0.4830,0.9830,high,high,0
Lumen,0.7451,0.7996,0.1650,-0.0545,0.0000,0.4830,0.9760,high,high,0
Lumen,0.7454,0.7998,0.1641,-0.0545,0.0000,0.4830,0.9687,high,high,0
Lumen,0.7457,0.8001,0.1630,-0.0545,0.0000,0.4829,0.9591,high,high,0
Lumen,0.7460,0.8004,0.1623,-0.0545,0.0000,0.4829,0.9530,high,high,0
Lumen,0.7461,0.8006,0.1617,-0.0545,0.0000,0.4829,0.9479,high,high,0
Lumen,0.7462,0.8006,0.1616,-0.0545,0.0000,0.4830,0.9470,high,high,0
Lumen,0.7461,0.8006,0.1620,-0.0545,0.1499,0.4830,0.9508,high,high,0
Lumen,0.7458,0.8004,0.1632,-0.0545,0.0000,0.4830,0.9607,high,high,0
Lumen,0.7455,0.8002,0.1643,-0.0545,0.0000,0.4831,0.9701,high,high,0
Lumen,0.7452,0.7999,0.1655,-0.0545,0.0000,0.4831,0.9801,high,high,0
Lumen,0.7450,0.7997,0.1663,-0.0545,0.0000,0.4831,0.9862,high,high,0
Lumen,0.7448,0.7996,0.1669,-0.0546,0.0000,0.4832,0.9896,high,high,0
Lumen,0.7446,0.7994,0.1674,-0.0546,0.0000,0.4832,0.9907,high,high,0
Lumen,0.7445,0.7993,0.1677,-0.0546,0.0000,0.4831,0.9901,high,high,0
Lumen,0.7446,0.7994,0.1674,-0.0546,0.0000,0.4831,0.9901,high,high,0
Lumen,0.7446,0.7994,0.1673,-0.0546,0.0000,0.4831,0.9898,high,high,0
Lumen,0.7445,0.7993,0.1677,-0.0547,0.0000,0.4831,0.9894,high,high,0
Lumen,0.7445,0.7992,0.1676,-0.0547,0.0000,0.4831,0.9892,high,high,0
Lumen,0.7445,0.7992,0.1674,-0.0547,0.0000,0.4830,0.9891,high,high,0
Lumen,0.7446,0.7993,0.1669,-0.0547,0.0000,0.4830,0.9881,high,high,0
Lumen,0.7446,0.7993,0.1670,-0.0547,0.0000,0.4830,0.9884,high,high,0
Lumen,0.7446,0.7992,0.1671,-0.0547,0.0000,0.4830,0.9884,high,high,0
Lumen,0.7447,0.7993,0.1667,-0.0547,0.0000,0.4830,0.9873,high,high,0
Lumen,0.7446,0.7992,0.1670,-0.0547,0.0000,0.4830,0.9880,high,high,0
Lumen,0.7447,0.7993,0.1668,-0.0547,0.0000,0.4830,0.9872,high,high,0
Lumen,0.7447,0.7993,0.1668,-0.0547,0.0000,0.4830,0.9872,high,high,0
Lumen,0.7447,0.7993,0.1667,-0.0546,0.0000,0.4830,0.9868,high,high,0
Lumen,0.7447,0.7993,0.1667,-0.0546,0.0000,0.4830,0.9868,high,high,0
Lumen,0.7446,0.7992,0.1668,-0.0546,0.1495,0.4830,0.9873,high,high,0
Lumen,0.7448,0.7994,0.1662,-0.0546,0.0000,0.4830,0.9845,high,high,0
Lumen,0.7448,0.7994,0.1663,-0.0546,0.0000,0.4830,0.9848,high,high,0
Lumen,0.7449,0.7995,0.1659,-0.0546,0.0000,0.4830,0.9826,high,high,0
Lumen,0.7449,0.7995,0.1659,-0.0546,0.0000,0.4830,0.9824,high,high,0
Lumen,0.7448,0.7994,0.1661,-0.0546,0.1415,0.4830,0.9836,high,high,0
Lumen,0.7449,0.7995,0.1657,-0.0546,0.0000,0.4830,0.9814,high,high,0
Lumen,0.7450,0.7996,0.1654,-0.0546,0.0000,0.4830,0.9791,high,high,0
Lumen,0.7451,0.7997,0.1651,-0.0546,0.0000,0.4830,0.9769,high,high,0
Lumen,0.7452,0.7998,0.1648,-0.0546,0.0000,0.4830,0.9748,high,high,0
Lumen,0.7458,0.8003,0.1627,-0.0546,0.1499,0.4830,0.9569,high,high,0
Lumen,0.7459,0.8004,0.1627,-0.0546,0.0000,0.4830,0.9570,high,high,0
Lumen,0.7457,0.8003,0.1633,-0.0546,0.1499,0.4830,0.9623,high,high,0
Lumen,0.7456,0.8002,0.1637,-0.0546,0.0000,0.4830,0.9653,high,high,0
Lumen,0.7455,0.8001,0.1641,-0.0546,0.0000,0.4830,0.9689,high,high,0
Lumen,0.7454,0.8001,0.1644,-0.0546,0.0000,0.4831,0.9713,high,high,0
Lumen,0.7455,0.8001,0.1643,-0.0546,0.0000,0.4831,0.9708,high,high,0
Lumen,0.7455,0.8001,0.1643,-0.0546,0.1498,0.4831,0.9707,high,high,0
Lumen,0.7454,0.8001,0.1646,-0.0546,0.0000,0.4831,0.9733,high,high,0
Lumen,0.7454,0.8001,0.1647,-0.0546,0.0000,0.4831,0.9735,high,high,0
Lumen,0.7454,0.8001,0.1646,-0.0546,0.1491,0.4831,0.9734,high,high,0
Lumen,0.7453,0.8000,0.1649,-0.0546,0.0000,0.4831,0.9755,high,high,0
Lumen,0.7453,0.8000,0.1650,-0.0546,0.0000,0.4831,0.9765,high,high,0
Lumen,0.7453,0.8000,0.1650,-0.0547,0.0000,0.4831,0.9765,high,high,0
Lumen,0.7453,0.8001,0.1647,-0.0547,0.1497,0.4830,0.9735,high,high,0
Lumen,0.7453,0.8000,0.1647,-0.0547,0.0000,0.4830,0.9739,high,high,0
Lumen,0.7453,0.8000,0.1649,-0.0547,0.1498,0.4830,0.9755,high,high,0
Lumen,0.7453,0.8000,0.1648,-0.0547,0.0000,0.4830,0.9743,high,high,0
Lumen,0.7453,0.8000,0.1648,-0.0547,0.0000,0.4830,0.9744,high,high,0
Lumen,0.7453,0.8000,0.1649,-0.0547,0.1493,0.4830,0.9752,high,high,0
Lumen,0.7453,0.8000,0.1649,-0.0547,0.0000,0.4830,0.9755,high,high,0
Lumen,0.7453,0.8000,0.1648,-0.0547,0.0000,0.4830,0.9743,high,high,0
Lumen,0.7454,0.8001,0.1644,-0.0547,0.0000,0.4830,0.9713,high,high,0
Lumen,0.7454,0.8001,0.1646,-0.0547,0.0000,0.4830,0.9727,high,high,0
Lumen,0.7454,0.8001,0.1646,-0.0547,0.0000,0.4830,0.9734,high,high,0
Lumen,0.7454,0.8001,0.1643,-0.0547,0.0000,0.4830,0.9706,high,high,0
Lumen,0.7455,0.8002,0.1642,-0.0547,0.0000,0.4830,0.9699,high,high,0
Lumen,0.7715,0.7932,0.1178,-0.0340,0.2532,0.4830,0.5211,high,high,0
Lumen,0.7736,0.7912,0.1373,-0.0333,0.3014,0.4834,0.6417,high,high,0
Lumen,0.7430,0.7701,0.1913,-0.0211,0.1500,0.4838,0.6786,high,high,0
Lumen,0.7444,0.7790,0.1928,-0.0272,0.0000,0.4841,0.7240,high,high,0
Lumen,0.7452,0.7837,0.2070,-0.0317,0.0000,0.4842,0.6423,high,high,0
Lumen,0.7453,0.7859,0.2274,-0.0348,0.0000,0.4842,0.4838,high,high,0
Lumen,0.7453,0.7872,0.2383,-0.0369,0.0000,0.4841,0.3958,high,low,1
Lumen,0.7454,0.7880,0.2442,-0.0384,0.0000,0.4839,0.3479,high,low,1
Lumen,0.7454,0.7884,0.2477,-0.0393,0.0000,0.4837,0.3199,high,low,1
Lumen,0.7456,0.7888,0.2491,-0.0399,0.0000,0.4835,0.3083,high,low,1
Lumen,0.7458,0.7891,0.2499,-0.0402,0.0000,0.4832,0.3020,high,low,1
Lumen,0.7460,0.7893,0.2505,-0.0405,0.0000,0.4830,0.2975,boundary,low,1
Lumen,0.7461,0.7894,0.2558,-0.0408,0.0000,0.4828,0.2533,boundary,low,1
Lumen,0.7460,0.7894,0.2561,-0.0411,0.0000,0.4827,0.2505,boundary,low,1
Lumen,0.7460,0.7894,0.2516,-0.0413,0.0000,0.4825,0.2882,boundary,low,1
Lumen,0.7459,0.7894,0.2478,-0.0415,0.0000,0.4824,0.3196,high,low,1
Lumen,0.7458,0.7894,0.2495,-0.0417,0.0000,0.4823,0.3059,high,low,1
Lumen,0.7458,0.7894,0.2507,-0.0419,0.0000,0.4821,0.2956,boundary,low,1
Lumen,0.7458,0.7894,0.2561,-0.0421,0.0000,0.4820,0.2505,boundary,low,1
Lumen,0.7458,0.7895,0.2561,-0.0422,0.0000,0.4820,0.2509,boundary,low,1
Lumen,0.7457,0.7894,0.2567,-0.0424,0.0000,0.4819,0.2457,boundary,low,1
Lumen,0.7457,0.7895,0.2518,-0.0425,0.0000,0.4818,0.2865,boundary,low,1
Lumen,0.7456,0.7895,0.2482,-0.0427,0.0000,0.4817,0.3171,high,low,1
Lumen,0.7455,0.7895,0.2498,-0.0428,0.0000,0.4817,0.3036,high,low,1
Lumen,0.7454,0.7895,0.2509,-0.0429,0.0000,0.4816,0.2941,boundary,low,1
Lumen,0.7455,0.7896,0.2517,-0.0431,0.0000,0.4816,0.2878,boundary,low,1
Lumen,0.7455,0.7897,0.2524,-0.0432,0.0000,0.4816,0.2823,boundary,low,1
Lumen,0.7455,0.7897,0.2482,-0.0433,0.0000,0.4815,0.3170,high,low,1
Lumen,0.7456,0.7899,0.2491,-0.0434,0.1498,0.4815,0.3095,high,low,1
Lumen,0.7454,0.7898,0.2507,-0.0435,0.0000,0.4815,0.2966,boundary,low,1
Lumen,0.7453,0.7898,0.2564,-0.0436,0.0000,0.4815,0.2487,boundary,low,1
Lumen,0.7453,0.7898,0.2612,-0.0437,0.0000,0.4814,0.2085,boundary,low,1
Lumen,0.7453,0.7899,0.2606,-0.0438,0.0000,0.4814,0.2137,boundary,low,1
Lumen,0.7454,0.7900,0.2596,-0.0439,0.0000,0.4814,0.2223,boundary,low,1
Lumen,0.7454,0.7901,0.2544,-0.0439,0.0000,0.4814,0.2655,boundary,low,1
Lumen,0.7454,0.7901,0.2500,-0.0440,0.0000,0.4814,0.3028,high,low,1
Lumen,0.7455,0.7902,0.2506,-0.0441,0.0000,0.4813,0.2971,boundary,low,1
Lumen,0.7455,0.7903,0.2511,-0.0442,0.0000,0.4813,0.2930,boundary,low,1
Lumen,0.7454,0.7903,0.2522,-0.0442,0.0000,0.4813,0.2846,boundary,low,1
Lumen,0.7456,0.7904,0.2476,-0.0443,0.0000,0.4813,0.3227,high,low,1
Lumen,0.7456,0.7905,0.2488,-0.0444,0.0000,0.4813,0.3128,high,low,1
Lumen,0.7455,0.7905,0.2500,-0.0444,0.0000,0.4813,0.3030,high,low,1
Lumen,0.7455,0.7905,0.2509,-0.0445,0.0000,0.4813,0.2954,boundary,low,1
Lumen,0.7454,0.7905,0.2565,-0.0445,0.0000,0.4813,0.2480,boundary,low,1
Lumen,0.7454,0.7905,0.2612,-0.0446,0.0000,0.4813,0.2092,boundary,low,1
Lumen,0.7455,0.7906,0.2600,-0.0446,0.0000,0.4813,0.2191,boundary,low,1
Lumen,0.7454,0.7906,0.2549,-0.0447,0.1495,0.4813,0.2620,boundary,low,1
Lumen,0.7455,0.7907,0.2500,-0.0447,0.0000,0.4813,0.3027,boundary,low,1
Lumen,0.7456,0.7908,0.2459,-0.0448,0.0000,0.4813,0.3370,high,low,1
Lumen,0.7455,0.7907,0.2430,-0.0448,0.0000,0.4813,0.3618,high,low,1
Lumen,0.7457,0.7909,0.2396,-0.0449,0.0000,0.4813,0.3899,high,low,1
Lumen,0.7457,0.7910,0.2371,-0.0449,0.0000,0.4813,0.4110,high,boundary,1
Lumen,0.7457,0.7909,0.2307,-0.0449,0.0000,0.4813,0.4642,high,high,0
Lumen,0.7456,0.7909,0.2253,-0.0450,0.0000,0.4813,0.5093,high,high,0
Lumen,0.7456,0.7909,0.2203,-0.0450,0.0000,0.4813,0.5511,high,high,0
Lumen,0.7456,0.7909,0.2164,-0.0450,0.0000,0.4813,0.5833,high,high,0
Lumen,0.7455,0.7908,0.2132,-0.0451,0.0000,0.4813,0.6093,high,high,0
Lumen,0.7455,0.7909,0.2101,-0.0451,0.0000,0.4814,0.6352,high,high,0
Lumen,0.7455,0.7909,0.2031,-0.0451,0.0000,0.4814,0.6930,high,high,0
Lumen,0.7454,0.7908,0.1973,-0.0452,0.0000,0.4814,0.7393,high,high,0
Lumen,0.7454,0.7908,0.1920,-0.0452,0.0000,0.4814,0.7817,high,high,0
Lumen,0.7454,0.7908,0.1875,-0.0452,0.0000,0.4814,0.8166,high,high,0
Lumen,0.7455,0.7909,0.1834,-0.0452,0.0000,0.4814,0.8474,high,high,0
Lumen,0.7455,0.7909,0.1802,-0.0452,0.0000,0.4814,0.8702,high,high,0
Lumen,0.7455,0.7909,0.1776,-0.0453,0.0000,0.4814,0.8873,high,high,0
Lumen,0.7456,0.7911,0.1748,-0.0453,0.0000,0.4814,0.9036,high,high,0
Lumen,0.7457,0.7911,0.1728,-0.0453,0.0000,0.4815,0.9132,high,high,0
Lumen,0.7456,0.7911,0.1712,-0.0453,0.0000,0.4815,0.9187,high,high,0
Lumen,0.7456,0.7911,0.1699,-0.0453,0.0000,0.4815,0.9217,high,high,0
Lumen,0.7456,0.7910,0.1689,-0.0453,0.0000,0.4815,0.9229,high,high,0
Lumen,0.7456,0.7910,0.1678,-0.0453,0.0000,0.4815,0.9237,high,high,0
Lumen,0.7457,0.7912,0.1665,-0.0454,0.0000,0.4815,0.9239,high,high,0
Lumen,0.7458,0.7912,0.1656,-0.0454,0.0000,0.4816,0.9228,high,high,0
Lumen,0.7458,0.7912,0.1651,-0.0454,0.0000,0.4816,0.9216,high,high,0
Lumen,0.7458,0.7913,0.1643,-0.0454,0.0000,0.4816,0.9199,high,high,0
Lumen,0.7458,0.7913,0.1638,-0.0454,0.0000,0.4816,0.9186,high,high,0
Lumen,0.7458,0.7913,0.1637,-0.0454,0.0000,0.4816,0.9177,high,high,0
Lumen,0.7457,0.7912,0.1636,-0.0454,0.0000,0.4816,0.9170,high,high,0
Lumen,0.7457,0.7912,0.1633,-0.0454,0.0000,0.4816,0.9160,high,high,0
Lumen,0.7457,0.7912,0.1631,-0.0454,0.0000,0.4816,0.9153,high,high,0
Lumen,0.7458,0.7912,0.1628,-0.0454,0.0000,0.4816,0.9141,high,high,0
Lumen,0.7459,0.7913,0.1622,-0.0454,0.0000,0.4816,0.9124,high,high,0
Lumen,0.7458,0.7913,0.1623,-0.0454,0.0000,0.4816,0.9124,high,high,0
Lumen,0.7458,0.7913,0.1622,-0.0454,0.0000,0.4816,0.9120,high,high,0
Lumen,0.7459,0.7914,0.1618,-0.0454,0.1493,0.4816,0.9105,high,high,0
Lumen,0.7459,0.7914,0.1617,-0.0454,0.0000,0.4816,0.9102,high,high,0
Lumen,0.7459,0.7914,0.1617,-0.0454,0.1478,0.4816,0.9100,high,high,0
Lumen,0.7460,0.7914,0.1614,-0.0454,0.0000,0.4816,0.9090,high,high,0
Lumen,0.7460,0.7915,0.1612,-0.0454,0.0000,0.4816,0.9081,high,high,0
Lumen,0.7461,0.7916,0.1608,-0.0454,0.0000,0.4816,0.9069,high,high,0
Lumen,0.7462,0.7916,0.1605,-0.0454,0.0000,0.4816,0.9057,high,high,0
Lumen,0.7462,0.7916,0.1606,-0.0454,0.0000,0.4816,0.9062,high,high,0
Lumen,0.7462,0.7916,0.1607,-0.0454,0.0000,0.4816,0.9064,high,high,0
Lumen,0.7462,0.7916,0.1607,-0.0454,0.0000,0.4816,0.9065,high,high,0
Lumen,0.7462,0.7917,0.1605,-0.0454,0.0000,0.4816,0.9060,high,high,0
Lumen,0.7462,0.7917,0.1606,-0.0454,0.0000,0.4817,0.9062,high,high,0
Lumen,0.7462,0.7916,0.1607,-0.0454,0.0000,0.4817,0.9067,high,high,0
Lumen,0.7461,0.7916,0.1608,-0.0454,0.0000,0.4817,0.9073,high,high,0
Lumen,0.7461,0.7916,0.1608,-0.0454,0.0000,0.4817,0.9072,high,high,0
Lumen,0.7462,0.7917,0.1605,-0.0454,0.1497,0.4817,0.9058,high,high,0
Lumen,0.7462,0.7917,0.1605,-0.0454,0.0000,0.4817,0.9058,high,high,0
Lumen,0.7462,0.7917,0.1605,-0.0455,0.0000,0.4817,0.9059,high,high,0
Lumen,0.7462,0.7917,0.1604,-0.0455,0.1477,0.4817,0.9058,high,high,0
Lumen,0.7462,0.7917,0.1605,-0.0455,0.0000,0.4817,0.9059,high,high,0
Lumen,0.7463,0.7917,0.1604,-0.0455,0.0000,0.4817,0.9058,high,high,0
Lumen,0.7462,0.7917,0.1605,-0.0455,0.0000,0.4817,0.9062,high,high,0
Lumen,0.7464,0.7918,0.1601,-0.0455,0.0000,0.4816,0.9044,high,high,0
Lumen,0.7465,0.7920,0.1596,-0.0455,0.0000,0.4816,0.9022,high,high,0
Lumen,0.7465,0.7920,0.1595,-0.0455,0.0000,0.4816,0.9017,high,high,0
Lumen,0.7466,0.7920,0.1595,-0.0455,0.0000,0.4816,0.9017,high,high,0
Lumen,0.7466,0.7920,0.1595,-0.0455,0.1497,0.4816,0.9019,high,high,0
Lumen,0.7467,0.7921,0.1591,-0.0455,0.0000,0.4816,0.9000,high,high,0
Lumen,0.7467,0.7921,0.1591,-0.0455,0.0000,0.4816,0.9004,high,high,0
Lumen,0.7466,0.7921,0.1593,-0.0455,0.1489,0.4817,0.9011,high,high,0
Lumen,0.7467,0.7922,0.1590,-0.0455,0.0000,0.4817,0.8997,high,high,0
Lumen,0.7467,0.7922,0.1591,-0.0455,0.0000,0.4817,0.9003,high,high,0
Lumen,0.7467,0.7922,0.1592,-0.0455,0.0000,0.4817,0.9011,high,high,0
Lumen,0.7468,0.7923,0.1588,-0.0455,0.0000,0.4817,0.8988,high,high,0
Lumen,0.7468,0.7923,0.1587,-0.0455,0.0000,0.4817,0.8987,high,high,0
Lumen,0.7468,0.7924,0.1587,-0.0455,0.0000,0.4817,0.8988,high,high,0
Lumen,0.7469,0.7924,0.1586,-0.0455,0.0000,0.4817,0.8981,high,high,0
Lumen,0.7468,0.7924,0.1589,-0.0455,0.0000,0.4817,0.8997,high,high,0
Lumen,0.7469,0.7924,0.1586,-0.0455,0.0000,0.4817,0.8986,high,high,0
Lumen,0.7469,0.7925,0.1585,-0.0455,0.0000,0.4817,0.8982,high,high,0
Lumen,0.7470,0.7925,0.1583,-0.0455,0.0000,0.4817,0.8968,high,high,0
Lumen,0.7469,0.7925,0.1585,-0.0455,0.0000,0.4817,0.8979,high,high,0
Lumen,0.7470,0.7926,0.1583,-0.0455,0.0000,0.4817,0.8968,high,high,0
Lumen,0.7469,0.7925,0.1585,-0.0455,0.0000,0.4817,0.8982,high,high,0
Lumen,0.7470,0.7926,0.1585,-0.0455,0.0000,0.4817,0.8982,high,high,0
Lumen,0.7470,0.7926,0.1583,-0.0455,0.1496,0.4817,0.8973,high,high,0
Lumen,0.7470,0.7926,0.1584,-0.0456,0.0000,0.4817,0.8978,high,high,0
Lumen,0.7469,0.7925,0.1587,-0.0456,0.1490,0.4817,0.8998,high,high,0
Lumen,0.7469,0.7926,0.1587,-0.0456,0.0000,0.4817,0.8993,high,high,0
Lumen,0.7468,0.7925,0.1591,-0.0456,0.0000,0.4817,0.9015,high,high,0
Lumen,0.7467,0.7924,0.1593,-0.0456,0.0000,0.4817,0.9027,high,high,0
Lumen,0.7467,0.7923,0.1595,-0.0456,0.0000,0.4817,0.9037,high,high,0
Lumen,0.7466,0.7923,0.1597,-0.0456,0.0000,0.4817,0.9044,high,high,0
Lumen,0.7466,0.7923,0.1596,-0.0456,0.0000,0.4817,0.9042,high,high,0
Lumen,0.7466,0.7922,0.1598,-0.0456,0.0000,0.4817,0.9049,high,high,0
Lumen,0.7465,0.7922,0.1599,-0.0456,0.0000,0.4817,0.9052,high,high,0
Lumen,0.7465,0.7922,0.1599,-0.0456,0.0000,0.4817,0.9054,high,high,0
Lumen,0.7465,0.7921,0.1600,-0.0456,0.0000,0.4817,0.9059,high,high,0
Lumen,0.7464,0.7921,0.1602,-0.0456,0.0000,0.4817,0.9064,high,high,0
Lumen,0.7465,0.7922,0.1599,-0.0456,0.0000,0.4817,0.9049,high,high,0
Lumen,0.7465,0.7921,0.1600,-0.0456,0.0000,0.4817,0.9055,high,high,0
Lumen,0.7464,0.7920,0.1602,-0.0456,0.0000,0.4817,0.9064,high,high,0
Lumen,0.7464,0.7920,0.1603,-0.0456,0.0000,0.4817,0.9068,high,high,0
Lumen,0.7464,0.7921,0.1600,-0.0456,0.0000,0.4817,0.9055,high,high,0
Lumen,0.7465,0.7921,0.1598,-0.0456,0.0000,0.4817,0.9044,high,high,0
Lumen,0.7466,0.7922,0.1595,-0.0456,0.0000,0.4817,0.9026,high,high,0
Lumen,0.7467,0.7923,0.1590,-0.0456,0.0000,0.4816,0.9003,high,high,0
Lumen,0.7467,0.7923,0.1591,-0.0456,0.0000,0.4816,0.9006,high,high,0
Lumen,0.7468,0.7924,0.1587,-0.0456,0.0000,0.4816,0.8990,high,high,0
Lumen,0.7469,0.7924,0.1587,-0.0456,0.0000,0.4816,0.8986,high,high,0
Lumen,0.7468,0.7923,0.1590,-0.0456,0.0000,0.4817,0.9006,high,high,0
Lumen,0.7467,0.7923,0.1592,-0.0456,0.0000,0.4817,0.9017,high,high,0
Lumen,0.7468,0.7924,0.1589,-0.0456,0.0000,0.4817,0.9003,high,high,0
Lumen,0.7468,0.7924,0.1589,-0.0456,0.0000,0.4817,0.9003,high,high,0
Lumen,0.7467,0.7923,0.1592,-0.0456,0.1494,0.4817,0.9016,high,high,0
Lumen,0.7467,0.7923,0.1594,-0.0456,0.0000,0.4817,0.9026,high,high,0
Lumen,0.7466,0.7922,0.1597,-0.0456,0.0000,0.4817,0.9041,high,high,0
Lumen,0.7465,0.7922,0.1598,-0.0456,0.0000,0.4817,0.9045,high,high,0
Lumen,0.7465,0.7922,0.1598,-0.0456,0.0000,0.4817,0.9047,high,high,0
Lumen,0.7465,0.7921,0.1601,-0.0456,0.0000,0.4817,0.9058,high,high,0
Lumen,0.7465,0.7922,0.1598,-0.0456,0.0000,0.4817,0.9046,high,high,0
Lumen,0.7464,0.7921,0.1601,-0.0456,0.0000,0.4817,0.9058,high,high,0
Lumen,0.7465,0.7921,0.1598,-0.0456,0.0000,0.4817,0.9047,high,high,0
Lumen,0.7465,0.7921,0.1599,-0.0456,0.0000,0.4817,0.9050,high,high,0
Lumen,0.7465,0.7921,0.1598,-0.0456,0.0000,0.4817,0.9043,high,high,0
Lumen,0.7466,0.7922,0.1596,-0.0456,0.0000,0.4817,0.9034,high,high,0
Lumen,0.7465,0.7921,0.1597,-0.0456,0.0000,0.4817,0.9039,high,high,0
Lumen,0.7466,0.7922,0.1595,-0.0456,0.0000,0.4817,0.9030,high,high,0
Lumen,0.7465,0.7921,0.1597,-0.0456,0.0000,0.4817,0.9038,high,high,0
Lumen,0.7466,0.7922,0.1594,-0.0456,0.0000,0.4817,0.9023,high,high,0
Lumen,0.7466,0.7922,0.1595,-0.0456,0.0000,0.4817,0.9027,high,high,0
Lumen,0.7466,0.7922,0.1594,-0.0456,0.0000,0.4817,0.9025,high,high,0
Lumen,0.7467,0.7922,0.1593,-0.0456,0.0000,0.4817,0.9017,high,high,0
Lumen,0.7467,0.7923,0.1591,-0.0456,0.0000,0.4817,0.9009,high,high,0
Lumen,0.7466,0.7922,0.1596,-0.0456,0.0000,0.4817,0.9036,high,high,0
Lumen,0.7464,0.7921,0.1601,-0.0456,0.0000,0.4817,0.9058,high,high,0
Lumen,0.7464,0.7920,0.1603,-0.0456,0.0000,0.4817,0.9066,high,high,0
Lumen,0.7463,0.7919,0.1605,-0.0456,0.0000,0.4817,0.9074,high,high,0
Lumen,0.7463,0.7919,0.1605,-0.0456,0.0000,0.4817,0.9074,high,high,0
Lumen,0.7462,0.7918,0.1609,-0.0456,0.0000,0.4817,0.9088,high,high,0
Lumen,0.7463,0.7919,0.1605,-0.0456,0.0000,0.4817,0.9073,high,high,0
Lumen,0.7463,0.7919,0.1606,-0.0456,0.0000,0.4817,0.9076,high,high,0
Lumen,0.7463,0.7919,0.1604,-0.0456,0.0000,0.4817,0.9069,high,high,0
Lumen,0.7465,0.7921,0.1597,-0.0456,0.0000,0.4817,0.9035,high,high,0
Lumen,0.7466,0.7921,0.1596,-0.0456,0.0000,0.4816,0.9029,high,high,0
Lumen,0.7466,0.7922,0.1593,-0.0456,0.0000,0.4816,0.9015,high,high,0
Lumen,0.7465,0.7921,0.1596,-0.0456,0.0000,0.4816,0.9033,high,high,0
Lumen,0.7465,0.7921,0.1598,-0.0456,0.0000,0.4817,0.9039,high,high,0
Lumen,0.7466,0.7921,0.1596,-0.0456,0.0000,0.4817,0.9028,high,high,0
Lumen,0.7465,0.7920,0.1599,-0.0456,0.0000,0.4817,0.9046,high,high,0
Lumen,0.7465,0.7921,0.1598,-0.0456,0.0000,0.4817,0.9042,high,high,0
Lumen,0.7464,0.7919,0.1603,-0.0456,0.0000,0.4817,0.9063,high,high,0
Lumen,0.7464,0.7920,0.1601,-0.0456,0.0000,0.4817,0.9052,high,high,0
Lumen,0.7464,0.7920,0.1602,-0.0456,0.0000,0.4817,0.9056,high,high,0
Lumen,0.7463,0.7919,0.1604,-0.0456,0.0000,0.4817,0.9067,high,high,0
Lumen,0.7464,0.7920,0.1600,-0.0456,0.0000,0.4817,0.9047,high,high,0
Lumen,0.7464,0.7920,0.1600,-0.0456,0.0000,0.4817,0.9048,high,high,0
Lumen,0.7466,0.7921,0.1596,-0.0456,0.1495,0.4817,0.9029,high,high,0
Lumen,0.7466,0.7921,0.1595,-0.0456,0.0000,0.4817,0.9027,high,high,0
Lumen,0.7466,0.7921,0.1595,-0.0456,0.0000,0.4817,0.9025,high,high,0
Lumen,0.7466,0.7921,0.1594,-0.0456,0.0000,0.4817,0.9022,high,high,0
Lumen,0.7467,0.7922,0.1591,-0.0456,0.1482,0.4817,0.9003,high,high,0
Lumen,0.7468,0.7923,0.1589,-0.0456,0.0000,0.4816,0.8995,high,high,0
Lumen,0.7468,0.7923,0.1588,-0.0456,0.0000,0.4817,0.8990,high,high,0
Lumen,0.7467,0.7922,0.1593,-0.0456,0.0000,0.4817,0.9016,high,high,0
Lumen,0.7466,0.7922,0.1595,-0.0456,0.0000,0.4817,0.9026,high,high,0
Lumen,0.7466,0.7922,0.1594,-0.0456,0.0000,0.4817,0.9024,high,high,0
Lumen,0.7465,0.7921,0.1598,-0.0456,0.0000,0.4817,0.9042,high,high,0
Lumen,0.7465,0.7921,0.1599,-0.0456,0.0000,0.4817,0.9046,high,high,0
Lumen,0.7465,0.7921,0.1597,-0.0456,0.0000,0.4817,0.9039,high,high,0
Lumen,0.7465,0.7921,0.1597,-0.0456,0.0000,0.4817,0.9038,high,high,0
Lumen,0.7465,0.7921,0.1597,-0.0456,0.0000,0.4817,0.9040,high,high,0
Lumen,0.7466,0.7922,0.1596,-0.0456,0.0000,0.4817,0.9033,high,high,0
Lumen,0.7466,0.7922,0.1595,-0.0456,0.0000,0.4817,0.9030,high,high,0
Lumen,0.7466,0.7922,0.1595,-0.0456,0.0000,0.4817,0.9029,high,high,0
Lumen,0.7467,0.7923,0.1590,-0.0456,0.1497,0.4817,0.9005,high,high,0
Lumen,0.7467,0.7923,0.1590,-0.0456,0.0000,0.4817,0.9006,high,high,0
Lumen,0.7468,0.7923,0.1590,-0.0456,0.1497,0.4817,0.9005,high,high,0
Lumen,0.7467,0.7923,0.1592,-0.0456,0.1491,0.4817,0.9014,high,high,0
Lumen,0.7468,0.7924,0.1589,-0.0456,0.0000,0.4817,0.8999,high,high,0
Lumen,0.7468,0.7924,0.1588,-0.0456,0.0000,0.4817,0.8992,high,high,0
Lumen,0.7468,0.7924,0.1587,-0.0456,0.0000,0.4817,0.8992,high,high,0
Lumen,0.7470,0.7926,0.1583,-0.0456,0.1495,0.4817,0.8966,high,high,0
Lumen,0.7471,0.7926,0.1580,-0.0456,0.0000,0.4817,0.8953,high,high,0
Lumen,0.7472,0.7927,0.1577,-0.0456,0.0000,0.4817,0.8936,high,high,0
Lumen,0.7471,0.7927,0.1579,-0.0456,0.0000,0.4817,0.8946,high,high,0
Lumen,0.7471,0.7927,0.1582,-0.0456,0.0000,0.4817,0.8964,high,high,0
Lumen,0.7470,0.7926,0.1583,-0.0456,0.0000,0.4817,0.8973,high,high,0
Lumen,0.7470,0.7926,0.1584,-0.0456,0.0000,0.4817,0.8977,high,high,0
Lumen,0.7470,0.7926,0.1586,-0.0456,0.0000,0.4817,0.8988,high,high,0
Lumen,0.7470,0.7926,0.1585,-0.0456,0.0000,0.4817,0.8984,high,high,0
Lumen,0.7470,0.7926,0.1585,-0.0456,0.0000,0.4817,0.8983,high,high,0
Lumen,0.7470,0.7926,0.1585,-0.0456,0.0000,0.4817,0.8985,high,high,0
Lumen,0.7469,0.7926,0.1587,-0.0456,0.1487,0.4817,0.8995,high,high,0
Lumen,0.7469,0.7926,0.1587,-0.0456,0.0000,0.4817,0.8995,high,high,0
Lumen,0.7468,0.7925,0.1592,-0.0456,0.1496,0.4817,0.9026,high,high,0
Lumen,0.7467,0.7924,0.1594,-0.0456,0.0000,0.4817,0.9034,high,high,0
Lumen,0.7466,0.7923,0.1599,-0.0456,0.0000,0.4817,0.9058,high,high,0
Lumen,0.7466,0.7923,0.1599,-0.0456,0.0000,0.4817,0.9055,high,high,0
Lumen,0.7464,0.7921,0.1603,-0.0457,0.0000,0.4817,0.9075,high,high,0
Lumen,0.7465,0.7922,0.1601,-0.0457,0.0000,0.4817,0.9064,high,high,0
Lumen,0.7464,0.7921,0.1604,-0.0457,0.0000,0.4817,0.9078,high,high,0
Lumen,0.7464,0.7921,0.1603,-0.0457,0.0000,0.4817,0.9072,high,high,0
Lumen,0.7464,0.7921,0.1603,-0.0457,0.0000,0.4817,0.9069,high,high,0
Lumen,0.7464,0.7920,0.1603,-0.0457,0.0000,0.4817,0.9069,high,high,0
Lumen,0.7464,0.7920,0.1603,-0.0457,0.0000,0.4817,0.9069,high,high,0
Lumen,0.7463,0.7920,0.1604,-0.0457,0.1492,0.4817,0.9073,high,high,0
Lumen,0.7463,0.7919,0.1605,-0.0457,0.0000,0.4817,0.9076,high,high,0
Lumen,0.7463,0.7919,0.1605,-0.0457,0.0000,0.4817,0.9073,high,high,0
Lumen,0.7462,0.7918,0.1610,-0.0457,0.0000,0.4817,0.9094,high,high,0
Lumen,0.7462,0.7918,0.1609,-0.0457,0.0000,0.4817,0.9088,high,high,0
Lumen,0.7462,0.7918,0.1609,-0.0456,0.0000,0.4817,0.9089,high,high,0
Lumen,0.7460,0.7917,0.1613,-0.0456,0.1496,0.4817,0.9103,high,high,0
Lumen,0.7460,0.7916,0.1614,-0.0456,0.0000,0.4817,0.9104,high,high,0
Lumen,0.7458,0.7915,0.1620,-0.0456,0.1490,0.4817,0.9123,high,high,0
Lumen,0.7458,0.7914,0.1622,-0.0456,0.0000,0.4817,0.9127,high,high,0
Lumen,0.7457,0.7914,0.1622,-0.0456,0.0000,0.4817,0.9126,high,high,0
Lumen,0.7458,0.7914,0.1621,-0.0456,0.1495,0.4817,0.9119,high,high,0
Lumen,0.7457,0.7913,0.1622,-0.0456,0.0000,0.4817,0.9123,high,high,0
Lumen,0.7457,0.7913,0.1623,-0.0456,0.0000,0.4817,0.9123,high,high,0
Lumen,0.7456,0.7911,0.1628,-0.0456,0.1498,0.4817,0.9133,high,high,0
Lumen,0.7460,0.7915,0.1612,-0.0456,0.0000,0.4816,0.9085,high,high,0
Lumen,0.7460,0.7914,0.1613,-0.0456,0.0000,0.4816,0.9089,high,high,0
Lumen,0.7458,0.7913,0.1620,-0.0456,0.1499,0.4816,0.9109,high,high,0
Lumen,0.7456,0.7911,0.1626,-0.0456,0.0000,0.4817,0.9125,high,high,0
Lumen,0.7456,0.7911,0.1626,-0.0456,0.0000,0.4817,0.9124,high,high,0
Lumen,0.7456,0.7911,0.1627,-0.0456,0.0000,0.4817,0.9124,high,high,0
Lumen,0.7455,0.7910,0.1630,-0.0456,0.0000,0.4817,0.9130,high,high,0
Lumen,0.7454,0.7909,0.1634,-0.0455,0.0000,0.4817,0.9136,high,high,0
Lumen,0.7454,0.7908,0.1633,-0.0455,0.0000,0.4817,0.9132,high,high,0
Lumen,0.7454,0.7908,0.1632,-0.0455,0.0000,0.4817,0.9129,high,high,0
Lumen,0.7452,0.7907,0.1637,-0.0455,0.0000,0.4817,0.9136,high,high,0
Lumen,0.7451,0.7905,0.1643,-0.0455,0.0000,0.4817,0.9142,high,high,0
Lumen,0.7448,0.7903,0.1650,-0.0455,0.0000,0.4817,0.9144,high,high,0
Lumen,0.7448,0.7903,0.1652,-0.0455,0.0000,0.4817,0.9140,high,high,0
Lumen,0.7447,0.7902,0.1653,-0.0455,0.0000,0.4817,0.9137,high,high,0
Lumen,0.7445,0.7900,0.1660,-0.0455,0.0000,0.4817,0.9131,high,high,0
Lumen,0.7443,0.7898,0.1666,-0.0455,0.0000,0.4817,0.9122,high,high,0
Lumen,0.7443,0.7897,0.1667,-0.0455,0.0000,0.4817,0.9116,high,high,0
Lumen,0.7442,0.7896,0.1668,-0.0455,0.0000,0.4817,0.9110,high,high,0
Lumen,0.7442,0.7896,0.1670,-0.0455,0.0000,0.4817,0.9103,high,high,0
Lumen,0.7441,0.7894,0.1673,-0.0455,0.0000,0.4817,0.9094,high,high,0
Lumen,0.7440,0.7894,0.1674,-0.0455,0.0000,0.4817,0.9088,high,high,0
Lumen,0.7438,0.7892,0.1681,-0.0454,0.1498,0.4817,0.9068,high,high,0
Lumen,0.7437,0.7891,0.1683,-0.0454,0.0000,0.4817,0.9058,high,high,0
Lumen,0.7436,0.7889,0.1690,-0.0454,0.0000,0.4817,0.9036,high,high,0
Lumen,0.7434,0.7887,0.1695,-0.0454,0.0000,0.4817,0.9014,high,high,0
Lumen,0.7433,0.7885,0.1699,-0.0454,0.0000,0.4817,0.8994,high,high,0
Lumen,0.7431,0.7883,0.1705,-0.0454,0.0000,0.4817,0.8964,high,high,0
Lumen,0.7429,0.7882,0.1710,-0.0454,0.0000,0.4817,0.8940,high,high,0
Lumen,0.7429,0.7881,0.1710,-0.0454,0.0000,0.4817,0.8934,high,high,0
Lumen,0.7428,0.7880,0.1713,-0.0453,0.1494,0.4817,0.8913,high,high,0
Lumen,0.7427,0.7878,0.1717,-0.0453,0.0000,0.4817,0.8891,high,high,0
Lumen,0.7426,0.7878,0.1717,-0.0453,0.0000,0.4816,0.8886,high,high,0
Lumen,0.7426,0.7877,0.1718,-0.0453,0.1487,0.4816,0.8875,high,high,0
Lumen,0.7425,0.7876,0.1720,-0.0453,0.0000,0.4816,0.8859,high,high,0
Lumen,0.7424,0.7875,0.1723,-0.0452,0.0000,0.4816,0.8841,high,high,0
Lumen,0.7424,0.7874,0.1721,-0.0452,0.0000,0.4816,0.8845,high,high,0
Lumen,0.7425,0.7874,0.1720,-0.0452,0.0000,0.4816,0.8847,high,high,0
Lumen,0.7424,0.7873,0.1722,-0.0452,0.0000,0.4816,0.8836,high,high,0
Lumen,0.7429,0.7877,0.1705,-0.0451,0.0000,0.4816,0.8908,high,high,0
Lumen,0.7429,0.7877,0.1704,-0.0451,0.0000,0.4815,0.8910,high,high,0
Lumen,0.7428,0.7876,0.1706,-0.0451,0.0000,0.4815,0.8899,high,high,0
Lumen,0.7428,0.7876,0.1707,-0.0450,0.0000,0.4816,0.8895,high,high,0
Lumen,0.7427,0.7875,0.1710,-0.0450,0.1492,0.4816,0.8883,high,high,0
Lumen,0.7428,0.7875,0.1707,-0.0450,0.0000,0.4816,0.8892,high,high,0
Lumen,0.7428,0.7875,0.1707,-0.0450,0.0000,0.4816,0.8892,high,high,0
Lumen,0.7428,0.7875,0.1707,-0.0449,0.0000,0.4816,0.8889,high,high,0
Lumen,0.7426,0.7874,0.1712,-0.0449,0.1498,0.4816,0.8869,high,high,0
Lumen,0.7426,0.7874,0.1712,-0.0449,0.0000,0.4816,0.8866,high,high,0
Lumen,0.7426,0.7873,0.1713,-0.0449,0.0000,0.4816,0.8859,high,high,0
Lumen,0.7425,0.7873,0.1716,-0.0449,0.0000,0.4816,0.8847,high,high,0
Lumen,0.7426,0.7874,0.1711,-0.0449,0.0000,0.4816,0.8868,high,high,0
Lumen,0.7428,0.7874,0.1706,-0.0448,0.0000,0.4816,0.8885,high,high,0
Lumen,0.7428,0.7875,0.1704,-0.0448,0.0000,0.4816,0.8895,high,high,0
Lumen,0.7428,0.7874,0.1707,-0.0448,0.0000,0.4816,0.8884,high,high,0
Lumen,0.7428,0.7875,0.1705,-0.0448,0.0000,0.4816,0.8891,high,high,0
Lumen,0.7427,0.7874,0.1709,-0.0448,0.0000,0.4816,0.8875,high,high,0
Lumen,0.7427,0.7874,0.1710,-0.0448,0.0000,0.4816,0.8869,high,high,0
Lumen,0.7426,0.7873,0.1712,-0.0448,0.0000,0.4816,0.8860,high,high,0
Lumen,0.7428,0.7874,0.1706,-0.0448,0.0000,0.4816,0.8883,high,high,0
Lumen,0.7428,0.7874,0.1705,-0.0448,0.0000,0.4816,0.8887,high,high,0
Lumen,0.7428,0.7875,0.1704,-0.0447,0.0000,0.4816,0.8892,high,high,0
Lumen,0.7429,0.7875,0.1703,-0.0447,0.0000,0.4816,0.8899,high,high,0
Lumen,0.7428,0.7874,0.1707,-0.0447,0.0000,0.4816,0.8882,high,high,0
Lumen,0.7427,0.7874,0.1708,-0.0447,0.0000,0.4816,0.8878,high,high,0
Lumen,0.7427,0.7873,0.1711,-0.0447,0.0000,0.4816,0.8867,high,high,0
Lumen,0.7427,0.7874,0.1709,-0.0447,0.0000,0.4816,0.8873,high,high,0
Lumen,0.7427,0.7874,0.1707,-0.0447,0.0000,0.4816,0.8880,high,high,0
Lumen,0.7428,0.7874,0.1707,-0.0447,0.0000,0.4816,0.8882,high,high,0
Lumen,0.7427,0.7874,0.1708,-0.0447,0.0000,0.4816,0.8875,high,high,0
Lumen,0.7428,0.7875,0.1704,-0.0447,0.0000,0.4816,0.8892,high,high,0
Lumen,0.7428,0.7875,0.1705,-0.0447,0.0000,0.4816,0.8888,high,high,0
Lumen,0.7428,0.7875,0.1705,-0.0447,0.0000,0.4816,0.8890,high,high,0
Lumen,0.7429,0.7875,0.1702,-0.0447,0.1493,0.4816,0.8900,high,high,0
Lumen,0.7429,0.7876,0.1700,-0.0447,0.0000,0.4816,0.8909,high,high,0
Lumen,0.7430,0.7876,0.1699,-0.0447,0.0000,0.4816,0.8912,high,high,0
Lumen,0.7430,0.7876,0.1699,-0.0447,0.0000,0.4816,0.8914,high,high,0
Lumen,0.7429,0.7876,0.1701,-0.0447,0.1496,0.4816,0.8908,high,high,0
Lumen,0.7428,0.7875,0.1705,-0.0447,0.0000,0.4816,0.8894,high,high,0
Lumen,0.7429,0.7875,0.1704,-0.0447,0.0000,0.4816,0.8899,high,high,0
Lumen,0.7429,0.7876,0.1700,-0.0447,0.1498,0.4816,0.8911,high,high,0
Lumen,0.7430,0.7877,0.1698,-0.0447,0.0000,0.4816,0.8920,high,high,0
Lumen,0.7431,0.7877,0.1696,-0.0447,0.0000,0.4816,0.8928,high,high,0
Lumen,0.7432,0.7878,0.1691,-0.0447,0.0000,0.4816,0.8944,high,high,0
Lumen,0.7432,0.7879,0.1690,-0.0447,0.0000,0.4816,0.8951,high,high,0
Lumen,0.7432,0.7879,0.1690,-0.0447,0.0000,0.4816,0.8951,high,high,0
Lumen,0.7432,0.7879,0.1691,-0.0447,0.1498,0.4816,0.8951,high,high,0
Lumen,0.7432,0.7879,0.1690,-0.0447,0.0000,0.4816,0.8953,high,high,0
Lumen,0.7431,0.7878,0.1696,-0.0447,0.1498,0.4816,0.8935,high,high,0
Lumen,0.7431,0.7878,0.1698,-0.0447,0.0000,0.4816,0.8931,high,high,0
Lumen,0.7430,0.7878,0.1699,-0.0447,0.0000,0.4816,0.8927,high,high,0
Lumen,0.7430,0.7878,0.1699,-0.0447,0.0000,0.4816,0.8925,high,high,0
Lumen,0.7429,0.7876,0.1705,-0.0447,0.1497,0.4816,0.8905,high,high,0
Lumen,0.7429,0.7876,0.1704,-0.0447,0.0000,0.4816,0.8907,high,high,0
Lumen,0.7428,0.7876,0.1706,-0.0447,0.0000,0.4816,0.8899,high,high,0
Lumen,0.7428,0.7876,0.1706,-0.0447,0.0000,0.4816,0.8899,high,high,0
Lumen,0.7429,0.7876,0.1704,-0.0447,0.1498,0.4816,0.8906,high,high,0
Lumen,0.7430,0.7878,0.1697,-0.0447,0.0000,0.4816,0.8929,high,high,0
Lumen,0.7432,0.7879,0.1692,-0.0447,0.0000,0.4816,0.8947,high,high,0
Lumen,0.7433,0.7880,0.1688,-0.0447,0.0000,0.4816,0.8960,high,high,0
Lumen,0.7433,0.7880,0.1690,-0.0447,0.0000,0.4816,0.8957,high,high,0
Lumen,0.7435,0.7882,0.1681,-0.0447,0.0000,0.4816,0.8982,high,high,0
Lumen,0.7467,0.7884,0.1675,-0.0444,0.0000,0.4817,0.9004,high,high,0
Lumen,0.7460,0.7881,0.1689,-0.0442,0.0000,0.4819,0.8982,high,high,0
Lumen,0.7453,0.7878,0.1702,-0.0440,0.0000,0.4820,0.8945,high,high,0
Lumen,0.7446,0.7875,0.1720,-0.0439,0.0000,0.4820,0.8876,high,high,0
Lumen,0.7440,0.7871,0.1734,-0.0438,0.0000,0.4820,0.8802,high,high,0
Lumen,0.7433,0.7867,0.1751,-0.0438,0.0000,0.4820,0.8706,high,high,0
Lumen,0.7428,0.7864,0.1763,-0.0437,0.0000,0.4820,0.8627,high,high,0
Lumen,0.7425,0.7863,0.1766,-0.0437,0.0000,0.4819,0.8600,high,high,0
Lumen,0.7423,0.7862,0.1767,-0.0438,0.0000,0.4819,0.8585,high,high,0
Lumen,0.7421,0.7861,0.1769,-0.0438,0.1498,0.4818,0.8563,high,high,0
Lumen,0.7419,0.7859,0.1772,-0.0438,0.0000,0.4818,0.8534,high,high,0
Lumen,0.7417,0.7857,0.1775,-0.0438,0.0000,0.4817,0.8504,high,high,0
Lumen,0.7415,0.7856,0.1776,-0.0439,0.0000,0.4817,0.8490,high,high,0
Lumen,0.7414,0.7855,0.1777,-0.0439,0.0000,0.4817,0.8477,high,high,0
Lumen,0.7413,0.7854,0.1776,-0.0439,0.0000,0.4817,0.8473,high,high,0
Lumen,0.7412,0.7853,0.1778,-0.0439,0.0000,0.4816,0.8459,high,high,0
Lumen,0.7412,0.7853,0.1777,-0.0439,0.0000,0.4816,0.8455,high,high,0
Lumen,0.7411,0.7852,0.1777,-0.0440,0.1484,0.4816,0.8449,high,high,0
Lumen,0.7411,0.7852,0.1776,-0.0440,0.0000,0.4816,0.8453,high,high,0
Lumen,0.7411,0.7852,0.1774,-0.0440,0.0000,0.4816,0.8462,high,high,0
Lumen,0.7409,0.7851,0.1778,-0.0440,0.0000,0.4816,0.8434,high,high,0
Lumen,0.7409,0.7850,0.1776,-0.0440,0.0000,0.4816,0.8440,high,high,0
Lumen,0.7408,0.7849,0.1780,-0.0440,0.0000,0.4816,0.8411,high,high,0
Lumen,0.7406,0.7848,0.1784,-0.0440,0.0000,0.4816,0.8381,high,high,0
Lumen,0.7405,0.7847,0.1790,-0.0441,0.0000,0.4816,0.8343,high,high,0
Lumen,0.7405,0.7847,0.1788,-0.0441,0.0000,0.4816,0.8349,high,high,0
Lumen,0.7404,0.7846,0.1789,-0.0441,0.0000,0.4816,0.8337,high,high,0
Lumen,0.7403,0.7845,0.1792,-0.0441,0.0000,0.4816,0.8316,high,high,0
Lumen,0.7402,0.7844,0.1797,-0.0441,0.0000,0.4816,0.8283,high,high,0
Lumen,0.7401,0.7843,0.1798,-0.0441,0.0000,0.4816,0.8269,high,high,0
Lumen,0.7399,0.7842,0.1804,-0.0441,0.0000,0.4816,0.8229,high,high,0
Lumen,0.7399,0.7841,0.1802,-0.0441,0.0000,0.4816,0.8237,high,high,0
Lumen,0.7399,0.7840,0.1805,-0.0441,0.0000,0.4816,0.8213,high,high,0
Lumen,0.7398,0.7840,0.1807,-0.0441,0.0000,0.4816,0.8195,high,high,0
Lumen,0.7398,0.7840,0.1805,-0.0441,0.0000,0.4816,0.8204,high,high,0
Lumen,0.7398,0.7840,0.1803,-0.0441,0.0000,0.4816,0.8218,high,high,0
Lumen,0.7398,0.7839,0.1805,-0.0441,0.0000,0.4816,0.8202,high,high,0
Lumen,0.7398,0.7839,0.1805,-0.0441,0.0000,0.4816,0.8198,high,high,0
Lumen,0.7397,0.7838,0.1809,-0.0441,0.1498,0.4816,0.8170,high,high,0
Lumen,0.7398,0.7839,0.1803,-0.0441,0.0000,0.4816,0.8209,high,high,0
Lumen,0.7397,0.7838,0.1805,-0.0441,0.0000,0.4816,0.8191,high,high,0
Lumen,0.7431,0.7668,0.1650,-0.0370,0.2765,0.4815,0.7179,high,high,0
Lumen,0.7464,0.7669,0.1649,-0.0364,0.2826,0.4818,0.7189,high,high,0
Lumen,0.7372,0.7641,0.1812,-0.0212,0.0000,0.4821,0.6686,high,high,0
Lumen,0.7383,0.7724,0.1966,-0.0270,0.1500,0.4822,0.6586,high,high,0
Lumen,0.7394,0.7773,0.2155,-0.0314,0.1000,0.4822,0.5516,high,high,0
Lumen,0.7437,0.7671,0.1669,-0.0357,0.2764,0.4821,0.7217,high,high,0
Lumen,0.7468,0.7675,0.1690,-0.0354,0.2872,0.4823,0.7247,high,high,0
Lumen,0.7387,0.7664,0.2775,-0.0219,0.0000,0.4825,0.0315,boundary,low,1
Lumen,0.7396,0.7744,0.2900,-0.0277,0.0000,0.4825,0.0000,boundary,low,1
Lumen,0.7447,0.7664,0.1738,-0.0350,0.2797,0.4825,0.7119,high,high,0
Lumen,0.7466,0.7661,0.1758,-0.0344,0.2865,0.4828,0.7053,high,high,0
Lumen,0.7466,0.7515,0.3212,0.0148,0.1500,0.4831,0.0000,boundary,low,1
Lumen,0.7437,0.7657,0.3277,-0.0018,0.0000,0.4830,0.0000,boundary,low,1
Lumen,0.7422,0.7727,0.3174,-0.0132,0.0000,0.4828,0.0000,boundary,low,1
Lumen,0.7414,0.7764,0.3248,-0.0208,0.0000,0.4826,0.0000,boundary,low,1
Lumen,0.7413,0.7788,0.3276,-0.0258,0.0000,0.4824,0.0000,boundary,low,1
Lumen,0.7412,0.7802,0.3201,-0.0291,0.0000,0.4822,0.0000,boundary,low,1
Lumen,0.7409,0.7807,0.3163,-0.0313,0.0000,0.4820,0.0000,boundary,low,1
Lumen,0.7408,0.7811,0.3140,-0.0326,0.0000,0.4819,0.0000,boundary,low,1
Lumen,0.7408,0.7813,0.3077,-0.0334,0.0000,0.4817,0.0000,boundary,low,1
Lumen,0.7408,0.7815,0.3022,-0.0341,0.0000,0.4816,0.0000,boundary,low,1
Lumen,0.7407,0.7816,0.2932,-0.0348,0.0000,0.4816,0.0000,boundary,low,1
Lumen,0.7407,0.7819,0.2851,-0.0354,0.1495,0.4815,0.0000,boundary,low,1
Lumen,0.7407,0.7820,0.2739,-0.0360,0.0000,0.4814,0.0921,boundary,low,1
Lumen,0.7406,0.7821,0.2597,-0.0366,0.0000,0.4814,0.2104,boundary,low,1
Lumen,0.7405,0.7822,0.2478,-0.0371,0.0000,0.4814,0.3084,high,low,1
Lumen,0.7470,0.7631,0.1659,-0.0363,0.2950,0.4818,0.6879,high,high,0
Lumen,0.7477,0.7642,0.1665,-0.0343,0.2838,0.4828,0.6971,high,high,0
Lumen,0.7461,0.7509,0.2064,0.0150,0.0000,0.4834,0.4731,high,high,0
Lumen,0.7432,0.7653,0.2242,-0.0017,0.1500,0.4834,0.4415,high,boundary,1
Lumen,0.7419,0.7726,0.2323,-0.0133,0.1000,0.4832,0.4088,high,boundary,1
Lumen,0.7414,0.7769,0.2355,-0.0210,0.1500,0.4829,0.3965,high,low,1
Lumen,0.7410,0.7792,0.2377,-0.0262,0.1500,0.4826,0.3843,high,low,1
Lumen,0.7411,0.7808,0.2379,-0.0295,0.1500,0.4824,0.3865,high,low,1
Lumen,0.7411,0.7816,0.2460,-0.0317,0.0000,0.4821,0.3225,high,low,1
Lumen,0.7410,0.7820,0.2513,-0.0331,0.0000,0.4821,0.2794,boundary,low,1
Lumen,0.7424,0.7833,0.2500,-0.0339,0.0000,0.4820,0.2925,boundary,low,1
Lumen,0.7560,0.7844,0.2490,-0.0333,0.0000,0.4825,0.2972,high,low,1
Lumen,0.7557,0.7856,0.2474,-0.0330,0.0000,0.4827,0.3125,high,low,1
Lumen,0.7539,0.7855,0.2515,-0.0329,0.1500,0.4828,0.2803,boundary,low,1
Lumen,0.7593,0.7854,0.2591,-0.0322,0.0000,0.4835,0.2119,boundary,low,1
Lumen,0.7570,0.7853,0.2658,-0.0318,0.1500,0.4840,0.1596,boundary,low,1
Lumen,0.7550,0.7852,0.2715,-0.0316,0.0000,0.4840,0.1137,boundary,low,1
Lumen,0.7533,0.7852,0.2717,-0.0317,0.0000,0.4838,0.1130,boundary,low,1
Lumen,0.7517,0.7851,0.2674,-0.0318,0.0000,0.4834,0.1499,boundary,low,1
Lumen,0.7503,0.7850,0.2638,-0.0321,0.0000,0.4831,0.1806,boundary,low,1
Lumen,0.7492,0.7850,0.2604,-0.0325,0.0000,0.4828,0.2088,boundary,low,1
Lumen,0.7482,0.7850,0.2528,-0.0329,0.0000,0.4825,0.2725,boundary,low,1
Lumen,0.7425,0.7666,0.1691,-0.0351,0.2776,0.4824,0.7164,high,high,0
Lumen,0.7458,0.7666,0.1682,-0.0350,0.2839,0.4825,0.7179,high,high,0
Lumen,0.7385,0.7640,0.2081,-0.0199,0.0000,0.4826,0.5408,high,high,0
Lumen,0.7399,0.7727,0.2080,-0.0257,0.1500,0.4826,0.5875,high,high,0
Lumen,0.7404,0.7769,0.2084,-0.0300,0.1000,0.4825,0.6033,high,high,0
Lumen,0.7406,0.7792,0.2086,-0.0330,0.1500,0.4824,0.6121,high,high,0
Lumen,0.7407,0.7806,0.2088,-0.0351,0.1500,0.4822,0.6153,high,high,0
Lumen,0.7431,0.7669,0.1669,-0.0357,0.2765,0.4822,0.7199,high,high,0
Lumen,0.7465,0.7671,0.1670,-0.0354,0.2823,0.4823,0.7214,high,high,0
Lumen,0.7383,0.7647,0.2080,-0.0208,0.0000,0.4825,0.5452,high,high,0
Lumen,0.7399,0.7736,0.1916,-0.0266,0.1500,0.4825,0.6960,high,high,0
Lumen,0.7404,0.7777,0.1991,-0.0309,0.1000,0.4824,0.6730,high,high,0
Lumen,0.7401,0.7795,0.2169,-0.0339,0.1500,0.4823,0.5490,high,high,0
Lumen,0.7397,0.7802,0.2272,-0.0359,0.0000,0.4822,0.4699,high,high,0
Lumen,0.7395,0.7807,0.2331,-0.0372,0.0000,0.4821,0.4235,high,boundary,1
Lumen,0.7395,0.7811,0.2359,-0.0381,0.0000,0.4820,0.4023,high,boundary,1
Lumen,0.7394,0.7812,0.2379,-0.0386,0.0000,0.4819,0.3860,high,low,1
Lumen,0.7393,0.7813,0.2394,-0.0390,0.0000,0.4819,0.3742,high,low,1
Lumen,0.7391,0.7812,0.2454,-0.0393,0.0000,0.4818,0.3248,high,low,1
Lumen,0.7390,0.7812,0.2554,-0.0396,0.0000,0.4818,0.2433,boundary,low,1
Lumen,0.7389,0.7812,0.2589,-0.0398,0.0000,0.4818,0.2141,boundary,low,1
Lumen,0.7388,0.7812,0.2573,-0.0401,0.0000,0.4817,0.2276,boundary,low,1
Lumen,0.7387,0.7812,0.2560,-0.0403,0.0000,0.4817,0.2384,boundary,low,1
Lumen,0.7387,0.7812,0.2549,-0.0406,0.0000,0.4816,0.2473,boundary,low,1
Lumen,0.7386,0.7812,0.2539,-0.0408,0.0000,0.4816,0.2555,boundary,low,1
Lumen,0.7385,0.7812,0.2532,-0.0410,0.0000,0.4816,0.2612,boundary,low,1
Lumen,0.7385,0.7813,0.2521,-0.0411,0.0000,0.4815,0.2701,boundary,low,1
Lumen,0.7386,0.7814,0.2464,-0.0413,0.0000,0.4815,0.3172,high,low,1
Lumen,0.7385,0.7814,0.2420,-0.0415,0.0000,0.4814,0.3528,high,low,1
Lumen,0.7384,0.7813,0.2384,-0.0416,0.0000,0.4814,0.3814,high,low,1
Lumen,0.7383,0.7813,0.2355,-0.0417,0.0000,0.4814,0.4048,high,boundary,1
Lumen,0.7382,0.7813,0.2329,-0.0419,0.0000,0.4814,0.4261,high,boundary,1
Lumen,0.7382,0.7813,0.2306,-0.0420,0.0000,0.4814,0.4442,high,boundary,1
Lumen,0.7382,0.7813,0.2282,-0.0421,0.0000,0.4814,0.4636,high,high,0
Lumen,0.7382,0.7813,0.2267,-0.0422,0.0000,0.4814,0.4760,high,high,0
Lumen,0.7380,0.7812,0.2260,-0.0423,0.0000,0.4814,0.4806,high,high,0
Lumen,0.7378,0.7811,0.2253,-0.0424,0.0000,0.4814,0.4859,high,high,0
Lumen,0.7379,0.7812,0.2192,-0.0425,0.0000,0.4814,0.5342,high,high,0
Lumen,0.7379,0.7812,0.2142,-0.0426,0.0000,0.4814,0.5733,high,high,0
Lumen,0.7379,0.7812,0.2100,-0.0426,0.0000,0.4814,0.6054,high,high,0
Lumen,0.7379,0.7813,0.2063,-0.0427,0.0000,0.4814,0.6336,high,high,0
Lumen,0.7379,0.7813,0.2032,-0.0428,0.0000,0.4814,0.6567,high,high,0
Lumen,0.7381,0.7814,0.2000,-0.0428,0.0000,0.4814,0.6802,high,high,0
Lumen,0.7381,0.7814,0.1979,-0.0429,0.0000,0.4814,0.6956,high,high,0
Lumen,0.7381,0.7814,0.1960,-0.0429,0.0000,0.4814,0.7085,high,high,0
Lumen,0.7381,0.7815,0.1944,-0.0430,0.0000,0.4814,0.7195,high,high,0
Lumen,0.7382,0.7816,0.1927,-0.0430,0.0000,0.4814,0.7319,high,high,0
Lumen,0.7381,0.7815,0.1918,-0.0431,0.0000,0.4814,0.7373,high,high,0
Lumen,0.7381,0.7815,0.1909,-0.0431,0.1498,0.4814,0.7427,high,high,0
Lumen,0.7382,0.7816,0.1898,-0.0431,0.1496,0.4815,0.7500,high,high,0
Lumen,0.7381,0.7816,0.1893,-0.0432,0.0000,0.4815,0.7536,high,high,0
Lumen,0.7382,0.7816,0.1885,-0.0432,0.1478,0.4815,0.7583,high,high,0
Lumen,0.7382,0.7817,0.1879,-0.0432,0.0000,0.4815,0.7622,high,high,0
Lumen,0.7383,0.7818,0.1870,-0.0432,0.0000,0.4815,0.7686,high,high,0
Lumen,0.7383,0.7818,0.1868,-0.0433,0.0000,0.4815,0.7694,high,high,0
Lumen,0.7382,0.7817,0.1867,-0.0433,0.1498,0.4815,0.7697,high,high,0
Lumen,0.7383,0.7818,0.1860,-0.0433,0.0000,0.4815,0.7747,high,high,0
Lumen,0.7384,0.7819,0.1855,-0.0433,0.0000,0.4815,0.7784,high,high,0
Lumen,0.7384,0.7819,0.1855,-0.0434,0.0000,0.4815,0.7782,high,high,0
Lumen,0.7384,0.7819,0.1853,-0.0434,0.0000,0.4815,0.7791,high,high,0
Lumen,0.7385,0.7820,0.1850,-0.0434,0.0000,0.4815,0.7817,high,high,0
Lumen,0.7389,0.7823,0.1832,-0.0434,0.1499,0.4815,0.7946,high,high,0
Lumen,0.7436,0.7827,0.1817,-0.0430,0.0000,0.4817,0.8115,high,high,0
Lumen,0.7430,0.7827,0.1819,-0.0426,0.0000,0.4820,0.8099,high,high,0
Lumen,0.7425,0.7827,0.1820,-0.0424,0.1500,0.4820,0.8090,high,high,0
Lumen,0.7421,0.7827,0.1822,-0.0422,0.1500,0.4820,0.8077,high,high,0
Lumen,0.7417,0.7827,0.1822,-0.0421,0.1500,0.4820,0.8073,high,high,0
Lumen,0.7414,0.7828,0.1821,-0.0420,0.1500,0.4819,0.8078,high,high,0
Lumen,0.7412,0.7828,0.1821,-0.0420,0.1499,0.4818,0.8078,high,high,0
Lumen,0.7410,0.7829,0.1819,-0.0420,0.1499,0.4818,0.8090,high,high,0
Lumen,0.7410,0.7831,0.1811,-0.0420,0.1499,0.4817,0.8142,high,high,0
Lumen,0.7410,0.7832,0.1804,-0.0420,0.0000,0.4816,0.8184,high,high,0
Lumen,0.7410,0.7833,0.1800,-0.0420,0.0000,0.4816,0.8215,high,high,0
Lumen,0.7408,0.7834,0.1799,-0.0421,0.0000,0.4816,0.8216,high,high,0
Lumen,0.7408,0.7834,0.1798,-0.0421,0.1498,0.4816,0.8221,high,high,0
Lumen,0.7407,0.7834,0.1798,-0.0422,0.0000,0.4816,0.8223,high,high,0
Lumen,0.7405,0.7834,0.1800,-0.0423,0.0000,0.4816,0.8210,high,high,0
Lumen,0.7404,0.7834,0.1801,-0.0423,0.0000,0.4816,0.8200,high,high,0
Lumen,0.7404,0.7834,0.1800,-0.0424,0.0000,0.4816,0.8207,high,high,0
Lumen,0.7403,0.7835,0.1799,-0.0425,0.1497,0.4816,0.8215,high,high,0
Lumen,0.7403,0.7835,0.1798,-0.0425,0.1497,0.4816,0.8225,high,high,0
Lumen,0.7404,0.7836,0.1793,-0.0426,0.1498,0.4816,0.8256,high,high,0
Lumen,0.7405,0.7838,0.1787,-0.0427,0.0000,0.4815,0.8298,high,high,0
Lumen,0.7406,0.7840,0.1781,-0.0428,0.0000,0.4815,0.8338,high,high,0
Lumen,0.7406,0.7840,0.1778,-0.0428,0.0000,0.4815,0.8355,high,high,0
Lumen,0.7406,0.7841,0.1777,-0.0429,0.0000,0.4815,0.8364,high,high,0
Lumen,0.7407,0.7842,0.1773,-0.0429,0.0000,0.4815,0.8391,high,high,0
Lumen,0.7408,0.7843,0.1772,-0.0430,0.0000,0.4815,0.8405,high,high,0
Lumen,0.7408,0.7844,0.1771,-0.0431,0.0000,0.4815,0.8413,high,high,0
Lumen,0.7408,0.7845,0.1768,-0.0431,0.0000,0.4815,0.8433,high,high,0
Lumen,0.7410,0.7846,0.1762,-0.0432,0.0000,0.4815,0.8468,high,high,0
Lumen,0.7411,0.7848,0.1758,-0.0432,0.0000,0.4815,0.8496,high,high,0
Lumen,0.7412,0.7849,0.1754,-0.0433,0.0000,0.4815,0.8522,high,high,0
Lumen,0.7411,0.7849,0.1756,-0.0433,0.0000,0.4815,0.8517,high,high,0
Lumen,0.7412,0.7850,0.1752,-0.0434,0.0000,0.4815,0.8543,high,high,0
Lumen,0.7412,0.7850,0.1754,-0.0434,0.0000,0.4815,0.8537,high,high,0
Lumen,0.7413,0.7852,0.1748,-0.0435,0.0000,0.4815,0.8570,high,high,0
Lumen,0.7414,0.7853,0.1747,-0.0435,0.0000,0.4815,0.8583,high,high,0
Lumen,0.7415,0.7854,0.1743,-0.0435,0.0000,0.4815,0.8604,high,high,0
Lumen,0.7415,0.7854,0.1745,-0.0436,0.0000,0.4815,0.8601,high,high,0
Lumen,0.7414,0.7854,0.1746,-0.0436,0.0000,0.4815,0.8594,high,high,0
Lumen,0.7415,0.7855,0.1743,-0.0437,0.0000,0.4815,0.8614,high,high,0
Lumen,0.7415,0.7856,0.1742,-0.0437,0.0000,0.4815,0.8623,high,high,0
Lumen,0.7415,0.7856,0.1744,-0.0437,0.0000,0.4815,0.8618,high,high,0
Lumen,0.7415,0.7856,0.1744,-0.0438,0.0000,0.4815,0.8621,high,high,0
Lumen,0.7416,0.7857,0.1739,-0.0438,0.1492,0.4815,0.8648,high,high,0
Lumen,0.7417,0.7858,0.1738,-0.0438,0.0000,0.4815,0.8653,high,high,0
Lumen,0.7417,0.7858,0.1739,-0.0439,0.0000,0.4815,0.8654,high,high,0
Lumen,0.7417,0.7858,0.1738,-0.0439,0.0000,0.4815,0.8659,high,high,0
Lumen,0.7417,0.7859,0.1738,-0.0439,0.0000,0.4816,0.8660,high,high,0
Lumen,0.7416,0.7858,0.1741,-0.0440,0.1498,0.4816,0.8646,high,high,0
Lumen,0.7416,0.7858,0.1742,-0.0440,0.0000,0.4816,0.8642,high,high,0
Lumen,0.7416,0.7859,0.1741,-0.0440,0.0000,0.4816,0.8652,high,high,0
Lumen,0.7415,0.7858,0.1744,-0.0440,0.0000,0.4816,0.8635,high,high,0
Lumen,0.7415,0.7858,0.1745,-0.0441,0.0000,0.4816,0.8629,high,high,0
Lumen,0.7414,0.7857,0.1749,-0.0441,0.0000,0.4816,0.8611,high,high,0
Lumen,0.7415,0.7858,0.1744,-0.0441,0.0000,0.4816,0.8634,high,high,0
Lumen,0.7415,0.7858,0.1744,-0.0441,0.0000,0.4816,0.8637,high,high,0
Lumen,0.7415,0.7858,0.1745,-0.0441,0.0000,0.4816,0.8634,high,high,0
Lumen,0.7416,0.7859,0.1743,-0.0442,0.0000,0.4816,0.8642,high,high,0
Lumen,0.7415,0.7858,0.1746,-0.0442,0.0000,0.4816,0.8628,high,high,0
Lumen,0.7416,0.7859,0.1743,-0.0442,0.0000,0.4816,0.8642,high,high,0
Lumen,0.7415,0.7859,0.1744,-0.0442,0.0000,0.4816,0.8639,high,high,0
Lumen,0.7415,0.7859,0.1745,-0.0442,0.1494,0.4816,0.8633,high,high,0
Lumen,0.7415,0.7858,0.1746,-0.0442,0.0000,0.4816,0.8630,high,high,0
Lumen,0.7415,0.7858,0.1747,-0.0442,0.0000,0.4816,0.8624,high,high,0
Lumen,0.7415,0.7858,0.1745,-0.0443,0.0000,0.4816,0.8632,high,high,0
Lumen,0.7416,0.7859,0.1744,-0.0443,0.0000,0.4816,0.8643,high,high,0
Lumen,0.7416,0.7859,0.1742,-0.0443,0.0000,0.4816,0.8650,high,high,0
Lumen,0.7417,0.7860,0.1738,-0.0443,0.0000,0.4815,0.8671,high,high,0
Lumen,0.7417,0.7861,0.1737,-0.0443,0.0000,0.4815,0.8681,high,high,0
Lumen,0.7417,0.7860,0.1739,-0.0443,0.0000,0.4815,0.8671,high,high,0
Lumen,0.7417,0.7860,0.1740,-0.0443,0.0000,0.4816,0.8665,high,high,0
Lumen,0.7417,0.7860,0.1740,-0.0443,0.0000,0.4816,0.8664,high,high,0
Lumen,0.7417,0.7860,0.1739,-0.0443,0.0000,0.4816,0.8670,high,high,0
Lumen,0.7418,0.7861,0.1736,-0.0443,0.1496,0.4816,0.8686,high,high,0
Lumen,0.7418,0.7862,0.1733,-0.0443,0.0000,0.4815,0.8703,high,high,0
Lumen,0.7418,0.7862,0.1734,-0.0443,0.0000,0.4815,0.8702,high,high,0
Lumen,0.7418,0.7862,0.1735,-0.0443,0.1498,0.4816,0.8698,high,high,0
Lumen,0.7418,0.7862,0.1734,-0.0443,0.0000,0.4816,0.8704,high,high,0
Lumen,0.7419,0.7863,0.1731,-0.0443,0.1493,0.4816,0.8718,high,high,0
Lumen,0.7418,0.7862,0.1735,-0.0443,0.0000,0.4816,0.8702,high,high,0
Lumen,0.7419,0.7863,0.1733,-0.0443,0.0000,0.4816,0.8711,high,high,0
Lumen,0.7418,0.7862,0.1734,-0.0443,0.0000,0.4816,0.8704,high,high,0
Lumen,0.7419,0.7863,0.1733,-0.0444,0.0000,0.4816,0.8713,high,high,0
Lumen,0.7420,0.7864,0.1729,-0.0444,0.0000,0.4816,0.8730,high,high,0
Lumen,0.7420,0.7864,0.1728,-0.0444,0.0000,0.4816,0.8739,high,high,0
Lumen,0.7420,0.7864,0.1728,-0.0444,0.0000,0.4816,0.8741,high,high,0
Lumen,0.7420,0.7864,0.1730,-0.0444,0.1482,0.4816,0.8729,high,high,0
Lumen,0.7419,0.7864,0.1731,-0.0444,0.0000,0.4816,0.8725,high,high,0
Lumen,0.7419,0.7863,0.1734,-0.0444,0.0000,0.4816,0.8714,high,high,0
Lumen,0.7419,0.7863,0.1734,-0.0444,0.0000,0.4816,0.8714,high,high,0
Lumen,0.7418,0.7863,0.1736,-0.0444,0.1471,0.4816,0.8702,high,high,0
Lumen,0.7418,0.7863,0.1736,-0.0444,0.0000,0.4816,0.8703,high,high,0
Lumen,0.7419,0.7863,0.1734,-0.0444,0.1498,0.4816,0.8709,high,high,0
Lumen,0.7418,0.7863,0.1736,-0.0444,0.0000,0.4816,0.8701,high,high,0
Lumen,0.7418,0.7863,0.1735,-0.0444,0.0000,0.4816,0.8708,high,high,0
Lumen,0.7417,0.7862,0.1739,-0.0444,0.0000,0.4816,0.8686,high,high,0
Lumen,0.7417,0.7862,0.1738,-0.0444,0.0000,0.4816,0.8688,high,high,0
Lumen,0.7417,0.7862,0.1739,-0.0444,0.1488,0.4816,0.8684,high,high,0
Lumen,0.7418,0.7862,0.1738,-0.0444,0.0000,0.4816,0.8689,high,high,0
Lumen,0.7418,0.7862,0.1737,-0.0444,0.0000,0.4816,0.8696,high,high,0
Lumen,0.7417,0.7862,0.1740,-0.0444,0.0000,0.4816,0.8677,high,high,0
Lumen,0.7416,0.7861,0.1743,-0.0444,0.0000,0.4816,0.8662,high,high,0
Lumen,0.7416,0.7861,0.1743,-0.0444,0.0000,0.4816,0.8658,high,high,0
Lumen,0.7416,0.7861,0.1744,-0.0444,0.0000,0.4816,0.8654,high,high,0
Lumen,0.7415,0.7860,0.1747,-0.0444,0.0000,0.4816,0.8635,high,high,0
Lumen,0.7414,0.7859,0.1751,-0.0445,0.0000,0.4816,0.8613,high,high,0
Lumen,0.7414,0.7858,0.1752,-0.0445,0.0000,0.4816,0.8605,high,high,0
Lumen,0.7414,0.7858,0.1752,-0.0445,0.0000,0.4816,0.8603,high,high,0
Lumen,0.7413,0.7857,0.1756,-0.0445,0.0000,0.4816,0.8581,high,high,0
Lumen,0.7412,0.7857,0.1758,-0.0445,0.0000,0.4816,0.8568,high,high,0
Lumen,0.7413,0.7857,0.1754,-0.0445,0.0000,0.4816,0.8590,high,high,0
Lumen,0.7413,0.7858,0.1752,-0.0445,0.0000,0.4816,0.8599,high,high,0
Lumen,0.7413,0.7857,0.1752,-0.0445,0.0000,0.4816,0.8595,high,high,0
Lumen,0.7414,0.7858,0.1750,-0.0444,0.0000,0.4816,0.8609,high,high,0
Lumen,0.7415,0.7858,0.1747,-0.0444,0.0000,0.4815,0.8626,high,high,0
Lumen,0.7415,0.7858,0.1747,-0.0444,0.0000,0.4815,0.8624,high,high,0
Lumen,0.7415,0.7859,0.1744,-0.0444,0.0000,0.4815,0.8640,high,high,0
Lumen,0.7415,0.7859,0.1745,-0.0444,0.0000,0.4815,0.8637,high,high,0
Lumen,0.7415,0.7859,0.1744,-0.0444,0.0000,0.4815,0.8641,high,high,0
Lumen,0.7415,0.7859,0.1746,-0.0444,0.0000,0.4816,0.8631,high,high,0
Lumen,0.7414,0.7858,0.1750,-0.0444,0.0000,0.4816,0.8609,high,high,0
Lumen,0.7414,0.7858,0.1747,-0.0444,0.0000,0.4816,0.8622,high,high,0
Lumen,0.7414,0.7857,0.1751,-0.0444,0.0000,0.4816,0.8602,high,high,0
Lumen,0.7413,0.7857,0.1754,-0.0444,0.0000,0.4816,0.8585,high,high,0
Lumen,0.7413,0.7857,0.1751,-0.0444,0.0000,0.4816,0.8600,high,high,0
Lumen,0.7413,0.7857,0.1752,-0.0444,0.0000,0.4816,0.8596,high,high,0
Lumen,0.7413,0.7857,0.1753,-0.0444,0.0000,0.4816,0.8589,high,high,0
Lumen,0.7414,0.7857,0.1750,-0.0444,0.0000,0.4816,0.8602,high,high,0
Lumen,0.7413,0.7857,0.1753,-0.0444,0.0000,0.4816,0.8584,high,high,0
Lumen,0.7413,0.7857,0.1751,-0.0444,0.0000,0.4816,0.8598,high,high,0
Lumen,0.7413,0.7857,0.1752,-0.0444,0.0000,0.4816,0.8593,high,high,0
Lumen,0.7414,0.7857,0.1748,-0.0444,0.0000,0.4816,0.8613,high,high,0
Lumen,0.7414,0.7857,0.1750,-0.0444,0.0000,0.4816,0.8604,high,high,0
Lumen,0.7414,0.7857,0.1750,-0.0444,0.0000,0.4816,0.8601,high,high,0
Lumen,0.7413,0.7856,0.1753,-0.0444,0.1497,0.4816,0.8586,high,high,0
Lumen,0.7413,0.7856,0.1754,-0.0444,0.0000,0.4816,0.8577,high,high,0
Lumen,0.7413,0.7857,0.1751,-0.0444,0.0000,0.4816,0.8597,high,high,0
Lumen,0.7413,0.7856,0.1752,-0.0444,0.0000,0.4816,0.8588,high,high,0
Lumen,0.7413,0.7856,0.1754,-0.0444,0.0000,0.4816,0.8580,high,high,0
Lumen,0.7413,0.7857,0.1751,-0.0444,0.0000,0.4816,0.8594,high,high,0
Lumen,0.7414,0.7857,0.1749,-0.0444,0.0000,0.4816,0.8604,high,high,0
Lumen,0.7414,0.7857,0.1748,-0.0444,0.0000,0.4816,0.8612,high,high,0
Lumen,0.7413,0.7857,0.1750,-0.0444,0.0000,0.4816,0.8599,high,high,0
Lumen,0.7413,0.7857,0.1752,-0.0444,0.0000,0.4816,0.8591,high,high,0
Lumen,0.7413,0.7856,0.1753,-0.0444,0.0000,0.4816,0.8581,high,high,0
Lumen,0.7413,0.7856,0.1752,-0.0443,0.0000,0.4816,0.8590,high,high,0
Lumen,0.7412,0.7856,0.1755,-0.0443,0.0000,0.4816,0.8573,high,high,0
Lumen,0.7412,0.7855,0.1756,-0.0443,0.0000,0.4816,0.8562,high,high,0
Lumen,0.7412,0.7856,0.1755,-0.0443,0.0000,0.4816,0.8570,high,high,0
Lumen,0.7412,0.7855,0.1756,-0.0443,0.0000,0.4816,0.8562,high,high,0
Lumen,0.7412,0.7855,0.1756,-0.0443,0.0000,0.4816,0.8565,high,high,0
Lumen,0.7412,0.7855,0.1755,-0.0443,0.0000,0.4816,0.8568,high,high,0
Lumen,0.7411,0.7854,0.1760,-0.0443,0.0000,0.4816,0.8536,high,high,0
Lumen,0.7412,0.7855,0.1757,-0.0443,0.0000,0.4816,0.8556,high,high,0
Lumen,0.7412,0.7855,0.1756,-0.0443,0.0000,0.4816,0.8564,high,high,0
Lumen,0.7413,0.7856,0.1752,-0.0443,0.0000,0.4816,0.8582,high,high,0
Lumen,0.7412,0.7855,0.1754,-0.0443,0.0000,0.4816,0.8570,high,high,0
Lumen,0.7413,0.7856,0.1752,-0.0443,0.0000,0.4816,0.8585,high,high,0
Lumen,0.7412,0.7855,0.1754,-0.0443,0.0000,0.4816,0.8570,high,high,0
Lumen,0.7412,0.7855,0.1756,-0.0443,0.0000,0.4816,0.8559,high,high,0
Lumen,0.7411,0.7854,0.1760,-0.0443,0.0000,0.4816,0.8537,high,high,0
Lumen,0.7411,0.7854,0.1759,-0.0443,0.0000,0.4816,0.8542,high,high,0
Lumen,0.7411,0.7854,0.1760,-0.0443,0.0000,0.4816,0.8537,high,high,0
Lumen,0.7411,0.7854,0.1760,-0.0443,0.0000,0.4816,0.8535,high,high,0
Lumen,0.7411,0.7854,0.1757,-0.0443,0.1494,0.4816,0.8550,high,high,0
Lumen,0.7411,0.7854,0.1759,-0.0443,0.0000,0.4816,0.8542,high,high,0
Lumen,0.7411,0.7854,0.1758,-0.0443,0.0000,0.4816,0.8545,high,high,0
Lumen,0.7412,0.7855,0.1755,-0.0443,0.1495,0.4816,0.8561,high,high,0
Lumen,0.7411,0.7854,0.1759,-0.0443,0.0000,0.4816,0.8542,high,high,0
Lumen,0.7410,0.7853,0.1762,-0.0443,0.0000,0.4816,0.8522,high,high,0
Lumen,0.7410,0.7853,0.1764,-0.0443,0.0000,0.4816,0.8511,high,high,0
Lumen,0.7409,0.7852,0.1765,-0.0443,0.0000,0.4816,0.8502,high,high,0
Lumen,0.7410,0.7853,0.1764,-0.0443,0.0000,0.4816,0.8507,high,high,0
Lumen,0.7409,0.7852,0.1765,-0.0443,0.0000,0.4816,0.8499,high,high,0
Lumen,0.7410,0.7853,0.1762,-0.0443,0.0000,0.4816,0.8520,high,high,0
Lumen,0.7410,0.7853,0.1761,-0.0443,0.0000,0.4816,0.8524,high,high,0
Lumen,0.7410,0.7853,0.1762,-0.0443,0.0000,0.4816,0.8517,high,high,0
Lumen,0.7410,0.7853,0.1762,-0.0443,0.0000,0.4816,0.8517,high,high,0
Lumen,0.7411,0.7854,0.1756,-0.0443,0.1497,0.4815,0.8551,high,high,0
Lumen,0.7411,0.7854,0.1756,-0.0443,0.0000,0.4815,0.8551,high,high,0
Lumen,0.7412,0.7854,0.1756,-0.0443,0.1493,0.4815,0.8555,high,high,0
Lumen,0.7412,0.7854,0.1754,-0.0443,0.0000,0.4815,0.8564,high,high,0
Lumen,0.7413,0.7855,0.1750,-0.0443,0.0000,0.4815,0.8589,high,high,0
Lumen,0.7413,0.7856,0.1749,-0.0443,0.0000,0.4815,0.8594,high,high,0
Lumen,0.7414,0.7857,0.1745,-0.0443,0.0000,0.4815,0.8616,high,high,0
Lumen,0.7414,0.7856,0.1747,-0.0443,0.0000,0.4815,0.8609,high,high,0
Lumen,0.7415,0.7858,0.1742,-0.0443,0.0000,0.4815,0.8637,high,high,0
Lumen,0.7416,0.7858,0.1741,-0.0443,0.0000,0.4815,0.8643,high,high,0
Lumen,0.7415,0.7858,0.1743,-0.0443,0.0000,0.4815,0.8635,high,high,0
Lumen,0.7415,0.7858,0.1745,-0.0443,0.0000,0.4815,0.8627,high,high,0
Lumen,0.7416,0.7858,0.1741,-0.0443,0.0000,0.4815,0.8648,high,high,0
Lumen,0.7416,0.7858,0.1743,-0.0443,0.0000,0.4816,0.8641,high,high,0
Lumen,0.7416,0.7859,0.1740,-0.0443,0.0000,0.4816,0.8657,high,high,0
Lumen,0.7416,0.7859,0.1741,-0.0443,0.0000,0.4816,0.8653,high,high,0
Lumen,0.7417,0.7860,0.1737,-0.0443,0.0000,0.4815,0.8675,high,high,0
Lumen,0.7417,0.7860,0.1738,-0.0443,0.0000,0.4815,0.8671,high,high,0
Lumen,0.7417,0.7860,0.1738,-0.0443,0.0000,0.4816,0.8673,high,high,0
Lumen,0.7417,0.7861,0.1736,-0.0443,0.1460,0.4815,0.8682,high,high,0
Lumen,0.7419,0.7862,0.1730,-0.0443,0.1497,0.4815,0.8714,high,high,0
Lumen,0.7420,0.7863,0.1728,-0.0443,0.0000,0.4815,0.8725,high,high,0
Lumen,0.7421,0.7863,0.1725,-0.0443,0.0000,0.4815,0.8743,high,high,0
Lumen,0.7421,0.7864,0.1722,-0.0443,0.0000,0.4815,0.8761,high,high,0
Lumen,0.7422,0.7865,0.1722,-0.0443,0.0000,0.4815,0.8765,high,high,0
Lumen,0.7423,0.7866,0.1717,-0.0443,0.1485,0.4815,0.8790,high,high,0
Lumen,0.7424,0.7867,0.1714,-0.0443,0.0000,0.4815,0.8803,high,high,0
Lumen,0.7424,0.7868,0.1713,-0.0443,0.0000,0.4815,0.8811,high,high,0
Lumen,0.7425,0.7868,0.1712,-0.0443,0.0000,0.4815,0.8818,high,high,0
Lumen,0.7425,0.7868,0.1712,-0.0443,0.0000,0.4815,0.8821,high,high,0
Lumen,0.7427,0.7870,0.1706,-0.0443,0.1495,0.4815,0.8850,high,high,0
Lumen,0.7423,0.7868,0.1719,-0.0443,0.0000,0.4816,0.8795,high,high,0
Lumen,0.7424,0.7868,0.1716,-0.0443,0.0000,0.4816,0.8811,high,high,0
Lumen,0.7425,0.7869,0.1714,-0.0443,0.0000,0.4816,0.8823,high,high,0
Lumen,0.7425,0.7869,0.1714,-0.0444,0.0000,0.4816,0.8824,high,high,0
Lumen,0.7424,0.7869,0.1716,-0.0444,0.1496,0.4816,0.8818,high,high,0
Lumen,0.7425,0.7870,0.1713,-0.0444,0.0000,0.4816,0.8830,high,high,0
Lumen,0.7425,0.7870,0.1715,-0.0444,0.0000,0.4816,0.8824,high,high,0
Lumen,0.7425,0.7870,0.1715,-0.0444,0.0000,0.4816,0.8825,high,high,0
Lumen,0.7425,0.7870,0.1713,-0.0444,0.0000,0.4816,0.8834,high,high,0
Lumen,0.7424,0.7870,0.1716,-0.0444,0.0000,0.4816,0.8820,high,high,0
Lumen,0.7424,0.7869,0.1718,-0.0444,0.0000,0.4816,0.8811,high,high,0
Lumen,0.7424,0.7869,0.1718,-0.0444,0.0000,0.4816,0.8812,high,high,0
Lumen,0.7424,0.7870,0.1716,-0.0444,0.1497,0.4816,0.8820,high,high,0
Lumen,0.7424,0.7869,0.1719,-0.0445,0.0000,0.4816,0.8810,high,high,0
Lumen,0.7423,0.7868,0.1722,-0.0445,0.0000,0.4816,0.8793,high,high,0
Lumen,0.7423,0.7868,0.1723,-0.0445,0.0000,0.4816,0.8791,high,high,0
Lumen,0.7423,0.7868,0.1721,-0.0445,0.0000,0.4816,0.8797,high,high,0
Lumen,0.7426,0.7871,0.1710,-0.0445,0.1499,0.4816,0.8849,high,high,0
Lumen,0.7429,0.7874,0.1699,-0.0445,0.0000,0.4815,0.8893,high,high,0
Lumen,0.7431,0.7876,0.1691,-0.0445,0.0000,0.4815,0.8920,high,high,0
Lumen,0.7434,0.7878,0.1681,-0.0445,0.0000,0.4815,0.8952,high,high,0
Lumen,0.7436,0.7880,0.1675,-0.0445,0.0000,0.4815,0.8969,high,high,0
Lumen,0.7438,0.7882,0.1669,-0.0445,0.0000,0.4815,0.8986,high,high,0
Lumen,0.7441,0.7885,0.1660,-0.0445,0.0000,0.4815,0.9002,high,high,0
Lumen,0.7444,0.7888,0.1651,-0.0444,0.0000,0.4815,0.9013,high,high,0
Lumen,0.7445,0.7890,0.1645,-0.0444,0.0000,0.4815,0.9019,high,high,0
Lumen,0.7447,0.7892,0.1639,-0.0444,0.0000,0.4815,0.9022,high,high,0
Lumen,0.7449,0.7893,0.1636,-0.0444,0.0000,0.4815,0.9026,high,high,0
Lumen,0.7449,0.7894,0.1637,-0.0445,0.0000,0.4815,0.9034,high,high,0
Lumen,0.7448,0.7894,0.1640,-0.0445,0.1484,0.4816,0.9043,high,high,0
Lumen,0.7447,0.7893,0.1646,-0.0445,0.0000,0.4816,0.9052,high,high,0
Lumen,0.7446,0.7893,0.1649,-0.0445,0.0000,0.4816,0.9057,high,high,0
Lumen,0.7444,0.7892,0.1654,-0.0445,0.0000,0.4816,0.9061,high,high,0
Lumen,0.7443,0.7892,0.1659,-0.0446,0.0000,0.4817,0.9062,high,high,0
Lumen,0.7443,0.7891,0.1662,-0.0446,0.0000,0.4817,0.9062,high,high,0
Lumen,0.7443,0.7892,0.1658,-0.0446,0.0000,0.4816,0.9066,high,high,0
Lumen,0.7445,0.7894,0.1653,-0.0447,0.0000,0.4816,0.9070,high,high,0
Lumen,0.7447,0.7896,0.1646,-0.0447,0.0000,0.4816,0.9071,high,high,0
Lumen,0.7449,0.7897,0.1640,-0.0447,0.0000,0.4816,0.9070,high,high,0
Lumen,0.7450,0.7898,0.1638,-0.0447,0.0000,0.4816,0.9070,high,high,0
Lumen,0.7452,0.7900,0.1631,-0.0447,0.0000,0.4816,0.9064,high,high,0
Lumen,0.7454,0.7902,0.1624,-0.0447,0.0000,0.4816,0.9053,high,high,0
Lumen,0.7455,0.7903,0.1622,-0.0448,0.0000,0.4816,0.9052,high,high,0
Lumen,0.7451,0.7901,0.1637,-0.0448,0.0000,0.4816,0.9088,high,high,0
Lumen,0.7441,0.7893,0.1676,-0.0448,0.1500,0.4817,0.9083,high,high,0
Lumen,0.7441,0.7892,0.1723,-0.0449,0.0000,0.4817,0.9006,high,high,0
Lumen,0.7442,0.7893,0.1756,-0.0449,0.0000,0.4817,0.8878,high,high,0
Lumen,0.7444,0.7894,0.1783,-0.0449,0.1499,0.4817,0.8736,high,high,0
Lumen,0.7446,0.7896,0.1805,-0.0449,0.1498,0.4817,0.8613,high,high,0
Lumen,0.7446,0.7896,0.1828,-0.0449,0.0000,0.4817,0.8459,high,high,0
Lumen,0.7446,0.7896,0.1849,-0.0449,0.0000,0.4816,0.8306,high,high,0
Lumen,0.7446,0.7896,0.1864,-0.0449,0.0000,0.4816,0.8200,high,high,0
Lumen,0.7445,0.7895,0.1931,-0.0449,0.0000,0.4816,0.7685,high,high,0
Lumen,0.7443,0.7893,0.2038,-0.0450,0.0000,0.4817,0.6833,high,high,0
Lumen,0.7441,0.7892,0.2081,-0.0450,0.0000,0.4817,0.6480,high,high,0
Lumen,0.7438,0.7889,0.2125,-0.0450,0.0130,0.4817,0.6114,high,high,0
Lumen,0.7435,0.7887,0.2160,-0.0450,0.0356,0.4817,0.5823,high,high,0
Lumen,0.7434,0.7885,0.2188,-0.0450,0.0527,0.4817,0.5594,high,high,0
Lumen,0.7434,0.7885,0.2206,-0.0450,0.0633,0.4816,0.5441,high,high,0
Lumen,0.7434,0.7884,0.2268,-0.0450,0.1024,0.4816,0.4933,high,high,0
Lumen,0.7436,0.7886,0.2360,-0.0450,0.1605,0.4816,0.4167,high,boundary,1
Lumen,0.7438,0.7887,0.2391,-0.0450,0.3255,0.4815,0.3913,high,low,1
Lumen,0.7441,0.7890,0.2366,-0.0450,0.1548,0.4815,0.4124,high,boundary,1
Lumen,0.7443,0.7891,0.2395,-0.0450,0.1689,0.4814,0.3885,high,low,1
Lumen,0.7443,0.7891,0.2470,-0.0450,0.2000,0.4814,0.3265,high,low,1
Lumen,0.7445,0.7893,0.2529,-0.0449,0.2000,0.4814,0.2776,boundary,low,1
Lumen,0.7443,0.7891,0.2592,-0.0449,0.2000,0.4814,0.2246,boundary,low,1
Lumen,0.7442,0.7891,0.2642,-0.0449,0.2000,0.4814,0.1828,boundary,low,1
Lumen,0.7440,0.7889,0.2641,-0.0449,0.2000,0.4814,0.1830,boundary,low,1
Lumen,0.7440,0.7889,0.2590,-0.0449,0.2000,0.4814,0.2256,boundary,low,1
Lumen,0.7439,0.7889,0.2547,-0.0449,0.2000,0.4814,0.2617,boundary,low,1
Lumen,0.7438,0.7888,0.2514,-0.0449,0.1842,0.4814,0.2892,boundary,low,1
Lumen,0.7438,0.7888,0.2434,-0.0449,0.2844,0.4814,0.3558,high,low,1
Lumen,0.7438,0.7887,0.2368,-0.0449,0.0943,0.4814,0.4108,high,boundary,1
Lumen,0.7438,0.7887,0.2310,-0.0449,0.0598,0.4813,0.4586,high,high,0
Lumen,0.7437,0.7887,0.2265,-0.0449,0.0331,0.4813,0.4955,high,high,0
Lumen,0.7437,0.7887,0.2224,-0.0449,0.0087,0.4813,0.5297,high,high,0
Lumen,0.7436,0.7886,0.2189,-0.0450,0.0000,0.4813,0.5584,high,high,0
Lumen,0.7436,0.7886,0.2161,-0.0450,0.0000,0.4813,0.5812,high,high,0
Lumen,0.7436,0.7886,0.2134,-0.0450,0.0000,0.4813,0.6033,high,high,0
Lumen,0.7435,0.7885,0.2117,-0.0450,0.0000,0.4814,0.6170,high,high,0
Lumen,0.7434,0.7884,0.2101,-0.0450,0.1498,0.4814,0.6298,high,high,0
Lumen,0.7434,0.7884,0.2040,-0.0450,0.0000,0.4814,0.6791,high,high,0
Lumen,0.7433,0.7884,0.1988,-0.0450,0.0000,0.4814,0.7198,high,high,0
Lumen,0.7433,0.7883,0.1944,-0.0450,0.0000,0.4814,0.7543,high,high,0
Lumen,0.7434,0.7884,0.1902,-0.0450,0.0000,0.4814,0.7864,high,high,0
Lumen,0.7434,0.7884,0.1869,-0.0450,0.0000,0.4814,0.8103,high,high,0
Lumen,0.7435,0.7885,0.1838,-0.0450,0.0000,0.4814,0.8324,high,high,0
Lumen,0.7435,0.7884,0.1816,-0.0450,0.0000,0.4814,0.8469,high,high,0
Lumen,0.7436,0.7885,0.1792,-0.0450,0.0000,0.4814,0.8625,high,high,0
Lumen,0.7436,0.7886,0.1772,-0.0450,0.0000,0.4814,0.8739,high,high,0
Lumen,0.7436,0.7886,0.1759,-0.0450,0.0000,0.4815,0.8805,high,high,0
Lumen,0.7436,0.7886,0.1748,-0.0450,0.0000,0.4815,0.8851,high,high,0
Lumen,0.7436,0.7886,0.1738,-0.0450,0.1496,0.4815,0.8893,high,high,0
Lumen,0.7435,0.7885,0.1731,-0.0450,0.0000,0.4815,0.8918,high,high,0
Lumen,0.7435,0.7885,0.1724,-0.0450,0.1486,0.4815,0.8938,high,high,0
Lumen,0.7436,0.7886,0.1715,-0.0450,0.1498,0.4815,0.8970,high,high,0
Lumen,0.7436,0.7886,0.1709,-0.0450,0.0000,0.4815,0.8984,high,high,0
Lumen,0.7436,0.7886,0.1706,-0.0450,0.0000,0.4815,0.8988,high,high,0
Lumen,0.7435,0.7885,0.1704,-0.0450,0.1493,0.4816,0.8988,high,high,0
Lumen,0.7435,0.7885,0.1700,-0.0450,0.0000,0.4816,0.8995,high,high,0
Lumen,0.7437,0.7886,0.1692,-0.0450,0.1498,0.4816,0.9017,high,high,0
Lumen,0.7438,0.7887,0.1687,-0.0450,0.0000,0.4816,0.9028,high,high,0
Lumen,0.7441,0.7890,0.1672,-0.0450,0.0000,0.4816,0.9060,high,high,0
Lumen,0.7519,0.7893,0.1660,-0.0442,0.0000,0.4819,0.8927,high,high,0
Lumen,0.7511,0.7894,0.1655,-0.0436,0.0000,0.4823,0.8961,high,high,0
Lumen,0.7504,0.7895,0.1652,-0.0432,0.1500,0.4825,0.8990,high,high,0
Lumen,0.7498,0.7896,0.1650,-0.0428,0.1500,0.4824,0.9013,high,high,0
Lumen,0.7492,0.7897,0.1649,-0.0426,0.1500,0.4823,0.9033,high,high,0
Lumen,0.7488,0.7898,0.1645,-0.0424,0.1500,0.4822,0.9047,high,high,0
Lumen,0.7484,0.7900,0.1642,-0.0423,0.1499,0.4821,0.9057,high,high,0
Lumen,0.7483,0.7903,0.1631,-0.0423,0.1494,0.4821,0.9049,high,high,0
Lumen,0.7550,0.7905,0.1623,-0.0416,0.0000,0.4823,0.8765,high,high,0
Lumen,0.7539,0.7905,0.1625,-0.0411,0.0000,0.4827,0.8832,high,high,0
Lumen,0.7529,0.7905,0.1627,-0.0408,0.1500,0.4827,0.8887,high,high,0
Lumen,0.7519,0.7905,0.1629,-0.0405,0.1500,0.4827,0.8934,high,high,0
Lumen,0.7511,0.7904,0.1631,-0.0404,0.1499,0.4825,0.8973,high,high,0
Lumen,0.7505,0.7905,0.1630,-0.0404,0.1496,0.4824,0.8999,high,high,0
Lumen,0.7499,0.7905,0.1630,-0.0404,0.1499,0.4823,0.9022,high,high,0
Lumen,0.7494,0.7905,0.1630,-0.0405,0.0000,0.4822,0.9038,high,high,0
Lumen,0.7491,0.7906,0.1627,-0.0406,0.0000,0.4821,0.9043,high,high,0
Lumen,0.7488,0.7907,0.1623,-0.0407,0.0000,0.4820,0.9042,high,high,0
Lumen,0.7484,0.7907,0.1623,-0.0409,0.0000,0.4819,0.9048,high,high,0
Lumen,0.7481,0.7907,0.1624,-0.0411,0.0000,0.4819,0.9059,high,high,0
Lumen,0.7478,0.7906,0.1625,-0.0412,0.0000,0.4819,0.9065,high,high,0
Lumen,0.7475,0.7906,0.1627,-0.0414,0.0000,0.4818,0.9074,high,high,0
Lumen,0.7473,0.7906,0.1627,-0.0416,0.0000,0.4818,0.9078,high,high,0
Lumen,0.7470,0.7906,0.1628,-0.0418,0.0000,0.4818,0.9082,high,high,0
Lumen,0.7468,0.7905,0.1629,-0.0420,0.0000,0.4818,0.9086,high,high,0
Lumen,0.7466,0.7905,0.1631,-0.0422,0.0000,0.4818,0.9093,high,high,0
Lumen,0.7465,0.7905,0.1631,-0.0424,0.0000,0.4818,0.9095,high,high,0
Lumen,0.7465,0.7907,0.1624,-0.0425,0.0000,0.4817,0.9079,high,high,0
Lumen,0.7464,0.7907,0.1624,-0.0427,0.0000,0.4817,0.9081,high,high,0
Lumen,0.7463,0.7907,0.1624,-0.0429,0.0000,0.4817,0.9083,high,high,0
Lumen,0.7471,0.7914,0.1602,-0.0430,0.0000,0.4817,0.9015,high,high,0
Lumen,0.7468,0.7913,0.1613,-0.0432,0.0000,0.4817,0.9066,high,high,0
Lumen,0.7465,0.7911,0.1621,-0.0433,0.0000,0.4817,0.9097,high,high,0
Lumen,0.7462,0.7910,0.1626,-0.0434,0.0000,0.4817,0.9110,high,high,0
Lumen,0.7461,0.7909,0.1630,-0.0436,0.0000,0.4818,0.9120,high,high,0
Lumen,0.7460,0.7908,0.1630,-0.0437,0.0000,0.4818,0.9119,high,high,0
Lumen,0.7458,0.7907,0.1634,-0.0438,0.0000,0.4818,0.9127,high,high,0
Lumen,0.7456,0.7906,0.1637,-0.0439,0.0000,0.4818,0.9131,high,high,0
Lumen,0.7456,0.7906,0.1636,-0.0441,0.0000,0.4818,0.9128,high,high,0
Lumen,0.7455,0.7906,0.1637,-0.0442,0.0000,0.4817,0.9128,high,high,0
Lumen,0.7455,0.7906,0.1636,-0.0442,0.0000,0.4817,0.9125,high,high,0
Lumen,0.7455,0.7906,0.1636,-0.0443,0.1477,0.4817,0.9124,high,high,0
Lumen,0.7454,0.7905,0.1639,-0.0444,0.0000,0.4817,0.9127,high,high,0
Lumen,0.7453,0.7904,0.1641,-0.0445,0.0000,0.4817,0.9128,high,high,0
Lumen,0.7451,0.7903,0.1645,-0.0446,0.0000,0.4817,0.9129,high,high,0
Lumen,0.7451,0.7903,0.1644,-0.0446,0.0000,0.4817,0.9126,high,high,0
Lumen,0.7451,0.7903,0.1645,-0.0447,0.0000,0.4817,0.9125,high,high,0
Lumen,0.7450,0.7902,0.1645,-0.0447,0.0000,0.4817,0.9123,high,high,0
Lumen,0.7451,0.7903,0.1643,-0.0448,0.1495,0.4817,0.9119,high,high,0
Lumen,0.7451,0.7902,0.1643,-0.0448,0.0000,0.4817,0.9118,high,high,0
Lumen,0.7450,0.7902,0.1646,-0.0448,0.1495,0.4817,0.9119,high,high,0
Lumen,0.7450,0.7902,0.1644,-0.0449,0.0000,0.4817,0.9116,high,high,0
Lumen,0.7449,0.7901,0.1646,-0.0449,0.0000,0.4817,0.9117,high,high,0
Lumen,0.7450,0.7902,0.1644,-0.0449,0.0000,0.4817,0.9114,high,high,0
Lumen,0.7449,0.7901,0.1646,-0.0450,0.0000,0.4816,0.9115,high,high,0
Lumen,0.7450,0.7902,0.1642,-0.0450,0.0000,0.4816,0.9111,high,high,0
Lumen,0.7450,0.7902,0.1643,-0.0450,0.0000,0.4816,0.9111,high,high,0
Lumen,0.7451,0.7902,0.1639,-0.0450,0.0000,0.4816,0.9107,high,high,0
Lumen,0.7452,0.7903,0.1636,-0.0450,0.0000,0.4816,0.9103,high,high,0
Lumen,0.7452,0.7903,0.1635,-0.0450,0.0000,0.4816,0.9101,high,high,0
Lumen,0.7451,0.7903,0.1638,-0.0451,0.0000,0.4816,0.9106,high,high,0
Lumen,0.7451,0.7903,0.1638,-0.0451,0.0000,0.4816,0.9107,high,high,0
Lumen,0.7451,0.7902,0.1640,-0.0451,0.0000,0.4816,0.9108,high,high,0
Lumen,0.7451,0.7903,0.1638,-0.0451,0.0000,0.4816,0.9106,high,high,0
Lumen,0.7451,0.7902,0.1639,-0.0451,0.0000,0.4816,0.9108,high,high,0
Lumen,0.7451,0.7903,0.1638,-0.0451,0.0000,0.4816,0.9107,high,high,0
Lumen,0.7450,0.7900,0.1641,-0.0451,0.0000,0.4817,0.9092,high,high,0
Lumen,0.7450,0.7898,0.1642,-0.0451,0.0000,0.4817,0.9075,high,high,0
Lumen,0.7450,0.7895,0.1642,-0.0450,0.0000,0.4817,0.9060,high,high,0
Lumen,0.7449,0.7893,0.1643,-0.0450,0.0000,0.4818,0.9046,high,high,0
Lumen,0.7449,0.7891,0.1644,-0.0449,0.0000,0.4818,0.9033,high,high,0
Lumen,0.7450,0.7890,0.1642,-0.0448,0.0000,0.4818,0.9019,high,high,0
Lumen,0.7450,0.7889,0.1640,-0.0447,0.1496,0.4818,0.9006,high,high,0
Lumen,0.7450,0.7888,0.1643,-0.0446,0.0000,0.4818,0.8998,high,high,0
Lumen,0.7449,0.7886,0.1643,-0.0445,0.0000,0.4818,0.8989,high,high,0
Lumen,0.7449,0.7885,0.1644,-0.0444,0.0000,0.4818,0.8980,high,high,0
Lumen,0.7449,0.7883,0.1646,-0.0443,0.0000,0.4818,0.8973,high,high,0
Lumen,0.7448,0.7882,0.1646,-0.0442,0.0000,0.4818,0.8965,high,high,0
Lumen,0.7449,0.7881,0.1646,-0.0441,0.0000,0.4818,0.8957,high,high,0
Lumen,0.7449,0.7881,0.1645,-0.0441,0.1488,0.4818,0.8949,high,high,0
Lumen,0.7450,0.7881,0.1641,-0.0440,0.0000,0.4818,0.8942,high,high,0
Lumen,0.7451,0.7881,0.1638,-0.0439,0.0000,0.4818,0.8935,high,high,0
Lumen,0.7451,0.7881,0.1638,-0.0438,0.0000,0.4818,0.8929,high,high,0
Lumen,0.7451,0.7880,0.1639,-0.0437,0.0000,0.4818,0.8926,high,high,0
Lumen,0.7450,0.7879,0.1640,-0.0436,0.0000,0.4818,0.8923,high,high,0
Lumen,0.7451,0.7879,0.1637,-0.0435,0.0000,0.4818,0.8917,high,high,0
Lumen,0.7452,0.7879,0.1634,-0.0434,0.0000,0.4818,0.8911,high,high,0
Lumen,0.7452,0.7879,0.1637,-0.0434,0.0000,0.4818,0.8911,high,high,0
Lumen,0.7452,0.7879,0.1635,-0.0433,0.0000,0.4818,0.8907,high,high,0
Lumen,0.7452,0.7878,0.1636,-0.0432,0.0000,0.4818,0.8906,high,high,0
Lumen,0.7453,0.7878,0.1634,-0.0432,0.0000,0.4818,0.8902,high,high,0
Lumen,0.7453,0.7878,0.1633,-0.0431,0.0000,0.4818,0.8899,high,high,0
Lumen,0.7453,0.7878,0.1632,-0.0430,0.0000,0.4818,0.8897,high,high,0
Lumen,0.7454,0.7879,0.1631,-0.0430,0.0000,0.4818,0.8894,high,high,0
Lumen,0.7454,0.7878,0.1631,-0.0429,0.0000,0.4818,0.8893,high,high,0
Lumen,0.7454,0.7879,0.1629,-0.0429,0.1417,0.4818,0.8891,high,high,0
Lumen,0.7453,0.7878,0.1632,-0.0429,0.0000,0.4818,0.8894,high,high,0
Lumen,0.7467,0.7701,0.1609,-0.0365,0.2719,0.4818,0.7405,high,high,0
Lumen,0.7500,0.7702,0.1607,-0.0359,0.2786,0.4820,0.7384,high,high,0
Lumen,0.7433,0.7687,0.1636,-0.0197,0.0000,0.4824,0.7322,high,high,0
Lumen,0.7449,0.7776,0.1770,-0.0256,0.1500,0.4824,0.7952,high,high,0
Lumen,0.7456,0.7820,0.1974,-0.0299,0.1000,0.4824,0.7076,high,high,0
Lumen,0.7540,0.7676,0.1644,-0.0338,0.2941,0.4831,0.7152,high,high,0
Lumen,0.7534,0.7685,0.1660,-0.0317,0.2805,0.4842,0.7252,high,high,0
Lumen,0.7515,0.7550,0.2457,0.0163,0.1500,0.4846,0.2404,high,low,1
Lumen,0.7495,0.7703,0.2646,-0.0004,0.1500,0.4845,0.1460,boundary,low,1
Lumen,0.7492,0.7788,0.2711,-0.0121,0.1000,0.4845,0.1108,boundary,low,1
Lumen,0.7842,0.7835,0.2744,-0.0076,0.1000,0.4847,0.0343,boundary,low,1
Lumen,0.7724,0.7855,0.2778,-0.0092,0.0000,0.4849,0.0381,boundary,low,1
Lumen,0.7657,0.7867,0.2702,-0.0122,0.1500,0.4847,0.1133,boundary,low,1
Lumen,0.7617,0.7873,0.2580,-0.0149,0.1500,0.4843,0.2200,boundary,low,1
Lumen,0.7593,0.7877,0.2508,-0.0169,0.1500,0.4839,0.2831,boundary,low,1
Lumen,0.7579,0.7878,0.2418,-0.0182,0.1500,0.4835,0.3595,high,low,1
Lumen,0.7567,0.7879,0.2387,-0.0195,0.1499,0.4831,0.3866,high,low,1
Lumen,0.7556,0.7880,0.2315,-0.0208,0.0000,0.4828,0.4472,high,boundary,1
Lumen,0.7547,0.7886,0.2254,-0.0221,0.0000,0.4826,0.4994,high,high,0
Lumen,0.7538,0.7892,0.2201,-0.0234,0.0000,0.4823,0.5446,high,high,0
Lumen,0.7530,0.7897,0.2157,-0.0247,0.0000,0.4821,0.5823,high,high,0
Lumen,0.7524,0.7901,0.2118,-0.0260,0.0000,0.4820,0.6151,high,high,0
Lumen,0.7517,0.7905,0.2087,-0.0273,0.0000,0.4818,0.6422,high,high,0
Lumen,0.7512,0.7909,0.2060,-0.0286,0.0000,0.4817,0.6653,high,high,0
Lumen,0.7507,0.7913,0.2037,-0.0298,0.0000,0.4817,0.6854,high,high,0
Lumen,0.7502,0.7916,0.1973,-0.0309,0.0000,0.4816,0.7387,high,high,0
Lumen,0.7482,0.7721,0.1615,-0.0369,0.2718,0.4816,0.7571,high,high,0
Lumen,0.7498,0.7723,0.1612,-0.0368,0.2743,0.4816,0.7562,high,high,0
Lumen,0.7442,0.7749,0.1607,-0.0233,0.0000,0.4817,0.7790,high,high,0
Lumen,0.7453,0.7839,0.1604,-0.0302,0.1500,0.4818,0.8503,high,high,0
Lumen,0.7460,0.7888,0.1596,-0.0353,0.1000,0.4817,0.8823,high,high,0
Lumen,0.7462,0.7913,0.1599,-0.0387,0.0000,0.4817,0.8998,high,high,0
Lumen,0.7463,0.7927,0.1599,-0.0410,0.0000,0.4817,0.9086,high,high,0
Lumen,0.7463,0.7935,0.1599,-0.0426,0.0000,0.4816,0.9134,high,high,0
Lumen,0.7465,0.7942,0.1596,-0.0436,0.0000,0.4816,0.9142,high,high,0
Lumen,0.7466,0.7945,0.1593,-0.0442,0.0000,0.4815,0.9138,high,high,0
Lumen,0.7466,0.7947,0.1593,-0.0446,0.0000,0.4815,0.9146,high,high,0
Lumen,0.7466,0.7949,0.1592,-0.0450,0.1498,0.4815,0.9148,high,high,0
Lumen,0.7466,0.7950,0.1592,-0.0453,0.1497,0.4815,0.9154,high,high,0
Lumen,0.7497,0.7735,0.1600,-0.0371,0.2700,0.4815,0.7634,high,high,0
Lumen,0.7530,0.7736,0.1600,-0.0365,0.2766,0.4817,0.7584,high,high,0
Lumen,0.7444,0.7753,0.1607,-0.0236,0.0000,0.4821,0.7828,high,high,0
Lumen,0.7460,0.7851,0.1741,-0.0306,0.1500,0.4821,0.8628,high,high,0
Lumen,0.7462,0.7895,0.1955,-0.0356,0.1000,0.4821,0.7503,high,high,0
Lumen,0.7467,0.7922,0.2052,-0.0391,0.0000,0.4820,0.6781,high,high,0
Lumen,0.7470,0.7938,0.2100,-0.0414,0.0000,0.4819,0.6403,high,high,0
Lumen,0.7470,0.7946,0.2133,-0.0430,0.0000,0.4819,0.6137,high,high,0
Lumen,0.7471,0.7952,0.2147,-0.0440,0.0000,0.4818,0.6024,high,high,0
Lumen,0.7474,0.7957,0.2213,-0.0447,0.0000,0.4817,0.5478,high,high,0
Lumen,0.7472,0.7957,0.2310,-0.0450,0.0000,0.4816,0.4664,high,high,0
Lumen,0.7472,0.7958,0.2387,-0.0454,0.0000,0.4816,0.4012,high,boundary,1
Lumen,0.7472,0.7959,0.2407,-0.0457,0.0000,0.4816,0.3848,high,low,1
Lumen,0.7473,0.7961,0.2420,-0.0460,0.0000,0.4815,0.3742,high,low,1
Lumen,0.7473,0.7962,0.2432,-0.0463,0.0000,0.4815,0.3637,high,low,1
Lumen,0.7474,0.7963,0.2442,-0.0466,0.0000,0.4814,0.3554,high,low,1
Lumen,0.7475,0.7964,0.2449,-0.0468,0.0000,0.4814,0.3498,high,low,1
Lumen,0.7475,0.7965,0.2457,-0.0470,0.0000,0.4814,0.3428,high,low,1
Lumen,0.7476,0.7967,0.2414,-0.0472,0.0000,0.4813,0.3787,high,low,1
Lumen,0.7477,0.7968,0.2330,-0.0474,0.0000,0.4813,0.4498,high,boundary,1
Lumen,0.7478,0.7970,0.2257,-0.0476,0.0000,0.4813,0.5113,high,high,0
Lumen,0.7478,0.7971,0.2199,-0.0478,0.0000,0.4812,0.5597,high,high,0
Lumen,0.7478,0.7972,0.2103,-0.0479,0.0000,0.4812,0.6409,high,high,0
Lumen,0.7479,0.7973,0.2020,-0.0481,0.0000,0.4812,0.7105,high,high,0
Lumen,0.7480,0.7974,0.1947,-0.0482,0.0000,0.4812,0.7709,high,high,0
Lumen,0.7481,0.7976,0.1883,-0.0483,0.0000,0.4812,0.8245,high,high,0
Lumen,0.7483,0.7978,0.1828,-0.0485,0.0000,0.4812,0.8697,high,high,0
Lumen,0.7494,0.7735,0.1592,-0.0377,0.2696,0.4812,0.7619,high,high,0
Lumen,0.7499,0.7735,0.1589,-0.0377,0.2709,0.4812,0.7608,high,high,0
Lumen,0.7459,0.7774,0.1570,-0.0239,0.0000,0.4813,0.7876,high,high,0
Lumen,0.7480,0.7877,0.1533,-0.0310,0.1500,0.4813,0.8381,high,high,0
Lumen,0.7487,0.7926,0.1663,-0.0361,0.0000,0.4813,0.9296,high,high,0
Lumen,0.7492,0.7953,0.1848,-0.0396,0.0000,0.4814,0.8479,high,high,0
Lumen,0.7496,0.7971,0.1939,-0.0420,0.0000,0.4814,0.7756,high,high,0
Lumen,0.7496,0.7979,0.1997,-0.0436,0.0000,0.4814,0.7280,high,high,0
Lumen,0.7497,0.7985,0.2030,-0.0446,0.0000,0.4814,0.7013,high,high,0
Lumen,0.7498,0.7988,0.2048,-0.0453,0.0000,0.4814,0.6859,high,high,0
Lumen,0.7498,0.7990,0.2105,-0.0457,0.0000,0.4814,0.6383,high,high,0
Lumen,0.7499,0.7992,0.2199,-0.0460,0.0000,0.4814,0.5593,high,high,0
Lumen,0.7501,0.7995,0.2277,-0.0464,0.0000,0.4814,0.4939,high,high,0
Lumen,0.7502,0.7997,0.2297,-0.0467,0.0000,0.4814,0.4766,high,high,0
Lumen,0.7503,0.7999,0.2266,-0.0470,0.0000,0.4814,0.5029,high,high,0
Lumen,0.7504,0.8001,0.2288,-0.0472,0.1498,0.4814,0.4843,high,high,0
Lumen,0.7504,0.8002,0.2355,-0.0475,0.0000,0.4814,0.4282,high,boundary,1
Lumen,0.7505,0.8004,0.2411,-0.0477,0.0000,0.4814,0.3813,high,low,1
Lumen,0.7504,0.8004,0.2463,-0.0480,0.0000,0.4814,0.3374,high,low,1
Lumen,0.7504,0.8005,0.2456,-0.0482,0.0000,0.4814,0.3436,high,low,1
Lumen,0.7505,0.8006,0.2449,-0.0484,0.0000,0.4813,0.3490,high,low,1
Lumen,0.7505,0.8007,0.2444,-0.0485,0.1497,0.4813,0.3529,high,low,1
Lumen,0.7506,0.8008,0.2438,-0.0487,0.1498,0.4813,0.3579,high,low,1
Lumen,0.7507,0.8010,0.2434,-0.0489,0.0000,0.4813,0.3618,high,low,1
Lumen,0.7508,0.8011,0.2382,-0.0490,0.0000,0.4813,0.4051,high,boundary,1
Lumen,0.7508,0.8012,0.2292,-0.0491,0.0000,0.4813,0.4804,high,high,0
Lumen,0.7509,0.8013,0.2217,-0.0493,0.0000,0.4813,0.5439,high,high,0
Lumen,0.7509,0.8013,0.2152,-0.0494,0.0000,0.4813,0.5975,high,high,0
Lumen,0.7509,0.8014,0.2099,-0.0495,0.0000,0.4813,0.6419,high,high,0
Lumen,0.7511,0.8016,0.2001,-0.0496,0.0000,0.4813,0.7236,high,high,0
Lumen,0.7511,0.8017,0.1920,-0.0497,0.0000,0.4813,0.7898,high,high,0
Lumen,0.7512,0.8018,0.1851,-0.0498,0.0000,0.4813,0.8455,high,high,0
Lumen,0.7512,0.8018,0.1794,-0.0499,0.0000,0.4813,0.8896,high,high,0
Lumen,0.7513,0.8019,0.1744,-0.0500,0.0000,0.4813,0.9239,high,high,0
Lumen,0.7513,0.8020,0.1702,-0.0500,0.0000,0.4813,0.9439,high,high,0
Lumen,0.7516,0.8023,0.1660,-0.0501,0.0000,0.4813,0.9430,high,high,0
Lumen,0.7517,0.8024,0.1628,-0.0502,0.0000,0.4813,0.9298,high,high,0
Lumen,0.7517,0.8025,0.1602,-0.0502,0.0000,0.4813,0.9147,high,high,0
Lumen,0.7517,0.8025,0.1582,-0.0503,0.0000,0.4814,0.9010,high,high,0
Lumen,0.7517,0.8026,0.1563,-0.0503,0.0000,0.4814,0.8878,high,high,0
Lumen,0.7517,0.8026,0.1548,-0.0504,0.0000,0.4814,0.8764,high,high,0
Lumen,0.7526,0.7762,0.1579,-0.0372,0.2674,0.4814,0.7738,high,high,0
Lumen,0.7530,0.7762,0.1579,-0.0372,0.2676,0.4814,0.7730,high,high,0
Lumen,0.7723,0.7824,0.1464,-0.0132,0.0000,0.4818,0.6745,high,high,0
Lumen,0.7625,0.7912,0.1622,-0.0201,0.0000,0.4821,0.8309,high,high,0
Lumen,0.7548,0.7764,0.1591,-0.0358,0.2671,0.4821,0.7734,high,high,0
Lumen,0.7571,0.7764,0.1622,-0.0350,0.2787,0.4825,0.7727,high,high,0
Lumen,0.7486,0.7789,0.2517,-0.0216,0.0000,0.4828,0.2703,boundary,low,1
Lumen,0.7500,0.7894,0.2615,-0.0296,0.0000,0.4828,0.2047,boundary,low,1
Lumen,0.7507,0.7947,0.2658,-0.0354,0.0000,0.4827,0.1721,boundary,low,1
Lumen,0.7503,0.7966,0.2702,-0.0392,0.0000,0.4826,0.1355,boundary,low,1
Lumen,0.7515,0.7749,0.1683,-0.0349,0.2716,0.4825,0.7815,high,high,0
Lumen,0.7540,0.7744,0.1702,-0.0347,0.2797,0.4827,0.7708,high,high,0
Lumen,0.7473,0.7785,0.2790,-0.0236,0.1500,0.4828,0.0452,boundary,low,1
Lumen,0.7483,0.7877,0.2781,-0.0307,0.0000,0.4828,0.0642,boundary,low,1
Lumen,0.7488,0.7922,0.2778,-0.0358,0.0000,0.4826,0.0701,boundary,low,1
Lumen,0.7522,0.7721,0.1698,-0.0347,0.2788,0.4827,0.7563,high,high,0
Lumen,0.7529,0.7722,0.1687,-0.0344,0.2749,0.4828,0.7561,high,high,0
Lumen,0.7529,0.7627,0.2727,0.0109,0.0000,0.4831,0.0600,boundary,low,1
Lumen,0.7504,0.7775,0.2933,-0.0062,0.1500,0.4831,0.0000,boundary,low,1
Lumen,0.7501,0.7860,0.3001,-0.0181,0.1000,0.4829,0.0000,boundary,low,1
Lumen,0.7491,0.7897,0.2933,-0.0260,0.1500,0.4829,0.0000,boundary,low,1
Lumen,0.7487,0.7919,0.3002,-0.0311,0.0000,0.4827,0.0000,boundary,low,1
Lumen,0.7489,0.7937,0.3027,-0.0346,0.0000,0.4826,0.0000,boundary,low,1
Lumen,0.7486,0.7943,0.2977,-0.0368,0.0000,0.4824,0.0000,boundary,low,1
Lumen,0.7487,0.7949,0.2939,-0.0382,0.0000,0.4823,0.0000,boundary,low,1
Lumen,0.7484,0.7950,0.2880,-0.0390,0.0000,0.4822,0.0000,boundary,low,1
Lumen,0.7486,0.7954,0.2817,-0.0398,0.0000,0.4820,0.0395,boundary,low,1
Lumen,0.7485,0.7955,0.2725,-0.0405,0.0000,0.4820,0.1168,boundary,low,1
Lumen,0.7485,0.7957,0.2641,-0.0412,0.0000,0.4818,0.1871,boundary,low,1
Lumen,0.7486,0.7959,0.2570,-0.0418,0.0000,0.4818,0.2476,boundary,low,1
Lumen,0.7485,0.7960,0.2466,-0.0424,0.0000,0.4817,0.3350,high,low,1
Lumen,0.7486,0.7963,0.2371,-0.0429,0.0000,0.4816,0.4144,high,boundary,1
Lumen,0.7484,0.7962,0.2303,-0.0434,0.0000,0.4816,0.4717,high,high,0
Lumen,0.7484,0.7964,0.2237,-0.0439,0.0000,0.4815,0.5277,high,high,0
Lumen,0.7484,0.7966,0.2179,-0.0443,0.0000,0.4815,0.5765,high,high,0
Lumen,0.7482,0.7966,0.2139,-0.0447,0.0000,0.4815,0.6096,high,high,0
Lumen,0.7482,0.7967,0.2097,-0.0451,0.1497,0.4814,0.6451,high,high,0
Lumen,0.7481,0.7967,0.2066,-0.0454,0.0000,0.4814,0.6710,high,high,0
Lumen,0.7482,0.7970,0.2032,-0.0458,0.0000,0.4814,0.6997,high,high,0
Lumen,0.7483,0.7971,0.2006,-0.0461,0.0000,0.4814,0.7219,high,high,0
Lumen,0.7481,0.7971,0.1942,-0.0464,0.0000,0.4814,0.7750,high,high,0
Lumen,0.7481,0.7972,0.1883,-0.0466,0.1498,0.4814,0.8242,high,high,0
Lumen,0.7479,0.7971,0.1843,-0.0469,0.0000,0.4814,0.8573,high,high,0
Lumen,0.7479,0.7972,0.1799,-0.0471,0.0000,0.4814,0.8929,high,high,0
Lumen,0.7478,0.7972,0.1767,-0.0474,0.0000,0.4814,0.9182,high,high,0
Lumen,0.7479,0.7973,0.1734,-0.0476,0.0000,0.4814,0.9436,high,high,0
Lumen,0.7479,0.7974,0.1706,-0.0478,0.0000,0.4814,0.9609,high,high,0
Lumen,0.7478,0.7974,0.1686,-0.0479,0.0000,0.4814,0.9686,high,high,0
Lumen,0.7479,0.7975,0.1665,-0.0481,0.0000,0.4814,0.9677,high,high,0
Lumen,0.7465,0.7964,0.1706,-0.0483,0.0000,0.4815,0.9598,high,high,0
Lumen,0.7468,0.7966,0.1726,-0.0484,0.0000,0.4815,0.9486,high,high,0
Lumen,0.7469,0.7967,0.1764,-0.0486,0.0000,0.4815,0.9207,high,high,0
Lumen,0.7472,0.7969,0.1790,-0.0487,0.0000,0.4816,0.9006,high,high,0
Lumen,0.7473,0.7970,0.1800,-0.0488,0.1500,0.4816,0.8928,high,high,0
Lumen,0.7472,0.7969,0.1866,-0.0489,0.0000,0.4816,0.8387,high,high,0
Lumen,0.7473,0.7970,0.1959,-0.0489,0.0000,0.4816,0.7616,high,high,0
Lumen,0.7477,0.7973,0.2032,-0.0490,0.0000,0.4816,0.7006,high,high,0
Lumen,0.7478,0.7973,0.2102,-0.0491,0.0000,0.4816,0.6418,high,high,0
Lumen,0.7475,0.7971,0.2169,-0.0491,0.0000,0.4816,0.5854,high,high,0
Lumen,0.7476,0.7972,0.2170,-0.0492,0.0000,0.4816,0.5840,high,high,0
Lumen,0.7477,0.7973,0.2216,-0.0492,0.0000,0.4816,0.5456,high,high,0
Lumen,0.7474,0.7971,0.2315,-0.0493,0.0000,0.4816,0.4624,high,high,0
Lumen,0.7476,0.7972,0.2387,-0.0493,0.0000,0.4816,0.4021,high,boundary,1
Lumen,0.7478,0.7974,0.2397,-0.0493,0.0000,0.4816,0.3936,high,low,1
Lumen,0.7480,0.7975,0.2405,-0.0493,0.0000,0.4816,0.3866,high,low,1
Lumen,0.7479,0.7974,0.2423,-0.0494,0.0000,0.4815,0.3713,high,low,1
Lumen,0.7478,0.7973,0.2438,-0.0494,0.0000,0.4815,0.3590,high,low,1
Lumen,0.7479,0.7975,0.2441,-0.0494,0.0000,0.4815,0.3564,high,low,1
Lumen,0.7479,0.7974,0.2450,-0.0494,0.1494,0.4815,0.3486,high,low,1
Lumen,0.7479,0.7975,0.2408,-0.0494,0.0000,0.4815,0.3841,high,low,1
Lumen,0.7479,0.7975,0.2328,-0.0494,0.1497,0.4815,0.4516,high,high,0
Lumen,0.7480,0.7976,0.2257,-0.0494,0.0000,0.4814,0.5116,high,high,0
Lumen,0.7478,0.7975,0.2206,-0.0495,0.0000,0.4814,0.5542,high,high,0
Lumen,0.7480,0.7976,0.2104,-0.0495,0.0000,0.4814,0.6397,high,high,0
Lumen,0.7480,0.7977,0.2020,-0.0495,0.0000,0.4814,0.7104,high,high,0
Lumen,0.7480,0.7977,0.1951,-0.0495,0.0000,0.4814,0.7677,high,high,0
Lumen,0.7481,0.7979,0.1887,-0.0496,0.0000,0.4814,0.8213,high,high,0
Lumen,0.7481,0.7979,0.1838,-0.0496,0.0000,0.4814,0.8625,high,high,0
Lumen,0.7488,0.7985,0.1778,-0.0496,0.0000,0.4813,0.9104,high,high,0
Lumen,0.7487,0.7985,0.1747,-0.0496,0.0000,0.4813,0.9343,high,high,0
Lumen,0.7488,0.7986,0.1713,-0.0497,0.0000,0.4813,0.9574,high,high,0
Lumen,0.7487,0.7986,0.1687,-0.0497,0.0000,0.4814,0.9685,high,high,0
Lumen,0.7485,0.7985,0.1671,-0.0497,0.0000,0.4814,0.9698,high,high,0
Lumen,0.7485,0.7986,0.1652,-0.0497,0.0000,0.4814,0.9631,high,high,0
Lumen,0.7484,0.7985,0.1638,-0.0498,0.0000,0.4814,0.9555,high,high,0
Lumen,0.7486,0.7987,0.1619,-0.0498,0.0000,0.4814,0.9426,high,high,0
Lumen,0.7485,0.7986,0.1610,-0.0498,0.0000,0.4814,0.9355,high,high,0
Lumen,0.7483,0.7985,0.1605,-0.0499,0.1445,0.4815,0.9325,high,high,0
Lumen,0.7484,0.7986,0.1596,-0.0499,0.0000,0.4815,0.9253,high,high,0
Lumen,0.7482,0.7985,0.1592,-0.0499,0.1468,0.4815,0.9227,high,high,0
Lumen,0.7483,0.7985,0.1585,-0.0500,0.0000,0.4815,0.9169,high,high,0
Lumen,0.7482,0.7985,0.1581,-0.0500,0.0000,0.4815,0.9140,high,high,0
Lumen,0.7483,0.7986,0.1573,-0.0500,0.1488,0.4815,0.9071,high,high,0
Lumen,0.7484,0.7987,0.1565,-0.0501,0.0000,0.4815,0.9011,high,high,0
Lumen,0.7481,0.7985,0.1574,-0.0501,0.0000,0.4815,0.9082,high,high,0
Lumen,0.7483,0.7986,0.1565,-0.0501,0.0000,0.4815,0.9011,high,high,0
Lumen,0.7483,0.7986,0.1564,-0.0501,0.0000,0.4815,0.8998,high,high,0
Lumen,0.7484,0.7987,0.1557,-0.0501,0.1497,0.4815,0.8944,high,high,0
Lumen,0.7482,0.7986,0.1562,-0.0502,0.0000,0.4815,0.8984,high,high,0
Lumen,0.7483,0.7986,0.1559,-0.0502,0.0000,0.4816,0.8958,high,high,0
Lumen,0.7481,0.7984,0.1564,-0.0502,0.0000,0.4816,0.9002,high,high,0
Lumen,0.7482,0.7985,0.1559,-0.0502,0.0000,0.4816,0.8966,high,high,0
Lumen,0.7483,0.7986,0.1554,-0.0502,0.0000,0.4816,0.8917,high,high,0
Lumen,0.7482,0.7985,0.1558,-0.0502,0.0000,0.4816,0.8956,high,high,0
Lumen,0.7482,0.7986,0.1555,-0.0502,0.0000,0.4816,0.8928,high,high,0
Lumen,0.7482,0.7985,0.1557,-0.0503,0.0000,0.4816,0.8945,high,high,0
Lumen,0.7483,0.7986,0.1552,-0.0503,0.0000,0.4816,0.8901,high,high,0
Lumen,0.7484,0.7987,0.1548,-0.0503,0.0000,0.4816,0.8874,high,high,0
Lumen,0.7483,0.7986,0.1552,-0.0503,0.0000,0.4816,0.8905,high,high,0
Lumen,0.7483,0.7986,0.1550,-0.0503,0.0000,0.4816,0.8890,high,high,0
Lumen,0.7475,0.7980,0.1581,-0.0503,0.1498,0.4816,0.9146,high,high,0
Lumen,0.7476,0.7980,0.1624,-0.0503,0.0000,0.4816,0.9476,high,high,0
Lumen,0.7475,0.7979,0.1666,-0.0503,0.1498,0.4816,0.9725,high,high,0
Lumen,0.7477,0.7980,0.1694,-0.0503,0.0000,0.4816,0.9705,high,high,0
Lumen,0.7478,0.7981,0.1718,-0.0503,0.0000,0.4816,0.9572,high,high,0
Lumen,0.7478,0.7980,0.1742,-0.0503,0.0000,0.4816,0.9398,high,high,0
Lumen,0.7479,0.7982,0.1757,-0.0503,0.0000,0.4816,0.9280,high,high,0
Lumen,0.7480,0.7982,0.1819,-0.0503,0.1498,0.4816,0.8779,high,high,0
Lumen,0.7482,0.7983,0.1914,-0.0503,0.0000,0.4816,0.7992,high,high,0
Lumen,0.7481,0.7983,0.2002,-0.0503,0.1490,0.4816,0.7253,high,high,0
Lumen,0.7482,0.7984,0.2025,-0.0503,0.0000,0.4816,0.7061,high,high,0
Lumen,0.7484,0.7985,0.2041,-0.0502,0.0000,0.4816,0.6930,high,high,0
Lumen,0.7483,0.7985,0.2110,-0.0502,0.0000,0.4816,0.6348,high,high,0
Lumen,0.7484,0.7985,0.2210,-0.0502,0.0000,0.4816,0.5512,high,high,0
Lumen,0.7492,0.7992,0.2279,-0.0502,0.0000,0.4816,0.4928,high,high,0
Lumen,0.7493,0.7993,0.2355,-0.0502,0.0000,0.4816,0.4289,high,boundary,1
Lumen,0.7490,0.7991,0.2379,-0.0502,0.0000,0.4816,0.4083,high,boundary,1
Lumen,0.7489,0.7991,0.2349,-0.0502,0.0000,0.4816,0.4341,high,boundary,1
Lumen,0.7490,0.7991,0.2365,-0.0502,0.0000,0.4816,0.4202,high,boundary,1
Lumen,0.7488,0.7990,0.2385,-0.0502,0.0000,0.4815,0.4034,high,boundary,1
Lumen,0.7488,0.7990,0.2398,-0.0502,0.0000,0.4815,0.3927,high,low,1
Lumen,0.7486,0.7989,0.2369,-0.0502,0.0000,0.4815,0.4173,high,boundary,1
Lumen,0.7486,0.7989,0.2292,-0.0502,0.0000,0.4815,0.4822,high,high,0
Lumen,0.7484,0.7987,0.2231,-0.0502,0.0000,0.4815,0.5332,high,high,0
Lumen,0.7485,0.7988,0.2173,-0.0502,0.0000,0.4815,0.5822,high,high,0
Lumen,0.7485,0.7988,0.2124,-0.0502,0.0000,0.4815,0.6231,high,high,0
Lumen,0.7483,0.7986,0.2092,-0.0502,0.0000,0.4814,0.6502,high,high,0
Lumen,0.7483,0.7987,0.2009,-0.0502,0.0000,0.4814,0.7196,high,high,0
Lumen,0.7482,0.7985,0.1945,-0.0503,0.0000,0.4814,0.7735,high,high,0
Lumen,0.7484,0.7987,0.1880,-0.0503,0.0000,0.4814,0.8274,high,high,0
Lumen,0.7481,0.7985,0.1841,-0.0503,0.0000,0.4814,0.8603,high,high,0
Lumen,0.7482,0.7985,0.1797,-0.0503,0.0000,0.4814,0.8966,high,high,0
Lumen,0.7483,0.7986,0.1757,-0.0503,0.0000,0.4814,0.9283,high,high,0
Lumen,0.7480,0.7984,0.1733,-0.0503,0.0000,0.4814,0.9468,high,high,0
Lumen,0.7483,0.7986,0.1700,-0.0503,0.1496,0.4814,0.9671,high,high,0
Lumen,0.7480,0.7984,0.1685,-0.0503,0.0000,0.4814,0.9730,high,high,0
Lumen,0.7481,0.7985,0.1662,-0.0503,0.1497,0.4814,0.9699,high,high,0
Lumen,0.7482,0.7985,0.1644,-0.0503,0.0000,0.4814,0.9603,high,high,0
Lumen,0.7483,0.7986,0.1626,-0.0503,0.0000,0.4814,0.9486,high,high,0
Lumen,0.7484,0.7987,0.1611,-0.0503,0.0000,0.4814,0.9372,high,high,0
Lumen,0.7484,0.7987,0.1601,-0.0503,0.0000,0.4814,0.9296,high,high,0
Lumen,0.7485,0.7988,0.1590,-0.0503,0.0000,0.4815,0.9206,high,high,0
Lumen,0.7483,0.7987,0.1589,-0.0503,0.0000,0.4815,0.9202,high,high,0
Lumen,0.7484,0.7987,0.1582,-0.0503,0.0000,0.4815,0.9149,high,high,0
Lumen,0.7477,0.7982,0.1600,-0.0503,0.0000,0.4815,0.9299,high,high,0
Lumen,0.7479,0.7983,0.1590,-0.0503,0.0000,0.4816,0.9217,high,high,0
Lumen,0.7482,0.7986,0.1575,-0.0503,0.0000,0.4816,0.9089,high,high,0
Lumen,0.7483,0.7986,0.1568,-0.0503,0.0000,0.4816,0.9033,high,high,0
Lumen,0.7485,0.7988,0.1558,-0.0503,0.0000,0.4816,0.8950,high,high,0
Lumen,0.7484,0.7988,0.1559,-0.0503,0.0000,0.4816,0.8963,high,high,0
Lumen,0.7485,0.7988,0.1555,-0.0503,0.0000,0.4816,0.8923,high,high,0
Lumen,0.7493,0.7995,0.1548,-0.0503,0.0000,0.4816,0.8855,high,high,0
Lumen,0.7493,0.7995,0.1561,-0.0503,0.0000,0.4817,0.8964,high,high,0
Lumen,0.7489,0.7992,0.1591,-0.0503,0.1500,0.4817,0.9203,high,high,0
Lumen,0.7490,0.7993,0.1650,-0.0503,0.0000,0.4818,0.9611,high,high,0
Lumen,0.7492,0.7994,0.1674,-0.0503,0.0000,0.4818,0.9677,high,high,0
Lumen,0.7490,0.7992,0.1730,-0.0503,0.1499,0.4819,0.9464,high,high,0
Lumen,0.7491,0.7993,0.1770,-0.0503,0.0000,0.4819,0.9162,high,high,0
Lumen,0.7488,0.7990,0.1791,-0.0503,0.0000,0.4820,0.9001,high,high,0
Lumen,0.7489,0.7990,0.1798,-0.0503,0.0000,0.4819,0.8945,high,high,0
Lumen,0.7488,0.7990,0.1854,-0.0502,0.1500,0.4819,0.8484,high,high,0
Lumen,0.7489,0.7990,0.1944,-0.0502,0.1498,0.4819,0.7741,high,high,0
Lumen,0.7490,0.7990,0.2020,-0.0502,0.0000,0.4819,0.7102,high,high,0
Lumen,0.7488,0.7988,0.2048,-0.0502,0.0000,0.4818,0.6872,high,high,0
Lumen,0.7489,0.7989,0.2062,-0.0502,0.0000,0.4818,0.6750,high,high,0
Lumen,0.7488,0.7987,0.2129,-0.0501,0.0000,0.4818,0.6191,high,high,0
Lumen,0.7488,0.7987,0.2226,-0.0501,0.0000,0.4817,0.5377,high,high,0
Lumen,0.7488,0.7986,0.2311,-0.0501,0.0000,0.4817,0.4662,high,high,0
Lumen,0.7489,0.7987,0.2377,-0.0501,0.0000,0.4817,0.4104,high,boundary,1
Lumen,0.7490,0.7988,0.2388,-0.0500,0.0000,0.4817,0.4006,high,boundary,1
Lumen,0.7490,0.7987,0.2402,-0.0500,0.0000,0.4816,0.3893,high,low,1
Lumen,0.7490,0.7987,0.2410,-0.0500,0.0000,0.4816,0.3825,high,low,1
Lumen,0.7490,0.7987,0.2420,-0.0499,0.0000,0.4816,0.3744,high,low,1
Lumen,0.7492,0.7988,0.2421,-0.0499,0.0000,0.4816,0.3731,high,low,1
Lumen,0.7491,0.7988,0.2382,-0.0499,0.0000,0.4816,0.4058,high,boundary,1
Lumen,0.7491,0.7988,0.2299,-0.0499,0.0000,0.4815,0.4754,high,high,0
Lumen,0.7491,0.7989,0.2230,-0.0499,0.0000,0.4815,0.5334,high,high,0
Lumen,0.7489,0.7987,0.2181,-0.0499,0.0000,0.4815,0.5754,high,high,0
Lumen,0.7490,0.7988,0.2128,-0.0499,0.0000,0.4815,0.6199,high,high,0
Lumen,0.7487,0.7987,0.2047,-0.0499,0.0000,0.4815,0.6873,high,high,0
Lumen,0.7488,0.7988,0.1968,-0.0499,0.0000,0.4814,0.7540,high,high,0
Lumen,0.7488,0.7988,0.1904,-0.0499,0.0000,0.4814,0.8074,high,high,0
Lumen,0.7490,0.7990,0.1843,-0.0499,0.0000,0.4814,0.8577,high,high,0
Lumen,0.7491,0.7991,0.1792,-0.0499,0.0000,0.4814,0.8983,high,high,0
Lumen,0.7490,0.7991,0.1755,-0.0499,0.0000,0.4814,0.9278,high,high,0
Lumen,0.7491,0.7992,0.1718,-0.0499,0.0000,0.4814,0.9533,high,high,0
Lumen,0.7491,0.7992,0.1691,-0.0500,0.0000,0.4814,0.9663,high,high,0
Lumen,0.7492,0.7993,0.1664,-0.0500,0.0000,0.4814,0.9655,high,high,0
Lumen,0.7489,0.7992,0.1650,-0.0500,0.0000,0.4814,0.9612,high,high,0
Lumen,0.7490,0.7992,0.1630,-0.0500,0.0000,0.4814,0.9488,high,high,0
Lumen,0.7491,0.7993,0.1612,-0.0500,0.0000,0.4814,0.9362,high,high,0
Lumen,0.7489,0.7992,0.1607,-0.0501,0.0000,0.4814,0.9328,high,high,0
Lumen,0.7490,0.7993,0.1592,-0.0501,0.0000,0.4815,0.9214,high,high,0
Lumen,0.7488,0.7992,0.1589,-0.0501,0.0000,0.4815,0.9192,high,high,0
Lumen,0.7496,0.7999,0.1560,-0.0501,0.0000,0.4815,0.8944,high,high,0
Lumen,0.7495,0.7998,0.1562,-0.0502,0.0000,0.4815,0.8963,high,high,0
Lumen,0.7495,0.7998,0.1554,-0.0502,0.1482,0.4815,0.8904,high,high,0
Lumen,0.7496,0.8000,0.1545,-0.0502,0.0000,0.4815,0.8821,high,high,0
Lumen,0.7494,0.7998,0.1548,-0.0502,0.0000,0.4815,0.8856,high,high,0
Lumen,0.7495,0.7999,0.1542,-0.0502,0.0000,0.4816,0.8802,high,high,0
Lumen,0.7492,0.7997,0.1546,-0.0503,0.0000,0.4816,0.8842,high,high,0
Lumen,0.7493,0.7998,0.1540,-0.0503,0.0000,0.4816,0.8795,high,high,0
Lumen,0.7491,0.7996,0.1549,-0.0503,0.0000,0.4816,0.8870,high,high,0
Lumen,0.7491,0.7996,0.1548,-0.0503,0.0000,0.4816,0.8860,high,high,0
Lumen,0.7539,0.7758,0.1566,-0.0367,0.2716,0.4816,0.7635,high,high,0
Lumen,0.7545,0.7758,0.1569,-0.0366,0.2691,0.4817,0.7632,high,high,0
Lumen,0.7535,0.7641,0.1562,0.0102,0.0000,0.4820,0.6746,high,high,0
Lumen,0.7517,0.7797,0.1695,-0.0070,0.1500,0.4820,0.8194,high,high,0
Lumen,0.7493,0.7858,0.1940,-0.0188,0.1000,0.4821,0.7464,high,high,0
Lumen,0.7524,0.7755,0.1606,-0.0360,0.2688,0.4820,0.7759,high,high,0
Lumen,0.7536,0.7756,0.1607,-0.0359,0.2714,0.4821,0.7743,high,high,0
Lumen,0.7480,0.7758,0.2401,-0.0179,0.0000,0.4822,0.3574,high,low,1
Lumen,0.7488,0.7863,0.2583,-0.0267,0.0000,0.4822,0.2282,boundary,low,1
Lumen,0.7480,0.7903,0.2700,-0.0330,0.0000,0.4822,0.1350,boundary,low,1
Lumen,0.7486,0.7936,0.2725,-0.0372,0.0000,0.4821,0.1159,boundary,low,1
Lumen,0.7481,0.7944,0.2766,-0.0399,0.0000,0.4821,0.0817,boundary,low,1
Lumen,0.7509,0.7742,0.1647,-0.0359,0.2711,0.4821,0.7759,high,high,0
Lumen,0.7514,0.7743,0.1648,-0.0359,0.2706,0.4821,0.7754,high,high,0
Lumen,0.7491,0.7808,0.2370,-0.0240,0.0000,0.4821,0.3941,high,low,1
Lumen,0.7497,0.7894,0.2402,-0.0311,0.0000,0.4821,0.3825,high,low,1
Lumen,0.7483,0.7918,0.2467,-0.0361,0.0000,0.4820,0.3312,high,low,1
Lumen,0.7481,0.7938,0.2355,-0.0394,0.0000,0.4820,0.4263,high,boundary,1
Lumen,0.7487,0.7956,0.2387,-0.0417,0.0000,0.4819,0.4009,high,boundary,1
Lumen,0.7480,0.7956,0.2530,-0.0431,0.0000,0.4818,0.2811,boundary,low,1
Lumen,0.7483,0.7962,0.2591,-0.0441,0.0000,0.4818,0.2295,boundary,low,1
Lumen,0.7484,0.7966,0.2629,-0.0447,0.0000,0.4817,0.1975,boundary,low,1
Lumen,0.7486,0.7969,0.2602,-0.0451,0.0000,0.4817,0.2205,boundary,low,1
Lumen,0.7478,0.7964,0.2610,-0.0454,0.1499,0.4817,0.2141,boundary,low,1
Lumen,0.7480,0.7966,0.2543,-0.0457,0.0000,0.4816,0.2707,boundary,low,1
Lumen,0.7479,0.7966,0.2491,-0.0460,0.1499,0.4816,0.3144,high,low,1
Lumen,0.7478,0.7967,0.2494,-0.0463,0.0000,0.4816,0.3119,high,low,1
Lumen,0.7476,0.7966,0.2455,-0.0466,0.0000,0.4816,0.3442,high,low,1
Lumen,0.7470,0.7961,0.2392,-0.0468,0.1499,0.4816,0.3972,high,low,1
Lumen,0.7461,0.7954,0.2351,-0.0471,0.0000,0.4816,0.4316,high,boundary,1
Lumen,0.7470,0.7962,0.2286,-0.0473,0.0000,0.4816,0.4869,high,high,0
Lumen,0.7462,0.7956,0.2282,-0.0475,0.0000,0.4817,0.4897,high,high,0
Lumen,0.7454,0.7949,0.2258,-0.0477,0.0000,0.4817,0.5091,high,high,0
Lumen,0.7455,0.7950,0.2214,-0.0479,0.0000,0.4817,0.5461,high,high,0
Lumen,0.7452,0.7947,0.2191,-0.0480,0.0000,0.4817,0.5654,high,high,0
Lumen,0.7452,0.7947,0.2107,-0.0482,0.0000,0.4817,0.6358,high,high,0
Lumen,0.7450,0.7945,0.2044,-0.0483,0.0000,0.4816,0.6884,high,high,0
Lumen,0.7451,0.7945,0.1982,-0.0484,0.1500,0.4816,0.7400,high,high,0
Lumen,0.7450,0.7944,0.1935,-0.0485,0.0000,0.4815,0.7784,high,high,0
Lumen,0.7449,0.7943,0.1892,-0.0486,0.0000,0.4815,0.8131,high,high,0
Lumen,0.7450,0.7943,0.1854,-0.0487,0.0000,0.4814,0.8442,high,high,0
Lumen,0.7450,0.7943,0.1820,-0.0488,0.0000,0.4814,0.8710,high,high,0
Lumen,0.7451,0.7944,0.1791,-0.0488,0.0000,0.4814,0.8935,high,high,0
Lumen,0.7486,0.7725,0.1578,-0.0373,0.2705,0.4814,0.7516,high,high,0
Lumen,0.7521,0.7728,0.1590,-0.0367,0.2802,0.4816,0.7522,high,high,0
Lumen,0.7433,0.7740,0.1635,-0.0235,0.0000,0.4820,0.7761,high,high,0
Lumen,0.7509,0.7730,0.1567,-0.0361,0.2691,0.4819,0.7489,high,high,0
Lumen,0.7537,0.7735,0.1578,-0.0354,0.2778,0.4823,0.7507,high,high,0
Lumen,0.7536,0.7733,0.1580,-0.0354,0.2687,0.4823,0.7500,high,high,0
Lumen,0.7534,0.7731,0.1581,-0.0354,0.2686,0.4823,0.7493,high,high,0
Lumen,0.7531,0.7728,0.1580,-0.0353,0.2692,0.4824,0.7469,high,high,0
Lumen,0.7545,0.7730,0.1615,-0.0342,0.2689,0.4829,0.7533,high,high,0
Lumen,0.7553,0.7731,0.1654,-0.0330,0.2702,0.4835,0.7573,high,high,0
Lumen,0.7550,0.7729,0.1652,-0.0330,0.2700,0.4835,0.7562,high,high,0
Lumen,0.7456,0.7767,0.2923,-0.0237,0.0000,0.4842,0.0000,boundary,low,1
Lumen,0.7486,0.7919,0.3038,-0.0357,0.1000,0.4839,0.0000,boundary,low,1
Lumen,0.7482,0.7937,0.3080,-0.0391,0.1498,0.4836,0.0000,boundary,low,1
Lumen,0.7510,0.7986,0.2883,-0.0430,0.0000,0.4830,0.0000,boundary,low,1
Lumen,0.7502,0.7984,0.2741,-0.0449,0.0000,0.4824,0.1033,boundary,low,1
Lumen,0.7499,0.7983,0.2517,-0.0458,0.0000,0.4821,0.2917,boundary,low,1
Lumen,0.7496,0.7735,0.1629,-0.0359,0.2721,0.4821,0.7698,high,high,0
Lumen,0.7523,0.7730,0.1654,-0.0356,0.2815,0.4822,0.7636,high,high,0
Lumen,0.7446,0.7735,0.2441,-0.0210,0.1500,0.4824,0.3190,high,low,1
Lumen,0.7471,0.7776,0.3138,-0.0226,0.0000,0.4827,0.0000,boundary,low,1
Lumen,0.7475,0.7863,0.3286,-0.0299,0.0000,0.4827,0.0000,boundary,low,1
Lumen,0.7487,0.7919,0.3326,-0.0352,0.0000,0.4826,0.0000,boundary,low,1
Lumen,0.7475,0.7780,0.2825,-0.0225,0.1500,0.4829,0.0158,boundary,low,1
Lumen,0.7504,0.7725,0.1676,-0.0343,0.2727,0.4828,0.7637,high,high,0
Lumen,0.7510,0.7724,0.1674,-0.0343,0.2728,0.4828,0.7616,high,high,0
Lumen,0.7508,0.7721,0.1667,-0.0344,0.2727,0.4828,0.7598,high,high,0
Lumen,0.7461,0.7768,0.2438,-0.0230,0.0000,0.4832,0.3301,high,low,1
Lumen,0.7496,0.7950,0.2566,-0.0388,0.1500,0.4830,0.2494,boundary,low,1
Lumen,0.7497,0.7972,0.2584,-0.0428,0.0000,0.4826,0.2358,boundary,low,1
Lumen,0.7495,0.7977,0.2539,-0.0444,0.0000,0.4822,0.2733,boundary,low,1
Lumen,0.7500,0.7984,0.2497,-0.0455,0.0000,0.4820,0.3092,high,low,1
Lumen,0.7497,0.7984,0.2492,-0.0461,0.0000,0.4818,0.3133,high,low,1
Lumen,0.7503,0.7991,0.2479,-0.0466,0.0000,0.4817,0.3237,high,low,1
Lumen,0.7500,0.7989,0.2483,-0.0468,0.0000,0.4817,0.3209,high,low,1
Lumen,0.7500,0.7992,0.2471,-0.0472,0.0000,0.4816,0.3311,high,low,1
Lumen,0.7506,0.7999,0.2450,-0.0476,0.0000,0.4815,0.3481,high,low,1
Lumen,0.7502,0.7998,0.2323,-0.0480,0.0000,0.4815,0.4554,high,high,0
Lumen,0.7497,0.7996,0.2022,-0.0485,0.0000,0.4815,0.7081,high,high,0
Lumen,0.7499,0.7999,0.1874,-0.0487,0.0000,0.4815,0.8302,high,high,0
Lumen,0.7493,0.7995,0.1691,-0.0493,0.0000,0.4815,0.9653,high,high,0
Lumen,0.7490,0.7994,0.1652,-0.0495,0.0000,0.4815,0.9615,high,high,0
Lumen,0.7489,0.7993,0.1622,-0.0497,0.0000,0.4815,0.9436,high,high,0
Lumen,0.7486,0.7991,0.1597,-0.0499,0.0000,0.4815,0.9261,high,high,0
Lumen,0.7485,0.7989,0.1586,-0.0500,0.0000,0.4815,0.9175,high,high,0
Lumen,0.7484,0.7988,0.1571,-0.0502,0.0000,0.4816,0.9062,high,high,0
Lumen,0.7485,0.7989,0.1564,-0.0502,0.0000,0.4816,0.9004,high,high,0
Lumen,0.7483,0.7988,0.1566,-0.0502,0.0000,0.4816,0.9017,high,high,0
Lumen,0.7485,0.7989,0.1559,-0.0502,0.0000,0.4816,0.8961,high,high,0
Lumen,0.7486,0.7989,0.1551,-0.0503,0.0000,0.4816,0.8890,high,high,0
Lumen,0.7485,0.7989,0.1552,-0.0503,0.0000,0.4816,0.8899,high,high,0
Lumen,0.7484,0.7988,0.1551,-0.0503,0.0000,0.4816,0.8898,high,high,0
Lumen,0.7489,0.7992,0.1555,-0.0503,0.0000,0.4816,0.8917,high,high,0
Lumen,0.7489,0.7992,0.1566,-0.0503,0.0000,0.4817,0.9012,high,high,0
Lumen,0.7485,0.7988,0.1586,-0.0503,0.0000,0.4817,0.9172,high,high,0
Lumen,0.7486,0.7989,0.1576,-0.0503,0.0000,0.4817,0.9099,high,high,0
Lumen,0.7483,0.7987,0.1576,-0.0503,0.0000,0.4817,0.9095,high,high,0
Lumen,0.7468,0.7983,0.1673,-0.0505,0.0000,0.4818,0.9801,high,high,0
Lumen,0.7456,0.7981,0.1767,-0.0510,0.0000,0.4817,0.9234,high,high,0
Lumen,0.7449,0.7979,0.1933,-0.0513,0.0000,0.4816,0.7841,high,high,0
Lumen,0.7444,0.7978,0.2094,-0.0517,0.0000,0.4814,0.6490,high,high,0
Lumen,0.7441,0.7978,0.2206,-0.0522,0.0000,0.4813,0.5548,high,high,0
Lumen,0.7438,0.7977,0.2374,-0.0525,0.0000,0.4812,0.4133,high,boundary,1
Lumen,0.7435,0.7975,0.2366,-0.0528,0.0000,0.4811,0.4196,high,boundary,1
Lumen,0.7432,0.7973,0.2395,-0.0529,0.0000,0.4811,0.3952,high,low,1
Lumen,0.7432,0.7974,0.2505,-0.0532,0.0000,0.4811,0.3023,boundary,low,1
Lumen,0.7430,0.7973,0.2546,-0.0534,0.0000,0.4810,0.2677,boundary,low,1
Lumen,0.7434,0.7978,0.2518,-0.0536,0.0000,0.4809,0.2916,boundary,low,1
Lumen,0.7432,0.7976,0.2521,-0.0536,0.1496,0.4809,0.2894,boundary,low,1
Lumen,0.7432,0.7976,0.2465,-0.0538,0.0000,0.4809,0.3363,high,low,1
Lumen,0.7430,0.7976,0.2388,-0.0539,0.0000,0.4808,0.4007,high,boundary,1
Lumen,0.7428,0.7974,0.2338,-0.0541,0.0000,0.4808,0.4427,high,boundary,1
Lumen,0.7427,0.7973,0.2163,-0.0542,0.0000,0.4808,0.5904,high,high,0
Lumen,0.7425,0.7972,0.2090,-0.0543,0.0000,0.4808,0.6516,high,high,0
Lumen,0.7424,0.7971,0.1948,-0.0544,0.0000,0.4808,0.7695,high,high,0
Lumen,0.7421,0.7968,0.1813,-0.0545,0.0000,0.4808,0.8794,high,high,0
Lumen,0.7421,0.7969,0.1747,-0.0545,0.0000,0.4808,0.9305,high,high,0
Lumen,0.7421,0.7969,0.1699,-0.0546,0.0000,0.4808,0.9574,high,high,0
Lumen,0.7422,0.7969,0.1679,-0.0546,0.0000,0.4808,0.9620,high,high,0
Lumen,0.7421,0.7969,0.1652,-0.0546,0.0000,0.4808,0.9557,high,high,0
Lumen,0.7421,0.7969,0.1632,-0.0547,0.0000,0.4808,0.9452,high,high,0
Lumen,0.7435,0.7968,0.1617,-0.0544,0.0000,0.4809,0.9392,high,high,0
Lumen,0.7441,0.7968,0.1612,-0.0541,0.0000,0.4810,0.9366,high,high,0
Lumen,0.7430,0.7956,0.1662,-0.0540,0.0000,0.4811,0.9554,high,high,0
Lumen,0.7436,0.7958,0.1695,-0.0538,0.0000,0.4812,0.9582,high,high,0
Lumen,0.7438,0.7958,0.1732,-0.0536,0.0000,0.4812,0.9403,high,high,0
Lumen,0.7442,0.7959,0.1756,-0.0534,0.1498,0.4813,0.9250,high,high,0
Lumen,0.7446,0.7961,0.1773,-0.0532,0.0000,0.4813,0.9126,high,high,0
Lumen,0.7451,0.7962,0.1943,-0.0528,0.0000,0.4813,0.7743,high,high,0
Lumen,0.7454,0.7963,0.2105,-0.0525,0.0000,0.4814,0.6385,high,high,0
Lumen,0.7460,0.7965,0.2219,-0.0520,0.0000,0.4814,0.5431,high,high,0
Lumen,0.7462,0.7966,0.2390,-0.0517,0.0000,0.4814,0.3995,high,low,1
Lumen,0.7463,0.7965,0.2381,-0.0514,0.0000,0.4814,0.4073,high,boundary,1
Lumen,0.7464,0.7966,0.2522,-0.0511,0.0000,0.4814,0.2885,boundary,low,1
Lumen,0.7465,0.7966,0.2560,-0.0509,0.0000,0.4814,0.2559,boundary,low,1
Lumen,0.7466,0.7966,0.2549,-0.0507,0.0000,0.4813,0.2658,boundary,low,1
Lumen,0.7467,0.7967,0.2490,-0.0505,0.1497,0.4813,0.3151,high,low,1
Lumen,0.7467,0.7967,0.2412,-0.0504,0.0000,0.4813,0.3807,high,low,1
Lumen,0.7466,0.7966,0.2360,-0.0503,0.0000,0.4813,0.4248,high,boundary,1
Lumen,0.7472,0.7970,0.2275,-0.0503,0.0000,0.4813,0.4961,high,high,0
Lumen,0.7472,0.7971,0.2167,-0.0502,0.0000,0.4812,0.5868,high,high,0
Lumen,0.7471,0.7970,0.2094,-0.0501,0.0000,0.4812,0.6485,high,high,0
Lumen,0.7469,0.7969,0.1956,-0.0501,0.0000,0.4812,0.7637,high,high,0
Lumen,0.7469,0.7969,0.1853,-0.0501,0.0000,0.4812,0.8495,high,high,0
Lumen,0.7470,0.7969,0.1810,-0.0501,0.0000,0.4813,0.8846,high,high,0
Lumen,0.7469,0.7969,0.1749,-0.0500,0.0000,0.4813,0.9331,high,high,0
Lumen,0.7468,0.7968,0.1711,-0.0500,0.1498,0.4813,0.9588,high,high,0
Lumen,0.7467,0.7967,0.1695,-0.0500,0.0000,0.4813,0.9661,high,high,0
Lumen,0.7469,0.7968,0.1661,-0.0500,0.0000,0.4814,0.9665,high,high,0
Lumen,0.7467,0.7967,0.1646,-0.0500,0.0000,0.4814,0.9591,high,high,0
Lumen,0.7467,0.7967,0.1629,-0.0500,0.0000,0.4814,0.9490,high,high,0
Lumen,0.7468,0.7968,0.1611,-0.0500,0.0000,0.4814,0.9363,high,high,0
Lumen,0.7461,0.7962,0.1678,-0.0500,0.0000,0.4815,0.9666,high,high,0
Lumen,0.7462,0.7962,0.1742,-0.0501,0.0000,0.4815,0.9367,high,high,0
Lumen,0.7464,0.7964,0.1847,-0.0500,0.0000,0.4815,0.8537,high,high,0
Lumen,0.7462,0.7962,0.2050,-0.0500,0.0000,0.4815,0.6847,high,high,0
Lumen,0.7463,0.7962,0.2135,-0.0500,0.0000,0.4815,0.6136,high,high,0
Lumen,0.7468,0.7966,0.2182,-0.0500,0.1499,0.4815,0.5742,high,high,0
Lumen,0.7471,0.7969,0.2356,-0.0500,0.0000,0.4815,0.4279,high,boundary,1
Lumen,0.7463,0.7962,0.2479,-0.0500,0.0000,0.4815,0.3246,high,low,1
Lumen,0.7465,0.7963,0.2486,-0.0499,0.0000,0.4815,0.3183,high,low,1
Lumen,0.7468,0.7966,0.2446,-0.0499,0.1499,0.4814,0.3522,high,low,1
Lumen,0.7463,0.7961,0.2317,-0.0499,0.0000,0.4814,0.4607,high,high,0
Lumen,0.7466,0.7963,0.2196,-0.0499,0.0000,0.4814,0.5621,high,high,0
Lumen,0.7466,0.7963,0.2105,-0.0499,0.0000,0.4813,0.6390,high,high,0
Lumen,0.7471,0.7967,0.1947,-0.0498,0.0000,0.4813,0.7716,high,high,0
Lumen,0.7473,0.7970,0.1837,-0.0498,0.0000,0.4813,0.8627,high,high,0
Lumen,0.7476,0.7972,0.1756,-0.0498,0.0000,0.4813,0.9272,high,high,0
Lumen,0.7476,0.7973,0.1681,-0.0497,0.0000,0.4813,0.9698,high,high,0
Lumen,0.7473,0.7971,0.1675,-0.0497,0.0000,0.4813,0.9698,high,high,0
Lumen,0.7475,0.7972,0.1655,-0.0497,0.0000,0.4814,0.9646,high,high,0
Lumen,0.7478,0.7975,0.1652,-0.0497,0.0000,0.4814,0.9633,high,high,0
Lumen,0.7479,0.7976,0.1652,-0.0497,0.0000,0.4815,0.9632,high,high,0
Lumen,0.7469,0.7968,0.1679,-0.0498,0.0000,0.4815,0.9695,high,high,0
Lumen,0.7473,0.7971,0.1727,-0.0498,0.1500,0.4816,0.9491,high,high,0
Lumen,0.7475,0.7973,0.1769,-0.0498,0.0000,0.4816,0.9177,high,high,0
Lumen,0.7476,0.7974,0.1932,-0.0498,0.0000,0.4816,0.7837,high,high,0
Lumen,0.7477,0.7976,0.2148,-0.0498,0.0000,0.4816,0.6033,high,high,0
Lumen,0.7477,0.7976,0.2207,-0.0498,0.0000,0.4816,0.5534,high,high,0
Lumen,0.7479,0.7977,0.2370,-0.0498,0.0000,0.4816,0.4160,high,boundary,1
Lumen,0.7479,0.7977,0.2379,-0.0498,0.0000,0.4816,0.4088,high,boundary,1
Lumen,0.7479,0.7977,0.2458,-0.0498,0.0000,0.4815,0.3419,high,low,1
Lumen,0.7480,0.7978,0.2506,-0.0498,0.0000,0.4815,0.3020,boundary,low,1
Lumen,0.7481,0.7980,0.2462,-0.0498,0.0000,0.4815,0.3392,high,low,1
Lumen,0.7482,0.7981,0.2418,-0.0498,0.0000,0.4814,0.3756,high,low,1
Lumen,0.7482,0.7981,0.2305,-0.0499,0.0000,0.4814,0.4706,high,high,0
Lumen,0.7484,0.7983,0.2131,-0.0499,0.0000,0.4814,0.6176,high,high,0
Lumen,0.7483,0.7983,0.1971,-0.0499,0.0000,0.4814,0.7518,high,high,0
Lumen,0.7484,0.7984,0.1852,-0.0499,0.0000,0.4813,0.8509,high,high,0
Lumen,0.7486,0.7986,0.1728,-0.0500,0.0000,0.4813,0.9485,high,high,0
Lumen,0.7485,0.7986,0.1680,-0.0500,0.0000,0.4814,0.9711,high,high,0
Lumen,0.7485,0.7987,0.1641,-0.0500,0.0000,0.4814,0.9576,high,high,0
Lumen,0.7486,0.7988,0.1599,-0.0501,0.0000,0.4814,0.9273,high,high,0
Lumen,0.7485,0.7987,0.1589,-0.0501,0.0000,0.4815,0.9200,high,high,0
Lumen,0.7485,0.7988,0.1576,-0.0501,0.0000,0.4815,0.9099,high,high,0
Lumen,0.7489,0.7991,0.1565,-0.0502,0.0000,0.4815,0.9002,high,high,0
Lumen,0.7490,0.7993,0.1556,-0.0502,0.0000,0.4815,0.8927,high,high,0
Lumen,0.7488,0.7991,0.1561,-0.0502,0.0000,0.4816,0.8971,high,high,0
Lumen,0.7488,0.7991,0.1556,-0.0502,0.0000,0.4816,0.8928,high,high,0
Lumen,0.7485,0.7989,0.1558,-0.0503,0.0000,0.4816,0.8947,high,high,0
Lumen,0.7485,0.7989,0.1555,-0.0503,0.0000,0.4816,0.8925,high,high,0
Lumen,0.7483,0.7987,0.1558,-0.0503,0.0000,0.4816,0.8957,high,high,0
Lumen,0.7485,0.7989,0.1549,-0.0504,0.0000,0.4816,0.8881,high,high,0
Lumen,0.7484,0.7988,0.1553,-0.0504,0.0000,0.4816,0.8910,high,high,0
Lumen,0.7485,0.7988,0.1549,-0.0504,0.0000,0.4817,0.8877,high,high,0
Lumen,0.7483,0.7987,0.1556,-0.0504,0.0000,0.4817,0.8936,high,high,0
Lumen,0.7491,0.7993,0.1531,-0.0503,0.0000,0.4816,0.8725,high,high,0
Lumen,0.7491,0.7993,0.1532,-0.0503,0.0000,0.4816,0.8732,high,high,0
Lumen,0.7488,0.7991,0.1542,-0.0503,0.0000,0.4816,0.8819,high,high,0
Lumen,0.7488,0.7991,0.1541,-0.0503,0.0000,0.4816,0.8811,high,high,0
Lumen,0.7489,0.7992,0.1539,-0.0503,0.0000,0.4816,0.8790,high,high,0
Lumen,0.7490,0.7993,0.1532,-0.0503,0.0000,0.4816,0.8733,high,high,0
Lumen,0.7489,0.7993,0.1538,-0.0503,0.0000,0.4816,0.8780,high,high,0
Lumen,0.7490,0.7994,0.1534,-0.0503,0.0000,0.4816,0.8743,high,high,0
Lumen,0.7494,0.7997,0.1525,-0.0503,0.0000,0.4816,0.8664,high,high,0
Lumen,0.7494,0.7997,0.1526,-0.0503,0.0000,0.4816,0.8678,high,high,0
Lumen,0.7495,0.7998,0.1523,-0.0503,0.0000,0.4816,0.8647,high,high,0
Lumen,0.7497,0.8000,0.1515,-0.0503,0.0000,0.4816,0.8578,high,high,0
Lumen,0.7500,0.8002,0.1507,-0.0503,0.0000,0.4816,0.8512,high,high,0
Lumen,0.7501,0.8004,0.1502,-0.0503,0.0000,0.4816,0.8465,high,high,0
Lumen,0.7500,0.8004,0.1506,-0.0503,0.0000,0.4816,0.8498,high,high,0
Lumen,0.7500,0.8004,0.1507,-0.0503,0.0000,0.4816,0.8508,high,high,0
Lumen,0.7500,0.8004,0.1510,-0.0504,0.0000,0.4816,0.8535,high,high,0
Lumen,0.7497,0.8003,0.1520,-0.0504,0.0000,0.4817,0.8616,high,high,0
Lumen,0.7498,0.8003,0.1517,-0.0504,0.0000,0.4817,0.8595,high,high,0
Lumen,0.7493,0.8000,0.1533,-0.0505,0.0000,0.4817,0.8731,high,high,0
Lumen,0.7497,0.8003,0.1519,-0.0505,0.0000,0.4817,0.8609,high,high,0
Lumen,0.7496,0.8001,0.1526,-0.0505,0.0000,0.4817,0.8668,high,high,0
Lumen,0.7494,0.8000,0.1533,-0.0505,0.0000,0.4817,0.8733,high,high,0
Lumen,0.7490,0.7996,0.1546,-0.0505,0.0000,0.4817,0.8849,high,high,0
Lumen,0.7494,0.8000,0.1530,-0.0505,0.0000,0.4817,0.8709,high,high,0
Lumen,0.7492,0.7998,0.1537,-0.0506,0.0000,0.4817,0.8766,high,high,0
Lumen,0.7490,0.7995,0.1542,-0.0506,0.0000,0.4817,0.8816,high,high,0
Lumen,0.7497,0.8001,0.1519,-0.0505,0.0000,0.4817,0.8609,high,high,0
Lumen,0.7493,0.7998,0.1531,-0.0505,0.0000,0.4817,0.8716,high,high,0
Lumen,0.7490,0.7995,0.1540,-0.0505,0.0000,0.4817,0.8794,high,high,0
Lumen,0.7489,0.7995,0.1541,-0.0505,0.0000,0.4817,0.8808,high,high,0
Lumen,0.7484,0.7990,0.1556,-0.0505,0.0000,0.4817,0.8937,high,high,0
Lumen,0.7480,0.7986,0.1568,-0.0505,0.0000,0.4817,0.9036,high,high,0
Lumen,0.7479,0.7984,0.1569,-0.0505,0.0000,0.4817,0.9048,high,high,0
Lumen,0.7472,0.7977,0.1678,-0.0505,0.1500,0.4817,0.9746,high,high,0
Lumen,0.7473,0.7977,0.1743,-0.0505,0.0000,0.4817,0.9393,high,high,0
Lumen,0.7474,0.7976,0.1844,-0.0505,0.0000,0.4817,0.8576,high,high,0
Lumen,0.7474,0.7976,0.2028,-0.0504,0.0000,0.4816,0.7040,high,high,0
Lumen,0.7475,0.7976,0.2324,-0.0503,0.0000,0.4816,0.4550,high,high,0
Lumen,0.7475,0.7976,0.2416,-0.0503,0.0000,0.4816,0.3779,high,low,1
Lumen,0.7475,0.7976,0.2441,-0.0502,0.0000,0.4815,0.3570,high,low,1
Lumen,0.7476,0.7976,0.2447,-0.0502,0.0000,0.4815,0.3513,high,low,1
Lumen,0.7475,0.7975,0.2420,-0.0502,0.0000,0.4815,0.3745,high,low,1
Lumen,0.7471,0.7972,0.2283,-0.0502,0.0000,0.4814,0.4896,high,high,0
Lumen,0.7466,0.7968,0.2100,-0.0502,0.0000,0.4814,0.6429,high,high,0
Lumen,0.7464,0.7965,0.1967,-0.0501,0.0000,0.4814,0.7548,high,high,0
Lumen,0.7455,0.7957,0.1897,-0.0502,0.0000,0.4814,0.8115,high,high,0
Lumen,0.7455,0.7956,0.1793,-0.0501,0.0000,0.4814,0.8960,high,high,0
Lumen,0.7455,0.7954,0.1749,-0.0501,0.0000,0.4814,0.9287,high,high,0
Lumen,0.7453,0.7953,0.1736,-0.0501,0.0000,0.4814,0.9364,high,high,0
Lumen,0.7454,0.7953,0.1716,-0.0501,0.0000,0.4814,0.9486,high,high,0
Lumen,0.7455,0.7953,0.1678,-0.0500,0.0000,0.4814,0.9599,high,high,0
Lumen,0.7455,0.7953,0.1665,-0.0500,0.0000,0.4814,0.9577,high,high,0
Lumen,0.7454,0.7952,0.1656,-0.0499,0.0000,0.4814,0.9546,high,high,0
Lumen,0.7453,0.7951,0.1650,-0.0499,0.0000,0.4814,0.9517,high,high,0
Lumen,0.7454,0.7951,0.1645,-0.0499,0.0000,0.4814,0.9497,high,high,0
Lumen,0.7454,0.7951,0.1641,-0.0499,0.0000,0.4815,0.9473,high,high,0
Lumen,0.7454,0.7951,0.1635,-0.0498,0.0000,0.4815,0.9443,high,high,0
Lumen,0.7453,0.7950,0.1636,-0.0498,0.0000,0.4815,0.9441,high,high,0
Lumen,0.7457,0.7953,0.1630,-0.0498,0.0000,0.4815,0.9425,high,high,0
Lumen,0.7457,0.7953,0.1629,-0.0497,0.0000,0.4815,0.9422,high,high,0
Lumen,0.7457,0.7954,0.1625,-0.0497,0.0000,0.4815,0.9402,high,high,0
Lumen,0.7455,0.7952,0.1632,-0.0497,0.0000,0.4815,0.9433,high,high,0
Lumen,0.7457,0.7953,0.1627,-0.0497,0.0000,0.4815,0.9407,high,high,0
Lumen,0.7454,0.7951,0.1635,-0.0497,0.0000,0.4815,0.9445,high,high,0
Lumen,0.7455,0.7952,0.1631,-0.0497,0.0000,0.4815,0.9426,high,high,0
Lumen,0.7454,0.7951,0.1635,-0.0497,0.0000,0.4815,0.9442,high,high,0
Lumen,0.7456,0.7952,0.1627,-0.0497,0.0000,0.4815,0.9405,high,high,0
Lumen,0.7455,0.7952,0.1627,-0.0497,0.0000,0.4815,0.9402,high,high,0
Lumen,0.7451,0.7947,0.1729,-0.0497,0.0000,0.4815,0.9378,high,high,0
Lumen,0.7452,0.7948,0.1788,-0.0497,0.0000,0.4816,0.8973,high,high,0
Lumen,0.7453,0.7948,0.1831,-0.0496,0.0000,0.4815,0.8640,high,high,0
Lumen,0.7452,0.7948,0.1997,-0.0496,0.0000,0.4815,0.7272,high,high,0
Lumen,0.7453,0.7949,0.2079,-0.0496,0.0000,0.4815,0.6597,high,high,0
Lumen,0.7454,0.7950,0.2123,-0.0496,0.0000,0.4815,0.6228,high,high,0
Lumen,0.7454,0.7950,0.2291,-0.0496,0.0000,0.4815,0.4817,high,high,0
Lumen,0.7458,0.7953,0.2457,-0.0496,0.0124,0.4815,0.3422,high,low,1
Lumen,0.7456,0.7951,0.2538,-0.0496,0.0406,0.4814,0.2742,boundary,low,1
Lumen,0.7455,0.7951,0.2632,-0.0496,0.0728,0.4814,0.1952,boundary,low,1
Lumen,0.7461,0.7957,0.2506,-0.0495,0.0225,0.4814,0.3016,boundary,low,1
Lumen,0.7458,0.7954,0.2489,-0.0496,0.0146,0.4813,0.3156,high,low,1
Lumen,0.7461,0.7956,0.2367,-0.0496,0.0000,0.4813,0.4186,high,boundary,1
Lumen,0.7457,0.7953,0.2207,-0.0496,0.0000,0.4813,0.5526,high,high,0
Lumen,0.7456,0.7952,0.2134,-0.0496,0.0000,0.4813,0.6134,high,high,0
Lumen,0.7454,0.7951,0.2038,-0.0496,0.0000,0.4813,0.6941,high,high,0
Lumen,0.7452,0.7949,0.1983,-0.0496,0.0000,0.4813,0.7393,high,high,0
Lumen,0.7453,0.7950,0.1883,-0.0497,0.0000,0.4813,0.8219,high,high,0
Lumen,0.7452,0.7949,0.1814,-0.0497,0.0000,0.4813,0.8775,high,high,0
Lumen,0.7452,0.7950,0.1763,-0.0497,0.0000,0.4813,0.9164,high,high,0
Lumen,0.7451,0.7948,0.1715,-0.0497,0.0000,0.4813,0.9458,high,high,0
Lumen,0.7449,0.7946,0.1701,-0.0497,0.0000,0.4813,0.9499,high,high,0
Lumen,0.7449,0.7946,0.1686,-0.0497,0.0000,0.4814,0.9528,high,high,0
Lumen,0.7449,0.7946,0.1666,-0.0497,0.0000,0.4814,0.9525,high,high,0
Lumen,0.7450,0.7946,0.1657,-0.0497,0.0000,0.4814,0.9506,high,high,0
Lumen,0.7450,0.7946,0.1652,-0.0497,0.0000,0.4814,0.9488,high,high,0
Lumen,0.7450,0.7946,0.1647,-0.0497,0.0000,0.4814,0.9467,high,high,0
Lumen,0.7449,0.7945,0.1648,-0.0497,0.0000,0.4815,0.9466,high,high,0
Lumen,0.7448,0.7945,0.1649,-0.0497,0.0000,0.4815,0.9465,high,high,0
Lumen,0.7447,0.7943,0.1651,-0.0497,0.0000,0.4815,0.9462,high,high,0
Lumen,0.7446,0.7943,0.1653,-0.0497,0.0000,0.4815,0.9462,high,high,0
Lumen,0.7444,0.7940,0.1661,-0.0497,0.0000,0.4815,0.9463,high,high,0
Lumen,0.7490,0.7727,0.1603,-0.0371,0.2717,0.4815,0.7585,high,high,0
Lumen,0.7515,0.7726,0.1588,-0.0367,0.2787,0.4817,0.7504,high,high,0
Lumen,0.7416,0.7836,0.2089,-0.0343,0.0000,0.4821,0.6255,high,high,0
Lumen,0.7437,0.7911,0.2514,-0.0439,0.0000,0.4818,0.2911,boundary,low,1
Lumen,0.7438,0.7914,0.2579,-0.0446,0.0000,0.4817,0.2370,boundary,low,1
Lumen,0.7437,0.7915,0.2539,-0.0449,0.0000,0.4817,0.2708,boundary,low,1
Lumen,0.7438,0.7917,0.2470,-0.0455,0.0000,0.4816,0.3289,high,low,1
Lumen,0.7440,0.7921,0.2385,-0.0462,0.0000,0.4815,0.4001,high,boundary,1
Lumen,0.7441,0.7924,0.2269,-0.0466,0.0000,0.4814,0.4978,high,high,0
Lumen,0.7442,0.7925,0.2188,-0.0469,0.0000,0.4814,0.5656,high,high,0
Lumen,0.7442,0.7928,0.2057,-0.0473,0.0000,0.4813,0.6746,high,high,0
Lumen,0.7450,0.7935,0.1927,-0.0476,0.0000,0.4813,0.7827,high,high,0
Lumen,0.7449,0.7936,0.1855,-0.0478,0.0000,0.4813,0.8408,high,high,0
Lumen,0.7449,0.7938,0.1771,-0.0481,0.0000,0.4813,0.9055,high,high,0
Lumen,0.7448,0.7938,0.1738,-0.0482,0.0000,0.4813,0.9267,high,high,0
Lumen,0.7443,0.7935,0.1732,-0.0484,0.0000,0.4814,0.9274,high,high,0
Lumen,0.7443,0.7935,0.1704,-0.0486,0.0000,0.4814,0.9396,high,high,0
Lumen,0.7448,0.7940,0.1676,-0.0487,0.0000,0.4814,0.9480,high,high,0
Lumen,0.7446,0.7939,0.1672,-0.0488,0.0000,0.4814,0.9470,high,high,0
Lumen,0.7442,0.7936,0.1679,-0.0490,0.0000,0.4814,0.9439,high,high,0
Lumen,0.7441,0.7935,0.1676,-0.0490,0.0000,0.4815,0.9435,high,high,0
Lumen,0.7440,0.7934,0.1678,-0.0491,0.0000,0.4815,0.9422,high,high,0
Lumen,0.7437,0.7931,0.1686,-0.0492,0.0000,0.4815,0.9387,high,high,0
Lumen,0.7437,0.7930,0.1684,-0.0492,0.1496,0.4815,0.9386,high,high,0
Lumen,0.7437,0.7930,0.1681,-0.0493,0.0000,0.4815,0.9385,high,high,0
Lumen,0.7437,0.7930,0.1680,-0.0493,0.0000,0.4815,0.9383,high,high,0
Lumen,0.7438,0.7931,0.1675,-0.0493,0.0000,0.4815,0.9391,high,high,0
Lumen,0.7439,0.7931,0.1672,-0.0493,0.0000,0.4815,0.9396,high,high,0
Lumen,0.7440,0.7932,0.1669,-0.0492,0.0000,0.4815,0.9400,high,high,0
Lumen,0.7440,0.7932,0.1669,-0.0492,0.0000,0.4815,0.9400,high,high,0
Lumen,0.7440,0.7933,0.1666,-0.0492,0.0000,0.4815,0.9404,high,high,0
Lumen,0.7442,0.7934,0.1659,-0.0492,0.0000,0.4815,0.9408,high,high,0
Lumen,0.7445,0.7937,0.1649,-0.0492,0.0000,0.4814,0.9404,high,high,0
Lumen,0.7448,0.7939,0.1642,-0.0492,0.0000,0.4814,0.9398,high,high,0
Lumen,0.7450,0.7942,0.1635,-0.0492,0.0000,0.4815,0.9383,high,high,0
Lumen,0.7460,0.7951,0.1617,-0.0492,0.0000,0.4815,0.9332,high,high,0
Lumen,0.7459,0.7952,0.1619,-0.0492,0.0000,0.4815,0.9349,high,high,0
Lumen,0.7459,0.7952,0.1619,-0.0492,0.0000,0.4815,0.9351,high,high,0
Lumen,0.7458,0.7953,0.1618,-0.0493,0.0000,0.4815,0.9352,high,high,0
Lumen,0.7458,0.7953,0.1619,-0.0493,0.0000,0.4815,0.9356,high,high,0
Lumen,0.7457,0.7952,0.1622,-0.0493,0.0000,0.4815,0.9373,high,high,0
Lumen,0.7456,0.7952,0.1624,-0.0494,0.0000,0.4815,0.9384,high,high,0
Lumen,0.7454,0.7951,0.1630,-0.0494,0.0000,0.4815,0.9411,high,high,0
Lumen,0.7453,0.7950,0.1632,-0.0495,0.0000,0.4815,0.9421,high,high,0
Lumen,0.7452,0.7949,0.1635,-0.0495,0.0000,0.4815,0.9430,high,high,0
Lumen,0.7451,0.7948,0.1638,-0.0495,0.0000,0.4815,0.9440,high,high,0
Lumen,0.7451,0.7947,0.1640,-0.0496,0.1411,0.4815,0.9443,high,high,0
Lumen,0.7451,0.7947,0.1637,-0.0496,0.0000,0.4815,0.9433,high,high,0
Lumen,0.7451,0.7947,0.1636,-0.0496,0.0000,0.4815,0.9427,high,high,0
Lumen,0.7451,0.7947,0.1637,-0.0496,0.1184,0.4815,0.9428,high,high,0
Lumen,0.7450,0.7946,0.1640,-0.0496,0.0000,0.4815,0.9438,high,high,0
Lumen,0.7451,0.7947,0.1638,-0.0496,0.0000,0.4815,0.9430,high,high,0
Lumen,0.7451,0.7947,0.1637,-0.0496,0.0000,0.4815,0.9428,high,high,0
Lumen,0.7450,0.7946,0.1639,-0.0496,0.0000,0.4815,0.9433,high,high,0
Lumen,0.7451,0.7947,0.1644,-0.0496,0.0000,0.4815,0.9463,high,high,0
Lumen,0.7451,0.7947,0.1648,-0.0496,0.0000,0.4815,0.9477,high,high,0
Lumen,0.7451,0.7947,0.1646,-0.0496,0.0000,0.4815,0.9467,high,high,0
Lumen,0.7446,0.7942,0.1666,-0.0496,0.1497,0.4816,0.9491,high,high,0
Lumen,0.7445,0.7942,0.1714,-0.0496,0.0000,0.4816,0.9412,high,high,0
Lumen,0.7445,0.7942,0.1784,-0.0496,0.1497,0.4816,0.8975,high,high,0
Lumen,0.7447,0.7942,0.1849,-0.0496,0.0000,0.4815,0.8474,high,high,0
Lumen,0.7442,0.7938,0.1898,-0.0496,0.0000,0.4815,0.8072,high,high,0
Lumen,0.7445,0.7940,0.2002,-0.0496,0.0000,0.4815,0.7224,high,high,0
Lumen,0.7446,0.7941,0.2039,-0.0496,0.0000,0.4815,0.6918,high,high,0
Lumen,0.7446,0.7940,0.2105,-0.0495,0.0000,0.4815,0.6362,high,high,0
Lumen,0.7447,0.7941,0.2148,-0.0495,0.0000,0.4815,0.6007,high,high,0
Lumen,0.7448,0.7942,0.2224,-0.0495,0.0156,0.4814,0.5375,high,high,0
Lumen,0.7447,0.7941,0.2327,-0.0495,0.0571,0.4814,0.4512,high,high,0
Lumen,0.7448,0.7942,0.2406,-0.0495,0.0911,0.4814,0.3848,high,low,1
Lumen,0.7449,0.7943,0.2538,-0.0494,0.1402,0.4814,0.2740,boundary,low,1
Lumen,0.7450,0.7943,0.2587,-0.0494,0.1539,0.4814,0.2330,boundary,low,1
Lumen,0.7516,0.7686,0.1691,-0.0360,0.2756,0.4820,0.7290,high,high,0
Lumen,0.7461,0.7728,0.2825,-0.0059,0.0000,0.4828,0.0069,boundary,low,1
Lumen,0.7456,0.7896,0.2737,-0.0276,0.1500,0.4825,0.1035,boundary,low,1
Lumen,0.7460,0.7956,0.2891,-0.0375,0.0000,0.4819,0.0000,boundary,low,1
Lumen,0.7457,0.7974,0.2992,-0.0428,0.1499,0.4816,0.0000,boundary,low,1
Lumen,0.7457,0.7979,0.2913,-0.0446,0.1498,0.4813,0.0000,boundary,low,1
Lumen,0.7456,0.7983,0.2730,-0.0461,0.0000,0.4811,0.1136,boundary,low,1
Lumen,0.7456,0.7987,0.2463,-0.0474,0.0000,0.4810,0.3385,high,low,1
Lumen,0.7455,0.7988,0.2388,-0.0480,0.0000,0.4810,0.4016,high,boundary,1
Lumen,0.7455,0.7991,0.2263,-0.0490,0.0000,0.4809,0.5070,high,high,0
Lumen,0.7455,0.7993,0.2212,-0.0495,0.0000,0.4809,0.5501,high,high,0
Lumen,0.7453,0.7993,0.2178,-0.0500,0.0000,0.4809,0.5791,high,high,0
Lumen,0.7453,0.7995,0.2140,-0.0504,0.0000,0.4809,0.6111,high,high,0
Lumen,0.7449,0.7994,0.2097,-0.0512,0.0000,0.4809,0.6471,high,high,0
Lumen,0.7449,0.8006,0.2011,-0.0520,0.0000,0.4808,0.7198,high,high,0
Lumen,0.7449,0.8016,0.1908,-0.0528,0.0000,0.4807,0.8061,high,high,0
Lumen,0.7447,0.8022,0.1810,-0.0540,0.1500,0.4807,0.8875,high,high,0
Lumen,0.7436,0.8016,0.1803,-0.0548,0.0000,0.4808,0.8931,high,high,0
Lumen,0.7438,0.8020,0.1747,-0.0557,0.0000,0.4808,0.9381,high,high,0
Lumen,0.7434,0.8017,0.1752,-0.0559,0.0000,0.4808,0.9344,high,high,0
Lumen,0.7543,0.7747,0.1568,-0.0374,0.2794,0.4813,0.7555,high,high,0
Lumen,0.7470,0.7834,0.1651,-0.0148,0.1500,0.4818,0.8573,high,high,0
Lumen,0.7456,0.7942,0.1770,-0.0343,0.0000,0.4816,0.9081,high,high,0
Lumen,0.7450,0.7975,0.2044,-0.0426,0.0000,0.4815,0.6908,high,high,0
Lumen,0.7556,0.7743,0.1641,-0.0363,0.2707,0.4819,0.7643,high,high,0
Lumen,0.7474,0.7809,0.2677,-0.0122,0.1500,0.4825,0.1425,boundary,low,1
Lumen,0.7515,0.7739,0.1666,-0.0351,0.2724,0.4824,0.7729,high,high,0
Lumen,0.7537,0.7739,0.1702,-0.0347,0.2835,0.4827,0.7676,high,high,0
Lumen,0.7419,0.7778,0.3091,-0.0270,0.0000,0.4827,0.0000,boundary,low,1
Lumen,0.7459,0.7978,0.3280,-0.0448,0.0000,0.4828,0.0000,boundary,low,1
Lumen,0.7459,0.8000,0.3217,-0.0499,0.0000,0.4822,0.0000,boundary,low,1
Lumen,0.7456,0.8002,0.3070,-0.0510,0.0000,0.4819,0.0000,boundary,low,1
Lumen,0.7455,0.8002,0.2714,-0.0520,0.0000,0.4814,0.1269,boundary,low,1
Lumen,0.7454,0.8002,0.2418,-0.0525,0.0000,0.4813,0.3762,high,low,1
Lumen,0.7452,0.8002,0.2242,-0.0532,0.1499,0.4811,0.5249,high,high,0
Lumen,0.7453,0.8003,0.2194,-0.0534,0.0000,0.4811,0.5652,high,high,0
Lumen,0.7451,0.8003,0.2104,-0.0539,0.0000,0.4810,0.6410,high,high,0
Lumen,0.7451,0.8005,0.2078,-0.0540,0.0000,0.4810,0.6633,high,high,0
Lumen,0.7450,0.8006,0.1943,-0.0544,0.1499,0.4810,0.7769,high,high,0
Lumen,0.7450,0.8007,0.1858,-0.0546,0.0000,0.4810,0.8481,high,high,0
Lumen,0.7452,0.8010,0.1781,-0.0549,0.0000,0.4811,0.9128,high,high,0
Lumen,0.7452,0.8010,0.1764,-0.0550,0.0000,0.4811,0.9273,high,high,0
Lumen,0.7449,0.8009,0.1727,-0.0553,0.0000,0.4811,0.9576,high,high,0
Lumen,0.7449,0.8009,0.1714,-0.0553,0.0000,0.4811,0.9684,high,high,0
Lumen,0.7447,0.8009,0.1690,-0.0555,0.1499,0.4811,0.9865,high,high,0
Lumen,0.7447,0.8009,0.1667,-0.0558,0.0000,0.4811,0.9873,high,high,0
Lumen,0.7459,0.8019,0.1641,-0.0558,0.1499,0.4811,0.9648,high,high,0
Lumen,0.7454,0.8016,0.1654,-0.0559,0.0000,0.4812,0.9764,high,high,0
Lumen,0.7443,0.8007,0.1694,-0.0560,0.1500,0.4812,0.9828,high,high,0
Lumen,0.7444,0.8008,0.1768,-0.0560,0.1499,0.4813,0.9234,high,high,0
Lumen,0.7443,0.8007,0.1826,-0.0561,0.0000,0.4812,0.8748,high,high,0
Lumen,0.7445,0.8009,0.1907,-0.0561,0.0000,0.4812,0.8072,high,high,0
Lumen,0.7443,0.8007,0.2101,-0.0562,0.0000,0.4812,0.6432,high,high,0
Lumen,0.7444,0.8008,0.2248,-0.0562,0.0000,0.4811,0.5199,high,high,0
Lumen,0.7444,0.8007,0.2430,-0.0563,0.0000,0.4811,0.3666,high,low,1
Lumen,0.7446,0.8009,0.2492,-0.0563,0.0000,0.4811,0.3143,high,low,1
Lumen,0.7444,0.8008,0.2532,-0.0563,0.0000,0.4811,0.2808,boundary,low,1
Lumen,0.7446,0.8009,0.2534,-0.0563,0.0000,0.4811,0.2790,boundary,low,1
Lumen,0.7445,0.8008,0.2468,-0.0563,0.0000,0.4810,0.3341,high,low,1
Lumen,0.7445,0.8009,0.2437,-0.0563,0.0000,0.4810,0.3602,high,low,1
Lumen,0.7443,0.8007,0.2280,-0.0563,0.0000,0.4809,0.4929,high,high,0
Lumen,0.7443,0.8007,0.2231,-0.0563,0.0000,0.4809,0.5342,high,high,0
Lumen,0.7443,0.8006,0.2194,-0.0563,0.0000,0.4809,0.5653,high,high,0
Lumen,0.7443,0.8007,0.2020,-0.0563,0.0000,0.4809,0.7117,high,high,0
Lumen,0.7444,0.8008,0.1962,-0.0563,0.0000,0.4809,0.7603,high,high,0
Lumen,0.7444,0.8008,0.1915,-0.0563,0.0000,0.4809,0.8002,high,high,0
Lumen,0.7440,0.8005,0.1855,-0.0564,0.0000,0.4809,0.8504,high,high,0
Lumen,0.7441,0.8005,0.1823,-0.0564,0.0000,0.4809,0.8774,high,high,0
Lumen,0.7440,0.8005,0.1780,-0.0564,0.0000,0.4809,0.9130,high,high,0
Lumen,0.7440,0.8004,0.1748,-0.0564,0.0000,0.4809,0.9399,high,high,0
Lumen,0.7441,0.8006,0.1719,-0.0564,0.0000,0.4809,0.9635,high,high,0
Lumen,0.7442,0.8007,0.1692,-0.0564,0.1493,0.4810,0.9835,high,high,0
Lumen,0.7445,0.8010,0.1672,-0.0564,0.0000,0.4810,0.9882,high,high,0
Lumen,0.7444,0.8010,0.1666,-0.0564,0.0000,0.4811,0.9849,high,high,0
Lumen,0.7446,0.8012,0.1656,-0.0565,0.0000,0.4811,0.9786,high,high,0
Lumen,0.7445,0.8011,0.1656,-0.0565,0.0000,0.4811,0.9780,high,high,0
Lumen,0.7447,0.8013,0.1649,-0.0565,0.0000,0.4811,0.9726,high,high,0
Lumen,0.7445,0.8011,0.1654,-0.0565,0.0000,0.4811,0.9765,high,high,0
Lumen,0.7446,0.8013,0.1648,-0.0565,0.0000,0.4811,0.9724,high,high,0
Lumen,0.7444,0.8011,0.1655,-0.0566,0.0000,0.4811,0.9769,high,high,0
Lumen,0.7445,0.8012,0.1650,-0.0566,0.0000,0.4811,0.9735,high,high,0
Lumen,0.7445,0.8012,0.1649,-0.0566,0.1499,0.4811,0.9731,high,high,0
Lumen,0.7447,0.8014,0.1642,-0.0566,0.0000,0.4811,0.9676,high,high,0
Lumen,0.7446,0.8013,0.1646,-0.0566,0.0000,0.4811,0.9705,high,high,0
Lumen,0.7447,0.8014,0.1644,-0.0566,0.0000,0.4811,0.9687,high,high,0
Lumen,0.7445,0.8012,0.1652,-0.0566,0.0000,0.4811,0.9750,high,high,0
Lumen,0.7441,0.8008,0.1667,-0.0567,0.0000,0.4812,0.9841,high,high,0
Lumen,0.7441,0.8008,0.1664,-0.0567,0.0000,0.4812,0.9829,high,high,0
Lumen,0.7444,0.8010,0.1654,-0.0567,0.0000,0.4811,0.9763,high,high,0
Lumen,0.7443,0.8009,0.1657,-0.0567,0.1499,0.4811,0.9786,high,high,0
Lumen,0.7445,0.8011,0.1649,-0.0567,0.0000,0.4811,0.9731,high,high,0
Lumen,0.7446,0.8012,0.1645,-0.0566,0.0000,0.4811,0.9698,high,high,0
Lumen,0.7445,0.8011,0.1650,-0.0566,0.0000,0.4811,0.9736,high,high,0
Lumen,0.7445,0.8011,0.1648,-0.0566,0.0000,0.4811,0.9726,high,high,0
Lumen,0.7444,0.8010,0.1654,-0.0566,0.0000,0.4811,0.9768,high,high,0
Lumen,0.7575,0.7736,0.1578,-0.0339,0.2781,0.4830,0.7402,high,high,0
Lumen,0.7573,0.7734,0.1580,-0.0338,0.2685,0.4831,0.7405,high,high,0
Lumen,0.7574,0.7744,0.1595,-0.0323,0.2751,0.4838,0.7510,high,high,0
Lumen,0.7409,0.7776,0.1701,-0.0278,0.0000,0.4841,0.8056,high,high,0
Lumen,0.7424,0.7879,0.1844,-0.0358,0.1500,0.4839,0.8247,high,high,0
Lumen,0.7432,0.7932,0.2046,-0.0415,0.1000,0.4835,0.6843,high,high,0
Lumen,0.7438,0.7959,0.2139,-0.0452,0.1500,0.4831,0.6101,high,high,0
Lumen,0.7441,0.7972,0.2192,-0.0476,0.0000,0.4827,0.5663,high,high,0
Lumen,0.7443,0.7979,0.2217,-0.0491,0.0000,0.4824,0.5456,high,high,0
Lumen,0.7445,0.7982,0.2233,-0.0500,0.0000,0.4821,0.5318,high,high,0
Lumen,0.7444,0.7982,0.2310,-0.0506,0.0000,0.4820,0.4669,high,high,0
Lumen,0.7444,0.7982,0.2402,-0.0509,0.0000,0.4818,0.3900,high,low,1
Lumen,0.7444,0.7982,0.2478,-0.0512,0.0000,0.4817,0.3258,high,low,1
Lumen,0.7444,0.7982,0.2497,-0.0514,0.0000,0.4816,0.3098,high,low,1
Lumen,0.7444,0.7982,0.2514,-0.0517,0.0000,0.4815,0.2958,boundary,low,1
Lumen,0.7444,0.7982,0.2573,-0.0519,0.0000,0.4814,0.2462,boundary,low,1
Lumen,0.7444,0.7983,0.2669,-0.0521,0.0000,0.4814,0.1652,boundary,low,1
Lumen,0.7445,0.7984,0.2750,-0.0523,0.0000,0.4813,0.0968,boundary,low,1
Lumen,0.7444,0.7985,0.2820,-0.0525,0.0000,0.4812,0.0379,boundary,low,1
Lumen,0.7445,0.7986,0.2830,-0.0526,0.0000,0.4811,0.0293,boundary,low,1
Lumen,0.7445,0.7987,0.2841,-0.0528,0.0000,0.4811,0.0200,boundary,low,1
Lumen,0.7445,0.7987,0.2850,-0.0529,0.0000,0.4810,0.0125,boundary,low,1
Lumen,0.7444,0.7988,0.2858,-0.0531,0.0000,0.4810,0.0061,boundary,low,1
Lumen,0.7444,0.7988,0.2818,-0.0532,0.0000,0.4809,0.0393,boundary,low,1
Lumen,0.7444,0.7989,0.2738,-0.0533,0.0000,0.4809,0.1073,boundary,low,1
Lumen,0.7444,0.7990,0.2621,-0.0535,0.0000,0.4808,0.2051,boundary,low,1
Lumen,0.7443,0.7990,0.2525,-0.0536,0.0000,0.4808,0.2859,boundary,low,1
Lumen,0.7442,0.7989,0.2445,-0.0537,0.0000,0.4808,0.3540,high,low,1
Lumen,0.7441,0.7989,0.2423,-0.0538,0.0000,0.4807,0.3722,high,low,1
Lumen,0.7440,0.7989,0.2360,-0.0539,0.0000,0.4807,0.4250,high,boundary,1
Lumen,0.7438,0.7988,0.2309,-0.0540,0.0000,0.4808,0.4681,high,high,0
Lumen,0.7436,0.7986,0.2267,-0.0541,0.0000,0.4808,0.5031,high,high,0
Lumen,0.7434,0.7985,0.2232,-0.0542,0.1497,0.4808,0.5329,high,high,0
Lumen,0.7432,0.7984,0.2203,-0.0543,0.0000,0.4808,0.5574,high,high,0
Lumen,0.7430,0.7983,0.2178,-0.0544,0.1491,0.4808,0.5778,high,high,0
Lumen,0.7429,0.7982,0.2157,-0.0545,0.0000,0.4808,0.5956,high,high,0
Lumen,0.7427,0.7980,0.2140,-0.0546,0.0000,0.4809,0.6094,high,high,0
Lumen,0.7461,0.7705,0.1661,-0.0384,0.2752,0.4808,0.7500,high,high,0
Lumen,0.7493,0.7706,0.1650,-0.0378,0.2832,0.4811,0.7482,high,high,0
Lumen,0.7390,0.7742,0.1749,-0.0268,0.0000,0.4815,0.7673,high,high,0
Lumen,0.7403,0.7840,0.1895,-0.0344,0.1500,0.4816,0.7681,high,high,0
Lumen,0.7409,0.7889,0.2101,-0.0399,0.1000,0.4815,0.6293,high,high,0
Lumen,0.7412,0.7917,0.2201,-0.0436,0.1500,0.4815,0.5524,high,high,0
Lumen,0.7415,0.7933,0.2251,-0.0460,0.0000,0.4814,0.5130,high,high,0
Lumen,0.7416,0.7942,0.2280,-0.0477,0.0000,0.4813,0.4891,high,high,0
Lumen,0.7417,0.7948,0.2297,-0.0488,0.0000,0.4812,0.4757,high,high,0
Lumen,0.7418,0.7951,0.2368,-0.0494,0.0000,0.4811,0.4166,high,boundary,1
Lumen,0.7418,0.7953,0.2458,-0.0498,0.0000,0.4811,0.3413,high,low,1
Lumen,0.7419,0.7954,0.2535,-0.0502,0.0000,0.4811,0.2762,boundary,low,1
Lumen,0.7419,0.7955,0.2601,-0.0506,0.0000,0.4810,0.2209,boundary,low,1
Lumen,0.7419,0.7956,0.2609,-0.0509,0.0000,0.4810,0.2141,boundary,low,1
Lumen,0.7419,0.7957,0.2662,-0.0512,0.0000,0.4810,0.1696,boundary,low,1
Lumen,0.7420,0.7958,0.2753,-0.0514,0.0000,0.4809,0.0931,boundary,low,1
Lumen,0.7421,0.7960,0.2828,-0.0517,0.0000,0.4809,0.0300,boundary,low,1
Lumen,0.7421,0.7961,0.2894,-0.0519,0.0000,0.4809,0.0000,boundary,low,1
Lumen,0.7422,0.7963,0.2901,-0.0521,0.0000,0.4808,0.0000,boundary,low,1
Lumen,0.7423,0.7964,0.2908,-0.0523,0.0000,0.4808,0.0000,boundary,low,1
Lumen,0.7423,0.7965,0.2914,-0.0525,0.0000,0.4808,0.0000,boundary,low,1
Lumen,0.7422,0.7965,0.2877,-0.0527,0.0000,0.4807,0.0000,boundary,low,1
Lumen,0.7422,0.7965,0.2844,-0.0529,0.0000,0.4807,0.0168,boundary,low,1
Lumen,0.7421,0.7966,0.2770,-0.0530,0.0000,0.4807,0.0795,boundary,low,1
Lumen,0.7421,0.7966,0.2660,-0.0532,0.0000,0.4807,0.1720,boundary,low,1
Lumen,0.7421,0.7966,0.2565,-0.0533,0.0000,0.4807,0.2512,boundary,low,1
Lumen,0.7421,0.7966,0.2486,-0.0534,0.0000,0.4806,0.3181,high,low,1
Lumen,0.7420,0.7967,0.2465,-0.0535,0.0000,0.4806,0.3358,high,low,1
Lumen,0.7420,0.7967,0.2399,-0.0537,0.0000,0.4806,0.3909,high,low,1
Lumen,0.7420,0.7967,0.2346,-0.0538,0.0000,0.4806,0.4356,high,boundary,1
Lumen,0.7420,0.7967,0.2299,-0.0539,0.0000,0.4807,0.4754,high,high,0
Lumen,0.7419,0.7967,0.2260,-0.0540,0.0000,0.4807,0.5079,high,high,0
Lumen,0.7420,0.7968,0.2225,-0.0540,0.0000,0.4807,0.5371,high,high,0
Lumen,0.7420,0.7969,0.2194,-0.0541,0.0000,0.4807,0.5632,high,high,0
Lumen,0.7420,0.7969,0.2168,-0.0542,0.0000,0.4807,0.5854,high,high,0
Lumen,0.7421,0.7970,0.2144,-0.0543,0.0000,0.4807,0.6058,high,high,0
Lumen,0.7422,0.7971,0.2077,-0.0543,0.0000,0.4807,0.6620,high,high,0
Lumen,0.7423,0.7972,0.2020,-0.0544,0.0000,0.4807,0.7101,high,high,0
Lumen,0.7424,0.7973,0.1970,-0.0545,0.0000,0.4807,0.7518,high,high,0
Lumen,0.7426,0.7975,0.1923,-0.0545,0.0000,0.4807,0.7911,high,high,0
Lumen,0.7425,0.7975,0.1893,-0.0546,0.0000,0.4808,0.8159,high,high,0
Lumen,0.7424,0.7975,0.1867,-0.0546,0.0000,0.4808,0.8377,high,high,0
Lumen,0.7423,0.7974,0.1846,-0.0547,0.0000,0.4808,0.8542,high,high,0
Lumen,0.7422,0.7974,0.1830,-0.0547,0.1499,0.4809,0.8674,high,high,0
Lumen,0.7422,0.7973,0.1815,-0.0547,0.0000,0.4809,0.8791,high,high,0
Lumen,0.7421,0.7973,0.1802,-0.0548,0.0000,0.4809,0.8893,high,high,0
Lumen,0.7420,0.7972,0.1792,-0.0548,0.0000,0.4809,0.8967,high,high,0
Lumen,0.7419,0.7971,0.1785,-0.0549,0.0000,0.4809,0.9018,high,high,0
Lumen,0.7419,0.7971,0.1778,-0.0549,0.0000,0.4810,0.9069,high,high,0
Lumen,0.7417,0.7969,0.1778,-0.0549,0.1498,0.4810,0.9066,high,high,0
Lumen,0.7415,0.7968,0.1776,-0.0550,0.0000,0.4810,0.9070,high,high,0
Lumen,0.7414,0.7967,0.1774,-0.0550,0.0000,0.4810,0.9081,high,high,0
Lumen,0.7414,0.7966,0.1772,-0.0550,0.0000,0.4810,0.9090,high,high,0
Lumen,0.7413,0.7966,0.1769,-0.0550,0.0000,0.4810,0.9110,high,high,0
Lumen,0.7413,0.7965,0.1768,-0.0551,0.0000,0.4810,0.9116,high,high,0
Lumen,0.7416,0.7967,0.1754,-0.0551,0.1499,0.4810,0.9229,high,high,0
Lumen,0.7415,0.7967,0.1753,-0.0551,0.0000,0.4810,0.9229,high,high,0
Lumen,0.7414,0.7966,0.1754,-0.0551,0.1496,0.4810,0.9217,high,high,0
Lumen,0.7414,0.7965,0.1756,-0.0551,0.0000,0.4810,0.9201,high,high,0
Lumen,0.7413,0.7964,0.1757,-0.0551,0.0000,0.4810,0.9187,high,high,0
Lumen,0.7412,0.7963,0.1758,-0.0551,0.0000,0.4810,0.9174,high,high,0
Lumen,0.7411,0.7963,0.1759,-0.0551,0.0000,0.4810,0.9166,high,high,0
Lumen,0.7411,0.7962,0.1760,-0.0551,0.0000,0.4810,0.9152,high,high,0
Lumen,0.7410,0.7961,0.1761,-0.0551,0.0000,0.4810,0.9143,high,high,0
Lumen,0.7410,0.7960,0.1762,-0.0551,0.0000,0.4810,0.9130,high,high,0
Lumen,0.7409,0.7960,0.1764,-0.0551,0.0000,0.4810,0.9112,high,high,0
Lumen,0.7409,0.7959,0.1765,-0.0551,0.0000,0.4810,0.9104,high,high,0
Lumen,0.7408,0.7959,0.1765,-0.0551,0.0000,0.4810,0.9097,high,high,0
Lumen,0.7408,0.7958,0.1765,-0.0551,0.0000,0.4810,0.9097,high,high,0
Lumen,0.7408,0.7958,0.1766,-0.0551,0.0000,0.4810,0.9086,high,high,0
Lumen,0.7407,0.7957,0.1767,-0.0551,0.0000,0.4810,0.9075,high,high,0
Lumen,0.7407,0.7957,0.1768,-0.0550,0.0000,0.4810,0.9068,high,high,0
Lumen,0.7407,0.7956,0.1767,-0.0550,0.0000,0.4810,0.9070,high,high,0
Lumen,0.7407,0.7956,0.1768,-0.0550,0.0000,0.4810,0.9065,high,high,0
Lumen,0.7406,0.7955,0.1769,-0.0550,0.0000,0.4810,0.9051,high,high,0
Lumen,0.7406,0.7955,0.1771,-0.0550,0.0000,0.4810,0.9039,high,high,0
Lumen,0.7405,0.7954,0.1772,-0.0550,0.0000,0.4810,0.9029,high,high,0
Lumen,0.7405,0.7954,0.1772,-0.0550,0.0000,0.4810,0.9023,high,high,0
Lumen,0.7404,0.7953,0.1778,-0.0550,0.1498,0.4810,0.8976,high,high,0
Lumen,0.7404,0.7952,0.1777,-0.0550,0.0000,0.4810,0.8976,high,high,0
Lumen,0.7404,0.7952,0.1777,-0.0550,0.1497,0.4810,0.8982,high,high,0
Lumen,0.7404,0.7952,0.1777,-0.0549,0.0000,0.4810,0.8980,high,high,0
Lumen,0.7404,0.7952,0.1775,-0.0549,0.1496,0.4810,0.8991,high,high,0
Lumen,0.7404,0.7952,0.1774,-0.0549,0.0000,0.4810,0.9000,high,high,0
Lumen,0.7404,0.7952,0.1773,-0.0549,0.0000,0.4810,0.9011,high,high,0
Lumen,0.7404,0.7952,0.1773,-0.0549,0.0000,0.4810,0.9007,high,high,0
Lumen,0.7402,0.7951,0.1781,-0.0549,0.1499,0.4810,0.8942,high,high,0
Lumen,0.7401,0.7949,0.1787,-0.0549,0.0000,0.4810,0.8890,high,high,0
Lumen,0.7399,0.7947,0.1794,-0.0549,0.0000,0.4810,0.8829,high,high,0
Lumen,0.7398,0.7946,0.1797,-0.0549,0.0000,0.4811,0.8799,high,high,0
Lumen,0.7397,0.7945,0.1800,-0.0549,0.0000,0.4811,0.8773,high,high,0
Lumen,0.7396,0.7944,0.1805,-0.0549,0.0000,0.4811,0.8726,high,high,0
Lumen,0.7395,0.7943,0.1808,-0.0549,0.0000,0.4811,0.8702,high,high,0
Lumen,0.7394,0.7942,0.1811,-0.0549,0.0000,0.4811,0.8677,high,high,0
Lumen,0.7393,0.7941,0.1816,-0.0548,0.0000,0.4811,0.8629,high,high,0
Lumen,0.7391,0.7939,0.1820,-0.0548,0.0000,0.4811,0.8590,high,high,0
Lumen,0.7390,0.7938,0.1824,-0.0548,0.0000,0.4811,0.8555,high,high,0
Lumen,0.7390,0.7937,0.1827,-0.0548,0.0000,0.4811,0.8531,high,high,0
Lumen,0.7389,0.7936,0.1830,-0.0548,0.0000,0.4810,0.8504,high,high,0
Lumen,0.7388,0.7935,0.1833,-0.0548,0.0000,0.4810,0.8475,high,high,0
Lumen,0.7387,0.7934,0.1834,-0.0548,0.0000,0.4810,0.8463,high,high,0
Lumen,0.7387,0.7933,0.1834,-0.0548,0.0000,0.4810,0.8461,high,high,0
Lumen,0.7386,0.7932,0.1838,-0.0548,0.0000,0.4810,0.8426,high,high,0
Lumen,0.7386,0.7932,0.1838,-0.0547,0.0000,0.4810,0.8426,high,high,0
Lumen,0.7386,0.7931,0.1838,-0.0547,0.1493,0.4810,0.8420,high,high,0
Lumen,0.7385,0.7931,0.1839,-0.0547,0.0000,0.4810,0.8413,high,high,0
Lumen,0.7385,0.7930,0.1840,-0.0547,0.0000,0.4810,0.8397,high,high,0
Lumen,0.7384,0.7929,0.1844,-0.0547,0.0000,0.4810,0.8368,high,high,0
Lumen,0.7383,0.7928,0.1848,-0.0546,0.0000,0.4810,0.8327,high,high,0
Lumen,0.7382,0.7927,0.1850,-0.0546,0.0000,0.4810,0.8309,high,high,0
Lumen,0.7381,0.7926,0.1852,-0.0546,0.0000,0.4810,0.8289,high,high,0
Lumen,0.7381,0.7925,0.1854,-0.0546,0.0000,0.4810,0.8271,high,high,0
Lumen,0.7381,0.7925,0.1854,-0.0546,0.0000,0.4810,0.8267,high,high,0
Lumen,0.7380,0.7924,0.1855,-0.0546,0.1493,0.4810,0.8258,high,high,0
Lumen,0.7380,0.7924,0.1856,-0.0545,0.0000,0.4810,0.8246,high,high,0
Lumen,0.7380,0.7924,0.1854,-0.0545,0.0000,0.4810,0.8262,high,high,0
Lumen,0.7381,0.7924,0.1852,-0.0545,0.0000,0.4810,0.8280,high,high,0
Lumen,0.7381,0.7924,0.1849,-0.0545,0.0000,0.4810,0.8307,high,high,0
Lumen,0.7382,0.7924,0.1848,-0.0545,0.0000,0.4810,0.8315,high,high,0
Lumen,0.7382,0.7924,0.1847,-0.0544,0.0000,0.4810,0.8320,high,high,0
Lumen,0.7382,0.7924,0.1847,-0.0544,0.0000,0.4810,0.8321,high,high,0
Lumen,0.7381,0.7923,0.1850,-0.0544,0.1497,0.4810,0.8297,high,high,0
Lumen,0.7381,0.7923,0.1851,-0.0544,0.0000,0.4810,0.8282,high,high,0
Lumen,0.7381,0.7923,0.1850,-0.0544,0.0000,0.4810,0.8298,high,high,0
Lumen,0.7381,0.7923,0.1849,-0.0543,0.0000,0.4810,0.8304,high,high,0
Lumen,0.7382,0.7924,0.1846,-0.0543,0.1387,0.4810,0.8323,high,high,0
Lumen,0.7382,0.7924,0.1845,-0.0543,0.0000,0.4810,0.8332,high,high,0
Lumen,0.7382,0.7924,0.1845,-0.0543,0.0000,0.4810,0.8340,high,high,0
Lumen,0.7382,0.7924,0.1845,-0.0543,0.0000,0.4810,0.8338,high,high,0
Lumen,0.7382,0.7924,0.1845,-0.0543,0.1494,0.4810,0.8338,high,high,0
Lumen,0.7382,0.7924,0.1846,-0.0543,0.1496,0.4810,0.8327,high,high,0
Lumen,0.7381,0.7923,0.1847,-0.0543,0.0000,0.4810,0.8315,high,high,0
Lumen,0.7386,0.7927,0.1830,-0.0542,0.0000,0.4809,0.8468,high,high,0
Lumen,0.7386,0.7927,0.1833,-0.0542,0.0000,0.4809,0.8445,high,high,0
Lumen,0.7386,0.7927,0.1835,-0.0542,0.1499,0.4810,0.8430,high,high,0
Lumen,0.7385,0.7927,0.1836,-0.0542,0.0000,0.4810,0.8422,high,high,0
Lumen,0.7385,0.7926,0.1838,-0.0542,0.0000,0.4810,0.8399,high,high,0
Lumen,0.7385,0.7926,0.1837,-0.0542,0.0000,0.4810,0.8407,high,high,0
Lumen,0.7385,0.7926,0.1838,-0.0542,0.1493,0.4810,0.8403,high,high,0
Lumen,0.7522,0.7675,0.1643,-0.0366,0.2979,0.4817,0.7180,high,high,0
Lumen,0.7542,0.7670,0.1639,-0.0355,0.2810,0.4823,0.7094,high,high,0
Lumen,0.7531,0.7682,0.1647,-0.0329,0.2834,0.4835,0.7222,high,high,0
Lumen,0.7447,0.7595,0.1805,0.0063,0.1500,0.4841,0.6418,high,high,0
Lumen,0.7420,0.7743,0.1973,-0.0111,0.1500,0.4840,0.6687,high,high,0
Lumen,0.7409,0.7821,0.2044,-0.0231,0.1000,0.4836,0.6548,high,high,0
Lumen,0.7403,0.7862,0.2083,-0.0311,0.1500,0.4832,0.6365,high,high,0
Lumen,0.7398,0.7884,0.2110,-0.0364,0.1500,0.4827,0.6203,high,high,0
Lumen,0.7395,0.7895,0.2124,-0.0398,0.1498,0.4824,0.6108,high,high,0
Lumen,0.7395,0.7902,0.2208,-0.0420,0.0000,0.4821,0.5431,high,high,0
Lumen,0.7394,0.7905,0.2319,-0.0433,0.0000,0.4819,0.4513,high,high,0
Lumen,0.7395,0.7906,0.2386,-0.0441,0.0000,0.4817,0.3963,high,low,1
Lumen,0.7395,0.7907,0.2442,-0.0448,0.0000,0.4816,0.3495,high,low,1
Lumen,0.7395,0.7921,0.2443,-0.0456,0.0000,0.4814,0.3501,high,low,1
Lumen,0.7394,0.7937,0.2494,-0.0465,0.1500,0.4811,0.3086,high,low,1
Lumen,0.7393,0.7953,0.2581,-0.0474,0.0000,0.4808,0.2362,boundary,low,1
Lumen,0.7393,0.7967,0.2656,-0.0484,0.0000,0.4805,0.1741,boundary,low,1
Lumen,0.7392,0.7979,0.2721,-0.0495,0.0000,0.4803,0.1193,boundary,low,1
Lumen,0.7391,0.7991,0.2730,-0.0505,0.0000,0.4801,0.1120,boundary,low,1
Lumen,0.7390,0.8002,0.2689,-0.0516,0.0000,0.4800,0.1469,boundary,low,1
Lumen,0.7390,0.8012,0.2653,-0.0526,0.0000,0.4799,0.1764,boundary,low,1
Lumen,0.7389,0.8021,0.2625,-0.0537,0.0000,0.4798,0.1999,boundary,low,1
Lumen,0.7388,0.8030,0.2599,-0.0548,0.0000,0.4797,0.2222,boundary,low,1
Lumen,0.7388,0.8038,0.2530,-0.0558,0.0000,0.4797,0.2792,boundary,low,1
Lumen,0.7388,0.8046,0.2424,-0.0568,0.0000,0.4796,0.3679,high,low,1
Lumen,0.7387,0.8053,0.2383,-0.0578,0.0000,0.4796,0.4017,high,boundary,1
Lumen,0.7386,0.8059,0.2348,-0.0587,0.0000,0.4796,0.4303,high,boundary,1
Lumen,0.7385,0.8065,0.2319,-0.0597,0.0000,0.4796,0.4545,high,high,0
Lumen,0.7385,0.8071,0.2291,-0.0606,0.0000,0.4796,0.4766,high,high,0
Lumen,0.7385,0.8077,0.2267,-0.0614,0.0000,0.4796,0.4962,high,high,0
Lumen,0.7385,0.8082,0.2245,-0.0622,0.0000,0.4796,0.5139,high,high,0
Lumen,0.7385,0.8087,0.2229,-0.0630,0.0000,0.4796,0.5264,high,high,0
Lumen,0.7385,0.8091,0.2214,-0.0638,0.0000,0.4796,0.5381,high,high,0
Lumen,0.7385,0.8095,0.2202,-0.0645,0.0000,0.4796,0.5476,high,high,0
Lumen,0.7384,0.8099,0.2145,-0.0652,0.0000,0.4796,0.5938,high,high,0
Lumen,0.7384,0.8102,0.2099,-0.0659,0.0000,0.4796,0.6307,high,high,0
Lumen,0.7384,0.8105,0.2057,-0.0665,0.0000,0.4796,0.6635,high,high,0
Lumen,0.7384,0.8108,0.2020,-0.0671,0.0000,0.4796,0.6920,high,high,0
Lumen,0.7384,0.8111,0.1991,-0.0677,0.0000,0.4796,0.7145,high,high,0
Lumen,0.7384,0.8114,0.1965,-0.0682,0.0000,0.4796,0.7334,high,high,0
Lumen,0.7384,0.8116,0.1945,-0.0687,0.0000,0.4797,0.7484,high,high,0
Lumen,0.7384,0.8118,0.1926,-0.0692,0.0000,0.4797,0.7617,high,high,0
Lumen,0.7384,0.8120,0.1910,-0.0696,0.0000,0.4797,0.7726,high,high,0
Lumen,0.7384,0.8121,0.1898,-0.0700,0.0000,0.4797,0.7808,high,high,0
Lumen,0.7383,0.8123,0.1888,-0.0704,0.0000,0.4797,0.7867,high,high,0
Lumen,0.7382,0.8123,0.1882,-0.0708,0.1498,0.4797,0.7904,high,high,0
Lumen,0.7382,0.8125,0.1874,-0.0711,0.0000,0.4798,0.7953,high,high,0
Lumen,0.7382,0.8126,0.1867,-0.0715,0.0000,0.4798,0.7996,high,high,0
Lumen,0.7382,0.8127,0.1864,-0.0718,0.0000,0.4798,0.8012,high,high,0
Lumen,0.7381,0.8127,0.1862,-0.0720,0.0000,0.4798,0.8025,high,high,0
Lumen,0.7381,0.8128,0.1859,-0.0723,0.0000,0.4798,0.8039,high,high,0
Lumen,0.7380,0.8128,0.1858,-0.0726,0.0000,0.4798,0.8042,high,high,0
Lumen,0.7379,0.8128,0.1858,-0.0728,0.0000,0.4798,0.8039,high,high,0
Lumen,0.7378,0.8128,0.1859,-0.0730,0.0000,0.4798,0.8031,high,high,0
Lumen,0.7378,0.8128,0.1857,-0.0732,0.0000,0.4798,0.8039,high,high,0
Lumen,0.7377,0.8128,0.1859,-0.0734,0.0000,0.4798,0.8029,high,high,0
Lumen,0.7376,0.8128,0.1860,-0.0736,0.0000,0.4798,0.8020,high,high,0
Lumen,0.7376,0.8128,0.1858,-0.0737,0.0000,0.4798,0.8034,high,high,0
Lumen,0.7376,0.8128,0.1859,-0.0739,0.0000,0.4798,0.8026,high,high,0
Lumen,0.7375,0.8128,0.1860,-0.0740,0.0000,0.4798,0.8019,high,high,0
Lumen,0.7375,0.8128,0.1860,-0.0742,0.0000,0.4798,0.8014,high,high,0
Lumen,0.7375,0.8128,0.1861,-0.0743,0.0000,0.4798,0.8008,high,high,0
Lumen,0.7374,0.8127,0.1862,-0.0744,0.0000,0.4798,0.7999,high,high,0
Lumen,0.7373,0.8127,0.1866,-0.0745,0.0000,0.4798,0.7978,high,high,0
Lumen,0.7373,0.8127,0.1865,-0.0746,0.0000,0.4798,0.7985,high,high,0
Lumen,0.7373,0.8127,0.1864,-0.0746,0.1498,0.4798,0.7991,high,high,0
Lumen,0.7373,0.8127,0.1865,-0.0747,0.0000,0.4798,0.7980,high,high,0
Lumen,0.7373,0.8127,0.1865,-0.0748,0.0000,0.4798,0.7985,high,high,0
Lumen,0.7373,0.8127,0.1864,-0.0748,0.0000,0.4798,0.7989,high,high,0
Lumen,0.7373,0.8127,0.1861,-0.0749,0.1497,0.4798,0.8006,high,high,0
Lumen,0.7374,0.8128,0.1858,-0.0749,0.0000,0.4798,0.8027,high,high,0
Lumen,0.7374,0.8128,0.1859,-0.0750,0.0000,0.4798,0.8022,high,high,0
Lumen,0.7374,0.8128,0.1857,-0.0750,0.0000,0.4798,0.8033,high,high,0
Lumen,0.7374,0.8128,0.1856,-0.0751,0.0000,0.4798,0.8038,high,high,0
Lumen,0.7375,0.8128,0.1855,-0.0751,0.0000,0.4798,0.8043,high,high,0
Lumen,0.7375,0.8129,0.1854,-0.0751,0.0000,0.4798,0.8052,high,high,0
Lumen,0.7375,0.8129,0.1852,-0.0752,0.0000,0.4798,0.8065,high,high,0
Lumen,0.7376,0.8130,0.1850,-0.0752,0.0000,0.4798,0.8073,high,high,0
Lumen,0.7375,0.8129,0.1852,-0.0752,0.0000,0.4798,0.8058,high,high,0
Lumen,0.7375,0.8129,0.1853,-0.0752,0.0000,0.4798,0.8056,high,high,0
Lumen,0.7375,0.8130,0.1851,-0.0752,0.0000,0.4798,0.8064,high,high,0
Lumen,0.7375,0.8129,0.1854,-0.0753,0.0000,0.4798,0.8047,high,high,0
Lumen,0.7375,0.8129,0.1854,-0.0753,0.0000,0.4798,0.8050,high,high,0
Lumen,0.7375,0.8129,0.1855,-0.0753,0.0000,0.4798,0.8043,high,high,0
Lumen,0.7375,0.8130,0.1853,-0.0753,0.0000,0.4798,0.8052,high,high,0
Lumen,0.7375,0.8130,0.1854,-0.0753,0.0000,0.4798,0.8048,high,high,0
Lumen,0.7374,0.8129,0.1857,-0.0753,0.1498,0.4798,0.8027,high,high,0
Lumen,0.7374,0.8129,0.1858,-0.0754,0.0000,0.4798,0.8025,high,high,0
Lumen,0.7374,0.8129,0.1856,-0.0754,0.0000,0.4798,0.8032,high,high,0
Lumen,0.7376,0.8131,0.1848,-0.0754,0.1499,0.4798,0.8085,high,high,0
Lumen,0.7380,0.8134,0.1835,-0.0754,0.0000,0.4798,0.8161,high,high,0
Lumen,0.7382,0.8136,0.1824,-0.0754,0.0000,0.4797,0.8219,high,high,0
Lumen,0.7384,0.8138,0.1816,-0.0754,0.0000,0.4797,0.8258,high,high,0
Lumen,0.7387,0.8140,0.1808,-0.0754,0.0000,0.4797,0.8298,high,high,0
Lumen,0.7389,0.8142,0.1800,-0.0754,0.0000,0.4797,0.8336,high,high,0
Lumen,0.7391,0.8145,0.1791,-0.0754,0.0000,0.4797,0.8370,high,high,0
Lumen,0.7393,0.8147,0.1785,-0.0754,0.0000,0.4797,0.8395,high,high,0
Lumen,0.7395,0.8148,0.1779,-0.0754,0.0000,0.4797,0.8412,high,high,0
Lumen,0.7396,0.8150,0.1777,-0.0754,0.0000,0.4797,0.8419,high,high,0
Lumen,0.7397,0.8151,0.1773,-0.0754,0.0000,0.4797,0.8426,high,high,0
Lumen,0.7398,0.8153,0.1770,-0.0754,0.0000,0.4797,0.8433,high,high,0
Lumen,0.7399,0.8154,0.1767,-0.0754,0.0000,0.4797,0.8437,high,high,0
Lumen,0.7399,0.8155,0.1765,-0.0754,0.0000,0.4797,0.8439,high,high,0
Lumen,0.7401,0.8157,0.1761,-0.0754,0.0000,0.4798,0.8446,high,high,0
Lumen,0.7401,0.8157,0.1760,-0.0755,0.0000,0.4798,0.8445,high,high,0
Lumen,0.7402,0.8159,0.1758,-0.0755,0.0000,0.4798,0.8447,high,high,0
Lumen,0.7403,0.8160,0.1757,-0.0755,0.0000,0.4798,0.8447,high,high,0
Lumen,0.7404,0.8161,0.1753,-0.0755,0.0000,0.4798,0.8452,high,high,0
Lumen,0.7405,0.8162,0.1750,-0.0755,0.0000,0.4798,0.8457,high,high,0
Lumen,0.7405,0.8163,0.1750,-0.0756,0.0000,0.4798,0.8451,high,high,0
Lumen,0.7405,0.8164,0.1749,-0.0756,0.1494,0.4798,0.8449,high,high,0
Lumen,0.7406,0.8165,0.1747,-0.0756,0.0000,0.4798,0.8452,high,high,0
Lumen,0.7407,0.8165,0.1745,-0.0756,0.0000,0.4798,0.8451,high,high,0
Lumen,0.7407,0.8166,0.1744,-0.0757,0.0000,0.4798,0.8450,high,high,0
Lumen,0.7407,0.8167,0.1743,-0.0757,0.0000,0.4798,0.8449,high,high,0
Lumen,0.7408,0.8168,0.1742,-0.0757,0.0000,0.4798,0.8448,high,high,0
Lumen,0.7408,0.8168,0.1742,-0.0758,0.0000,0.4798,0.8445,high,high,0
Lumen,0.7408,0.8168,0.1742,-0.0758,0.1495,0.4798,0.8441,high,high,0
Lumen,0.7408,0.8169,0.1741,-0.0758,0.0000,0.4798,0.8441,high,high,0
Lumen,0.7408,0.8169,0.1742,-0.0758,0.0000,0.4798,0.8437,high,high,0
Lumen,0.7408,0.8169,0.1745,-0.0759,0.1497,0.4798,0.8429,high,high,0
Lumen,0.7407,0.8169,0.1746,-0.0759,0.0000,0.4798,0.8425,high,high,0
Lumen,0.7407,0.8169,0.1748,-0.0759,0.0000,0.4798,0.8419,high,high,0
Lumen,0.7407,0.8168,0.1749,-0.0759,0.0000,0.4798,0.8416,high,high,0
Lumen,0.7406,0.8168,0.1751,-0.0760,0.0000,0.4799,0.8412,high,high,0
Lumen,0.7407,0.8168,0.1750,-0.0760,0.0000,0.4798,0.8412,high,high,0
Lumen,0.7406,0.8169,0.1750,-0.0760,0.0000,0.4798,0.8411,high,high,0
Lumen,0.7406,0.8169,0.1751,-0.0760,0.0000,0.4798,0.8410,high,high,0
Lumen,0.7407,0.8169,0.1750,-0.0761,0.0000,0.4798,0.8410,high,high,0
Lumen,0.7407,0.8169,0.1750,-0.0761,0.0000,0.4798,0.8411,high,high,0
Lumen,0.7406,0.8169,0.1751,-0.0761,0.0000,0.4798,0.8407,high,high,0
Lumen,0.7406,0.8169,0.1752,-0.0761,0.0000,0.4798,0.8406,high,high,0
Lumen,0.7406,0.8169,0.1751,-0.0761,0.0000,0.4798,0.8408,high,high,0
Lumen,0.7406,0.8168,0.1754,-0.0761,0.0000,0.4798,0.8400,high,high,0
Lumen,0.7406,0.8168,0.1754,-0.0761,0.0000,0.4798,0.8400,high,high,0
Lumen,0.7406,0.8168,0.1753,-0.0762,0.1479,0.4798,0.8404,high,high,0
Lumen,0.7406,0.8169,0.1751,-0.0762,0.0000,0.4798,0.8408,high,high,0
Lumen,0.7406,0.8169,0.1751,-0.0762,0.0000,0.4798,0.8407,high,high,0
Lumen,0.7407,0.8169,0.1748,-0.0762,0.1494,0.4798,0.8413,high,high,0
Lumen,0.7409,0.8171,0.1740,-0.0762,0.0000,0.4798,0.8427,high,high,0
Lumen,0.7412,0.8174,0.1730,-0.0762,0.0000,0.4798,0.8441,high,high,0
Lumen,0.7413,0.8175,0.1726,-0.0762,0.0000,0.4798,0.8442,high,high,0
Lumen,0.7415,0.8176,0.1720,-0.0762,0.0000,0.4798,0.8444,high,high,0
Lumen,0.7416,0.8178,0.1716,-0.0762,0.0000,0.4798,0.8444,high,high,0
Lumen,0.7416,0.8178,0.1717,-0.0762,0.0000,0.4798,0.8441,high,high,0
Lumen,0.7417,0.8179,0.1714,-0.0762,0.1473,0.4798,0.8439,high,high,0
Lumen,0.7417,0.8179,0.1713,-0.0762,0.0000,0.4798,0.8437,high,high,0
Lumen,0.7417,0.8180,0.1713,-0.0762,0.1496,0.4798,0.8434,high,high,0
Lumen,0.7417,0.8180,0.1714,-0.0762,0.1495,0.4798,0.8431,high,high,0
Lumen,0.7417,0.8180,0.1714,-0.0762,0.0000,0.4798,0.8428,high,high,0
Lumen,0.7418,0.8181,0.1711,-0.0762,0.0000,0.4798,0.8427,high,high,0
Lumen,0.7418,0.8181,0.1714,-0.0762,0.0000,0.4798,0.8423,high,high,0
Lumen,0.7418,0.8181,0.1713,-0.0762,0.0000,0.4798,0.8421,high,high,0
Lumen,0.7418,0.8182,0.1714,-0.0763,0.0000,0.4798,0.8419,high,high,0
Lumen,0.7418,0.8182,0.1715,-0.0763,0.0000,0.4798,0.8417,high,high,0
Lumen,0.7417,0.8182,0.1715,-0.0763,0.0000,0.4799,0.8416,high,high,0
Lumen,0.7417,0.8182,0.1716,-0.0763,0.0000,0.4799,0.8414,high,high,0
Lumen,0.7417,0.8181,0.1718,-0.0763,0.0000,0.4799,0.8413,high,high,0
Lumen,0.7416,0.8181,0.1721,-0.0763,0.0000,0.4799,0.8410,high,high,0
Lumen,0.7416,0.8181,0.1721,-0.0764,0.0000,0.4799,0.8410,high,high,0
Lumen,0.7416,0.8181,0.1722,-0.0764,0.0000,0.4799,0.8409,high,high,0
Lumen,0.7415,0.8180,0.1723,-0.0764,0.0000,0.4799,0.8408,high,high,0
Lumen,0.7414,0.8180,0.1727,-0.0764,0.0000,0.4799,0.8405,high,high,0
Lumen,0.7414,0.8179,0.1728,-0.0764,0.0000,0.4799,0.8404,high,high,0
Lumen,0.7414,0.8179,0.1730,-0.0764,0.0000,0.4799,0.8402,high,high,0
Lumen,0.7413,0.8178,0.1731,-0.0764,0.0000,0.4799,0.8402,high,high,0
Lumen,0.7412,0.8178,0.1734,-0.0764,0.0000,0.4799,0.8399,high,high,0
Lumen,0.7412,0.8178,0.1734,-0.0764,0.0000,0.4799,0.8400,high,high,0
Lumen,0.7412,0.8178,0.1734,-0.0765,0.1495,0.4799,0.8401,high,high,0
Lumen,0.7412,0.8177,0.1736,-0.0765,0.0000,0.4799,0.8400,high,high,0
Lumen,0.7412,0.8177,0.1736,-0.0765,0.0000,0.4799,0.8401,high,high,0
Lumen,0.7412,0.8177,0.1734,-0.0765,0.1496,0.4799,0.8403,high,high,0
Lumen,0.7412,0.8177,0.1735,-0.0765,0.0000,0.4798,0.8403,high,high,0
Lumen,0.7412,0.8177,0.1733,-0.0765,0.0000,0.4798,0.8406,high,high,0
Lumen,0.7415,0.8179,0.1724,-0.0765,0.1499,0.4798,0.8416,high,high,0
Lumen,0.7414,0.8178,0.1727,-0.0765,0.0000,0.4798,0.8413,high,high,0
Lumen,0.7413,0.8178,0.1729,-0.0765,0.0000,0.4798,0.8411,high,high,0
Lumen,0.7413,0.8178,0.1729,-0.0765,0.0000,0.4798,0.8411,high,high,0
Lumen,0.7413,0.8178,0.1730,-0.0765,0.0000,0.4798,0.8410,high,high,0
Lumen,0.7413,0.8178,0.1730,-0.0765,0.0000,0.4798,0.8411,high,high,0
Lumen,0.7413,0.8178,0.1730,-0.0765,0.0000,0.4798,0.8410,high,high,0
Lumen,0.7413,0.8178,0.1730,-0.0765,0.0000,0.4798,0.8411,high,high,0
Lumen,0.7413,0.8178,0.1729,-0.0765,0.0000,0.4798,0.8413,high,high,0
Lumen,0.7414,0.8178,0.1726,-0.0765,0.0000,0.4798,0.8415,high,high,0
Lumen,0.7415,0.8180,0.1721,-0.0765,0.0000,0.4798,0.8418,high,high,0
Lumen,0.7417,0.8181,0.1714,-0.0764,0.0000,0.4798,0.8421,high,high,0
Lumen,0.7419,0.8183,0.1709,-0.0764,0.0000,0.4798,0.8420,high,high,0
Lumen,0.7420,0.8183,0.1706,-0.0764,0.0000,0.4798,0.8418,high,high,0
Lumen,0.7421,0.8184,0.1703,-0.0764,0.0000,0.4798,0.8415,high,high,0
Lumen,0.7421,0.8185,0.1702,-0.0764,0.0000,0.4798,0.8413,high,high,0
Lumen,0.7422,0.8186,0.1700,-0.0764,0.0000,0.4798,0.8410,high,high,0
Lumen,0.7422,0.8186,0.1699,-0.0764,0.0000,0.4798,0.8407,high,high,0
Lumen,0.7422,0.8186,0.1699,-0.0764,0.0000,0.4798,0.8405,high,high,0
Lumen,0.7422,0.8186,0.1701,-0.0764,0.1497,0.4798,0.8403,high,high,0
Lumen,0.7421,0.8186,0.1703,-0.0764,0.0000,0.4798,0.8402,high,high,0
Lumen,0.7421,0.8186,0.1704,-0.0764,0.0000,0.4799,0.8401,high,high,0
Lumen,0.7420,0.8186,0.1707,-0.0764,0.0000,0.4799,0.8400,high,high,0
Lumen,0.7420,0.8185,0.1709,-0.0765,0.0000,0.4799,0.8399,high,high,0
Lumen,0.7419,0.8185,0.1710,-0.0765,0.0000,0.4799,0.8398,high,high,0
Lumen,0.7419,0.8185,0.1713,-0.0765,0.0000,0.4799,0.8398,high,high,0
Lumen,0.7418,0.8184,0.1717,-0.0765,0.0000,0.4799,0.8396,high,high,0
Lumen,0.7418,0.8184,0.1717,-0.0765,0.0000,0.4799,0.8397,high,high,0
Lumen,0.7418,0.8184,0.1717,-0.0765,0.1492,0.4799,0.8397,high,high,0
Lumen,0.7417,0.8183,0.1720,-0.0765,0.0000,0.4799,0.8396,high,high,0
Lumen,0.7415,0.8182,0.1725,-0.0765,0.0000,0.4799,0.8393,high,high,0
Lumen,0.7415,0.8181,0.1728,-0.0765,0.0000,0.4799,0.8392,high,high,0
Lumen,0.7413,0.8180,0.1733,-0.0766,0.0000,0.4799,0.8388,high,high,0
Lumen,0.7412,0.8179,0.1736,-0.0766,0.0000,0.4799,0.8386,high,high,0
Lumen,0.7412,0.8178,0.1736,-0.0766,0.0000,0.4799,0.8387,high,high,0
Lumen,0.7411,0.8178,0.1739,-0.0766,0.0000,0.4799,0.8386,high,high,0
Lumen,0.7411,0.8177,0.1741,-0.0766,0.0000,0.4799,0.8385,high,high,0
Lumen,0.7410,0.8176,0.1744,-0.0766,0.0000,0.4799,0.8381,high,high,0
Lumen,0.7409,0.8175,0.1745,-0.0766,0.0000,0.4799,0.8381,high,high,0
Lumen,0.7410,0.8175,0.1744,-0.0766,0.0000,0.4799,0.8385,high,high,0
Lumen,0.7410,0.8176,0.1742,-0.0766,0.0000,0.4799,0.8391,high,high,0
Lumen,0.7411,0.8176,0.1740,-0.0766,0.0000,0.4798,0.8396,high,high,0
Lumen,0.7521,0.7778,0.1636,-0.0404,0.2720,0.4798,0.8004,high,high,0
Lumen,0.7552,0.7774,0.1636,-0.0397,0.2781,0.4801,0.7888,high,high,0
Lumen,0.7384,0.7860,0.1756,-0.0356,0.1500,0.4805,0.8517,high,high,0
Lumen,0.7395,0.7969,0.1907,-0.0454,0.0000,0.4807,0.7990,high,high,0
Lumen,0.7400,0.8024,0.2117,-0.0522,0.0000,0.4807,0.6268,high,high,0
Lumen,0.7405,0.8077,0.2338,-0.0575,0.0000,0.4807,0.4387,high,boundary,1
Lumen,0.7408,0.8102,0.2451,-0.0610,0.1500,0.4805,0.3419,high,low,1
Lumen,0.7410,0.8117,0.2514,-0.0634,0.0000,0.4804,0.2881,boundary,low,1
Lumen,0.7411,0.8119,0.2553,-0.0649,0.0000,0.4803,0.2554,boundary,low,1
Lumen,0.7411,0.8120,0.2577,-0.0658,0.0000,0.4803,0.2350,boundary,low,1
Lumen,0.7411,0.8119,0.2590,-0.0663,0.0000,0.4802,0.2243,boundary,low,1
Lumen,0.7411,0.8117,0.2649,-0.0667,0.0000,0.4802,0.1752,boundary,low,1
Lumen,0.7419,0.8122,0.2681,-0.0671,0.0000,0.4802,0.1486,boundary,low,1
Lumen,0.7419,0.8119,0.2680,-0.0674,0.0000,0.4802,0.1496,boundary,low,1
Lumen,0.7419,0.8116,0.2678,-0.0676,0.0000,0.4803,0.1515,boundary,low,1
Lumen,0.7418,0.8113,0.2677,-0.0678,0.0000,0.4803,0.1529,boundary,low,1
Lumen,0.7418,0.8111,0.2674,-0.0680,0.0000,0.4803,0.1549,boundary,low,1
Lumen,0.7417,0.8109,0.2673,-0.0681,0.0000,0.4803,0.1560,boundary,low,1
Lumen,0.7418,0.8108,0.2669,-0.0682,0.0000,0.4802,0.1597,boundary,low,1
Lumen,0.7418,0.8105,0.2667,-0.0682,0.0000,0.4802,0.1619,boundary,low,1
Lumen,0.7418,0.8102,0.2618,-0.0683,0.0000,0.4802,0.2028,boundary,low,1
Lumen,0.7417,0.8104,0.2532,-0.0683,0.0000,0.4802,0.2748,boundary,low,1
Lumen,0.7417,0.8105,0.2458,-0.0683,0.0000,0.4801,0.3361,high,low,1
Lumen,0.7416,0.8105,0.2398,-0.0684,0.0000,0.4801,0.3866,high,low,1
Lumen,0.7415,0.8104,0.2347,-0.0684,0.0000,0.4800,0.4287,high,boundary,1
Lumen,0.7414,0.8104,0.2305,-0.0685,0.0000,0.4800,0.4640,high,high,0
Lumen,0.7415,0.8104,0.2264,-0.0685,0.0000,0.4800,0.4980,high,high,0
Lumen,0.7415,0.8105,0.2228,-0.0686,0.0000,0.4800,0.5272,high,high,0
Lumen,0.7416,0.8105,0.2197,-0.0686,0.0000,0.4800,0.5527,high,high,0
Lumen,0.7416,0.8105,0.2173,-0.0687,0.0000,0.4800,0.5729,high,high,0
Lumen,0.7416,0.8106,0.2151,-0.0687,0.0000,0.4800,0.5908,high,high,0
Lumen,0.7417,0.8107,0.2131,-0.0687,0.0000,0.4800,0.6071,high,high,0
Lumen,0.7418,0.8108,0.2064,-0.0687,0.0000,0.4800,0.6613,high,high,0
Lumen,0.7419,0.8109,0.2009,-0.0688,0.0000,0.4800,0.7049,high,high,0
Lumen,0.7420,0.8110,0.1961,-0.0688,0.0000,0.4800,0.7431,high,high,0
Lumen,0.7421,0.8111,0.1920,-0.0688,0.0000,0.4800,0.7742,high,high,0
Lumen,0.7421,0.8112,0.1886,-0.0688,0.0000,0.4800,0.7996,high,high,0
Lumen,0.7422,0.8113,0.1856,-0.0689,0.0000,0.4800,0.8209,high,high,0
Lumen,0.7422,0.8113,0.1833,-0.0689,0.0000,0.4800,0.8365,high,high,0
Lumen,0.7423,0.8114,0.1811,-0.0689,0.0000,0.4801,0.8504,high,high,0
Lumen,0.7423,0.8115,0.1793,-0.0689,0.0000,0.4801,0.8614,high,high,0
Lumen,0.7424,0.8116,0.1775,-0.0690,0.0000,0.4801,0.8708,high,high,0
Lumen,0.7425,0.8117,0.1761,-0.0690,0.0000,0.4801,0.8775,high,high,0
Lumen,0.7426,0.8118,0.1747,-0.0690,0.0000,0.4801,0.8833,high,high,0
Lumen,0.7427,0.8119,0.1736,-0.0690,0.0000,0.4801,0.8870,high,high,0
Lumen,0.7428,0.8120,0.1725,-0.0690,0.0000,0.4801,0.8899,high,high,0
Lumen,0.7430,0.8122,0.1713,-0.0691,0.0000,0.4801,0.8920,high,high,0
Lumen,0.7431,0.8124,0.1702,-0.0691,0.0000,0.4801,0.8930,high,high,0
Lumen,0.7433,0.8125,0.1692,-0.0691,0.0000,0.4801,0.8931,high,high,0
Lumen,0.7434,0.8126,0.1686,-0.0691,0.0000,0.4802,0.8928,high,high,0
Lumen,0.7435,0.8127,0.1681,-0.0691,0.0000,0.4802,0.8922,high,high,0
Lumen,0.7437,0.8129,0.1672,-0.0691,0.0000,0.4802,0.8907,high,high,0
Lumen,0.7438,0.8131,0.1664,-0.0692,0.0000,0.4802,0.8889,high,high,0
Lumen,0.7440,0.8133,0.1657,-0.0692,0.0000,0.4802,0.8868,high,high,0
Lumen,0.7441,0.8135,0.1651,-0.0692,0.0000,0.4802,0.8846,high,high,0
Lumen,0.7442,0.8136,0.1648,-0.0692,0.0000,0.4802,0.8834,high,high,0
Lumen,0.7442,0.8136,0.1647,-0.0692,0.0000,0.4802,0.8827,high,high,0
Lumen,0.7443,0.8137,0.1644,-0.0692,0.0000,0.4802,0.8813,high,high,0
Lumen,0.7444,0.8138,0.1642,-0.0693,0.0000,0.4802,0.8801,high,high,0
Lumen,0.7444,0.8139,0.1641,-0.0693,0.0000,0.4802,0.8794,high,high,0
Lumen,0.7444,0.8140,0.1639,-0.0693,0.1482,0.4803,0.8786,high,high,0
Lumen,0.7445,0.8140,0.1637,-0.0693,0.0000,0.4803,0.8773,high,high,0
Lumen,0.7445,0.8141,0.1637,-0.0694,0.0000,0.4803,0.8769,high,high,0
Lumen,0.7445,0.8141,0.1637,-0.0694,0.1495,0.4803,0.8769,high,high,0
Lumen,0.7444,0.8141,0.1639,-0.0694,0.0000,0.4803,0.8775,high,high,0
Lumen,0.7441,0.8138,0.1652,-0.0694,0.1499,0.4803,0.8816,high,high,0
Lumen,0.7436,0.8134,0.1671,-0.0695,0.0000,0.4804,0.8865,high,high,0
Lumen,0.7431,0.8130,0.1689,-0.0695,0.0000,0.4804,0.8891,high,high,0
Lumen,0.7428,0.8127,0.1701,-0.0696,0.0000,0.4804,0.8898,high,high,0
Lumen,0.7440,0.8136,0.1668,-0.0696,0.0000,0.4804,0.8849,high,high,0
Lumen,0.7450,0.8145,0.1635,-0.0696,0.0000,0.4803,0.8735,high,high,0
Lumen,0.7459,0.8153,0.1605,-0.0695,0.0000,0.4802,0.8580,high,high,0
Lumen,0.7466,0.8160,0.1581,-0.0695,0.0000,0.4802,0.8427,high,high,0
Lumen,0.7473,0.8166,0.1559,-0.0695,0.0000,0.4801,0.8276,high,high,0
Lumen,0.7469,0.8164,0.1575,-0.0695,0.0000,0.4802,0.8372,high,high,0
Lumen,0.7461,0.8157,0.1606,-0.0695,0.0000,0.4803,0.8548,high,high,0
Lumen,0.7459,0.8156,0.1657,-0.0695,0.0000,0.4804,0.8681,high,high,0
Lumen,0.7459,0.8156,0.1695,-0.0696,0.0000,0.4804,0.8682,high,high,0
Lumen,0.7460,0.8158,0.1724,-0.0696,0.0000,0.4804,0.8624,high,high,0
Lumen,0.7461,0.8159,0.1749,-0.0696,0.0000,0.4804,0.8543,high,high,0
Lumen,0.7461,0.8159,0.1770,-0.0696,0.0000,0.4804,0.8454,high,high,0
Lumen,0.7462,0.8160,0.1788,-0.0696,0.0000,0.4804,0.8368,high,high,0
Lumen,0.7464,0.8163,0.1844,-0.0697,0.1498,0.4803,0.8044,high,high,0
Lumen,0.7466,0.8164,0.1941,-0.0697,0.0000,0.4803,0.7393,high,high,0
Lumen,0.7468,0.8166,0.2019,-0.0697,0.0000,0.4803,0.6804,high,high,0
Lumen,0.7470,0.8168,0.2041,-0.0697,0.0000,0.4803,0.6634,high,high,0
Lumen,0.7471,0.8170,0.2058,-0.0697,0.0000,0.4803,0.6497,high,high,0
Lumen,0.7472,0.8171,0.2120,-0.0697,0.0000,0.4803,0.6004,high,high,0
Lumen,0.7471,0.8170,0.2228,-0.0698,0.0000,0.4803,0.5151,high,high,0
Lumen,0.7470,0.8170,0.2319,-0.0698,0.0000,0.4803,0.4411,high,boundary,1
Lumen,0.7479,0.8178,0.2369,-0.0698,0.0000,0.4803,0.3986,high,low,1
Lumen,0.7478,0.8178,0.2390,-0.0698,0.0000,0.4802,0.3820,high,low,1
Lumen,0.7477,0.8177,0.2362,-0.0698,0.0000,0.4802,0.4048,high,boundary,1
Lumen,0.7474,0.8175,0.2390,-0.0699,0.0000,0.4802,0.3820,high,low,1
Lumen,0.7475,0.8176,0.2450,-0.0699,0.0000,0.4802,0.3329,high,low,1
Lumen,0.7472,0.8174,0.2511,-0.0699,0.0000,0.4802,0.2827,boundary,low,1
Lumen,0.7473,0.8179,0.2507,-0.0700,0.0000,0.4802,0.2855,boundary,low,1
Lumen,0.7474,0.8183,0.2502,-0.0701,0.1498,0.4801,0.2892,boundary,low,1
Lumen,0.7476,0.8188,0.2493,-0.0702,0.0000,0.4800,0.2949,high,low,1
Lumen,0.7479,0.8194,0.2530,-0.0703,0.0000,0.4800,0.2642,boundary,low,1
Lumen,0.7480,0.8196,0.2611,-0.0704,0.0017,0.4799,0.1965,boundary,low,1
Lumen,0.7483,0.8199,0.2677,-0.0706,0.0205,0.4799,0.1420,boundary,low,1
Lumen,0.7483,0.8200,0.2689,-0.0707,0.0207,0.4799,0.1315,boundary,low,1
Lumen,0.7483,0.8200,0.2702,-0.0708,0.0210,0.4799,0.1209,boundary,low,1
Lumen,0.7483,0.8200,0.2715,-0.0709,0.0214,0.4800,0.1100,boundary,low,1
Lumen,0.7480,0.8198,0.2734,-0.0710,0.0238,0.4800,0.0943,boundary,low,1
Lumen,0.7480,0.8199,0.2695,-0.0710,0.0071,0.4800,0.1272,boundary,low,1
Lumen,0.7481,0.8200,0.2660,-0.0711,0.1499,0.4800,0.1557,boundary,low,1
Lumen,0.7481,0.8200,0.2583,-0.0712,0.0000,0.4800,0.2188,boundary,low,1
Lumen,0.7482,0.8201,0.2472,-0.0713,0.0000,0.4800,0.3100,high,low,1
Lumen,0.7482,0.8202,0.2424,-0.0714,0.0000,0.4800,0.3487,high,low,1
Lumen,0.7481,0.8202,0.2385,-0.0714,0.0000,0.4800,0.3804,high,low,1
Lumen,0.7481,0.8201,0.2306,-0.0715,0.0000,0.4800,0.4442,high,boundary,1
Lumen,0.7481,0.8202,0.2237,-0.0715,0.0000,0.4800,0.4993,high,high,0
Lumen,0.7481,0.8202,0.2179,-0.0716,0.0000,0.4800,0.5447,high,high,0
Lumen,0.7482,0.8203,0.2127,-0.0716,0.0000,0.4800,0.5847,high,high,0
Lumen,0.7482,0.8203,0.2083,-0.0717,0.0000,0.4800,0.6175,high,high,0
Lumen,0.7483,0.8204,0.2045,-0.0717,0.0000,0.4800,0.6460,high,high,0
Lumen,0.7483,0.8205,0.2013,-0.0718,0.0000,0.4800,0.6685,high,high,0
Lumen,0.7483,0.8205,0.1941,-0.0718,0.0000,0.4800,0.7184,high,high,0
Lumen,0.7483,0.8205,0.1880,-0.0719,0.0000,0.4801,0.7566,high,high,0
Lumen,0.7482,0.8204,0.1832,-0.0719,0.0000,0.4801,0.7838,high,high,0
Lumen,0.7482,0.8204,0.1788,-0.0719,0.0000,0.4801,0.8039,high,high,0
Lumen,0.7481,0.8204,0.1753,-0.0720,0.0000,0.4801,0.8166,high,high,0
Lumen,0.7480,0.8203,0.1724,-0.0720,0.0000,0.4801,0.8242,high,high,0
Lumen,0.7479,0.8202,0.1701,-0.0720,0.0000,0.4802,0.8284,high,high,0
Lumen,0.7477,0.8201,0.1682,-0.0721,0.0000,0.4802,0.8305,high,high,0
Lumen,0.7476,0.8199,0.1667,-0.0721,0.1495,0.4802,0.8316,high,high,0
Lumen,0.7474,0.8198,0.1653,-0.0721,0.0000,0.4802,0.8315,high,high,0
Lumen,0.7473,0.8197,0.1643,-0.0722,0.0000,0.4802,0.8311,high,high,0
Lumen,0.7472,0.8196,0.1634,-0.0722,0.0000,0.4802,0.8307,high,high,0
Lumen,0.7472,0.8195,0.1625,-0.0722,0.0000,0.4803,0.8297,high,high,0
Lumen,0.7471,0.8194,0.1619,-0.0722,0.1286,0.4803,0.8291,high,high,0
Lumen,0.7470,0.8194,0.1614,-0.0722,0.0000,0.4803,0.8284,high,high,0
Lumen,0.7470,0.8193,0.1607,-0.0722,0.0000,0.4803,0.8266,high,high,0
Lumen,0.7470,0.8193,0.1601,-0.0723,0.0000,0.4803,0.8252,high,high,0
Lumen,0.7470,0.8193,0.1597,-0.0723,0.0000,0.4803,0.8243,high,high,0
Lumen,0.7469,0.8192,0.1594,-0.0723,0.0000,0.4803,0.8235,high,high,0
Lumen,0.7470,0.8192,0.1590,-0.0723,0.0000,0.4803,0.8223,high,high,0
Lumen,0.7469,0.8191,0.1590,-0.0723,0.0000,0.4803,0.8232,high,high,0
Lumen,0.7468,0.8190,0.1589,-0.0723,0.0000,0.4803,0.8232,high,high,0
Lumen,0.7468,0.8190,0.1588,-0.0722,0.0000,0.4803,0.8236,high,high,0
Lumen,0.7467,0.8189,0.1588,-0.0722,0.0000,0.4803,0.8239,high,high,0
Lumen,0.7467,0.8188,0.1588,-0.0722,0.0000,0.4803,0.8246,high,high,0
Lumen,0.7466,0.8187,0.1590,-0.0722,0.0000,0.4803,0.8258,high,high,0
Lumen,0.7464,0.8186,0.1593,-0.0722,0.0000,0.4803,0.8281,high,high,0
Lumen,0.7464,0.8185,0.1594,-0.0722,0.0000,0.4803,0.8295,high,high,0
Lumen,0.7464,0.8185,0.1593,-0.0722,0.0000,0.4803,0.8292,high,high,0
Lumen,0.7462,0.8184,0.1597,-0.0722,0.0000,0.4803,0.8314,high,high,0
Lumen,0.7461,0.8182,0.1601,-0.0722,0.0000,0.4803,0.8339,high,high,0
Lumen,0.7460,0.8181,0.1603,-0.0722,0.0000,0.4803,0.8357,high,high,0
Lumen,0.7459,0.8180,0.1606,-0.0722,0.0000,0.4803,0.8376,high,high,0
Lumen,0.7458,0.8179,0.1607,-0.0722,0.0000,0.4803,0.8383,high,high,0
Lumen,0.7458,0.8179,0.1606,-0.0721,0.0000,0.4803,0.8386,high,high,0
Lumen,0.7458,0.8178,0.1608,-0.0721,0.0000,0.4803,0.8399,high,high,0
Lumen,0.7457,0.8177,0.1608,-0.0721,0.0000,0.4803,0.8401,high,high,0
Lumen,0.7457,0.8177,0.1608,-0.0721,0.0000,0.4803,0.8407,high,high,0
Lumen,0.7457,0.8177,0.1607,-0.0721,0.0000,0.4803,0.8403,high,high,0
Lumen,0.7458,0.8177,0.1606,-0.0721,0.1494,0.4803,0.8399,high,high,0
Lumen,0.7457,0.8176,0.1607,-0.0721,0.0000,0.4803,0.8407,high,high,0
Lumen,0.7457,0.8176,0.1606,-0.0720,0.0000,0.4803,0.8405,high,high,0
Lumen,0.7457,0.8176,0.1606,-0.0720,0.0000,0.4803,0.8410,high,high,0
Lumen,0.7458,0.8176,0.1605,-0.0720,0.0000,0.4803,0.8403,high,high,0
Lumen,0.7457,0.8175,0.1606,-0.0720,0.0000,0.4803,0.8409,high,high,0
Lumen,0.7457,0.8175,0.1608,-0.0720,0.0000,0.4803,0.8423,high,high,0
Lumen,0.7456,0.8174,0.1611,-0.0719,0.0000,0.4803,0.8439,high,high,0
Lumen,0.7454,0.8172,0.1615,-0.0719,0.0000,0.4803,0.8461,high,high,0
Lumen,0.7453,0.8171,0.1618,-0.0719,0.0000,0.4803,0.8479,high,high,0
Lumen,0.7454,0.8171,0.1617,-0.0719,0.0000,0.4803,0.8477,high,high,0
Lumen,0.7453,0.8170,0.1620,-0.0719,0.0000,0.4803,0.8492,high,high,0
Lumen,0.7452,0.8169,0.1623,-0.0719,0.0000,0.4803,0.8508,high,high,0
Lumen,0.7451,0.8169,0.1625,-0.0719,0.0000,0.4803,0.8518,high,high,0
Lumen,0.7450,0.8167,0.1629,-0.0719,0.0000,0.4803,0.8537,high,high,0
Lumen,0.7449,0.8166,0.1631,-0.0718,0.0000,0.4803,0.8551,high,high,0
Lumen,0.7448,0.8165,0.1636,-0.0718,0.0000,0.4803,0.8572,high,high,0
Lumen,0.7447,0.8164,0.1638,-0.0718,0.0000,0.4803,0.8583,high,high,0
Lumen,0.7446,0.8163,0.1640,-0.0718,0.0000,0.4803,0.8594,high,high,0
Lumen,0.7445,0.8162,0.1644,-0.0718,0.0000,0.4803,0.8612,high,high,0
Lumen,0.7443,0.8160,0.1649,-0.0718,0.0000,0.4803,0.8634,high,high,0
Lumen,0.7442,0.8159,0.1652,-0.0718,0.0000,0.4803,0.8645,high,high,0
Lumen,0.7442,0.8158,0.1654,-0.0718,0.0000,0.4803,0.8656,high,high,0
Lumen,0.7441,0.8157,0.1656,-0.0718,0.0000,0.4803,0.8667,high,high,0
Lumen,0.7440,0.8156,0.1659,-0.0717,0.0000,0.4803,0.8678,high,high,0
Lumen,0.7439,0.8155,0.1660,-0.0717,0.0000,0.4803,0.8685,high,high,0
Lumen,0.7438,0.8154,0.1663,-0.0717,0.0000,0.4803,0.8698,high,high,0
Lumen,0.7437,0.8153,0.1667,-0.0717,0.0000,0.4803,0.8709,high,high,0
Lumen,0.7437,0.8152,0.1667,-0.0717,0.0000,0.4802,0.8715,high,high,0
Lumen,0.7436,0.8151,0.1671,-0.0717,0.0000,0.4802,0.8727,high,high,0
Lumen,0.7437,0.8151,0.1666,-0.0716,0.0000,0.4802,0.8721,high,high,0
Lumen,0.7436,0.8150,0.1669,-0.0716,0.0000,0.4802,0.8729,high,high,0
Lumen,0.7436,0.8149,0.1669,-0.0716,0.0000,0.4802,0.8742,high,high,0
Lumen,0.7434,0.8150,0.1674,-0.0716,0.0000,0.4802,0.8737,high,high,0
Lumen,0.7433,0.8150,0.1679,-0.0716,0.1500,0.4802,0.8735,high,high,0
Lumen,0.7432,0.8151,0.1680,-0.0716,0.1499,0.4802,0.8726,high,high,0
Lumen,0.7432,0.8152,0.1680,-0.0717,0.0000,0.4801,0.8717,high,high,0
Lumen,0.7432,0.8152,0.1681,-0.0717,0.0000,0.4801,0.8711,high,high,0
Lumen,0.7431,0.8152,0.1685,-0.0717,0.0000,0.4801,0.8708,high,high,0
Lumen,0.7430,0.8153,0.1687,-0.0718,0.0000,0.4801,0.8703,high,high,0
Lumen,0.7430,0.8153,0.1686,-0.0719,0.0000,0.4801,0.8698,high,high,0
Lumen,0.7429,0.8154,0.1687,-0.0719,0.0000,0.4801,0.8694,high,high,0
Lumen,0.7429,0.8154,0.1689,-0.0720,0.1492,0.4801,0.8691,high,high,0
Lumen,0.7428,0.8154,0.1692,-0.0720,0.0000,0.4801,0.8689,high,high,0
Lumen,0.7427,0.8154,0.1694,-0.0721,0.0000,0.4801,0.8687,high,high,0
Lumen,0.7426,0.8153,0.1697,-0.0722,0.0000,0.4801,0.8685,high,high,0
Lumen,0.7426,0.8153,0.1698,-0.0722,0.0000,0.4801,0.8683,high,high,0
Lumen,0.7425,0.8152,0.1699,-0.0723,0.0000,0.4801,0.8689,high,high,0
Lumen,0.7425,0.8151,0.1701,-0.0723,0.0000,0.4801,0.8695,high,high,0
Lumen,0.7424,0.8149,0.1703,-0.0723,0.0000,0.4801,0.8709,high,high,0
Lumen,0.7423,0.8147,0.1705,-0.0723,0.0000,0.4802,0.8727,high,high,0
Lumen,0.7423,0.8144,0.1705,-0.0723,0.0000,0.4802,0.8745,high,high,0
Lumen,0.7422,0.8142,0.1707,-0.0723,0.0000,0.4802,0.8760,high,high,0
Lumen,0.7422,0.8139,0.1710,-0.0722,0.0000,0.4802,0.8773,high,high,0
Lumen,0.7422,0.8138,0.1708,-0.0722,0.0000,0.4802,0.8788,high,high,0
Lumen,0.7423,0.8137,0.1706,-0.0721,0.1499,0.4802,0.8801,high,high,0
Lumen,0.7548,0.7760,0.1624,-0.0393,0.2799,0.4804,0.7772,high,high,0
Lumen,0.7565,0.7763,0.1627,-0.0379,0.2765,0.4811,0.7749,high,high,0
Lumen,0.7472,0.7759,0.1708,-0.0055,0.0000,0.4815,0.7939,high,high,0
Lumen,0.7447,0.7913,0.1869,-0.0240,0.1500,0.4816,0.8231,high,high,0
Lumen,0.7437,0.7993,0.1937,-0.0366,0.1000,0.4815,0.7812,high,high,0
Lumen,0.7442,0.8047,0.1939,-0.0450,0.1500,0.4814,0.7762,high,high,0
Lumen,0.7436,0.8069,0.2078,-0.0505,0.0000,0.4812,0.6583,high,high,0
Lumen,0.7434,0.8083,0.2242,-0.0541,0.1499,0.4810,0.5194,high,high,0
Lumen,0.7535,0.7770,0.1678,-0.0380,0.2756,0.4810,0.7943,high,high,0
Lumen,0.7556,0.7767,0.1704,-0.0374,0.2822,0.4813,0.7841,high,high,0
Lumen,0.7481,0.7765,0.3019,-0.0054,0.1500,0.4816,0.0000,boundary,low,1
Lumen,0.7551,0.7755,0.1738,-0.0366,0.2790,0.4817,0.7715,high,high,0
Lumen,0.7557,0.7752,0.1750,-0.0356,0.2781,0.4822,0.7652,high,high,0
Lumen,0.7482,0.7764,0.3193,-0.0051,0.1500,0.4825,0.0000,boundary,low,1
Lumen,0.7457,0.7919,0.3380,-0.0236,0.0000,0.4824,0.0000,boundary,low,1
Lumen,0.7445,0.7997,0.3328,-0.0362,0.0000,0.4821,0.0000,boundary,low,1
Lumen,0.7465,0.8068,0.3223,-0.0447,0.0000,0.4818,0.0000,boundary,low,1
Lumen,0.7453,0.8084,0.3236,-0.0502,0.0000,0.4814,0.0000,boundary,low,1
Lumen,0.7559,0.7728,0.1732,-0.0363,0.2957,0.4819,0.7493,high,high,0
Lumen,0.7557,0.7735,0.1744,-0.0348,0.2793,0.4826,0.7532,high,high,0
Lumen,0.7485,0.7768,0.3186,-0.0054,0.1500,0.4830,0.0000,boundary,low,1
Lumen,0.7457,0.7916,0.3231,-0.0236,0.1500,0.4829,0.0000,boundary,low,1
Lumen,0.7451,0.7999,0.3228,-0.0361,0.1000,0.4825,0.0000,boundary,low,1
Lumen,0.7490,0.7740,0.1752,-0.0351,0.2758,0.4824,0.7695,high,high,0
Lumen,0.7490,0.7737,0.1745,-0.0353,0.2757,0.4824,0.7681,high,high,0
Lumen,0.7518,0.7741,0.1739,-0.0354,0.2803,0.4823,0.7688,high,high,0
Lumen,0.7417,0.7876,0.2888,-0.0342,0.0000,0.4822,0.0000,boundary,low,1
Lumen,0.7522,0.7740,0.1736,-0.0356,0.2774,0.4822,0.7678,high,high,0
Lumen,0.7539,0.7747,0.1735,-0.0351,0.2775,0.4825,0.7693,high,high,0
Lumen,0.7493,0.7797,0.2871,-0.0070,0.0000,0.4825,0.0000,boundary,low,1
Lumen,0.7470,0.7952,0.2894,-0.0256,0.1500,0.4823,0.0000,boundary,low,1
Lumen,0.7459,0.8032,0.2901,-0.0383,0.1000,0.4819,0.0000,boundary,low,1
Lumen,0.7452,0.8070,0.2909,-0.0465,0.1500,0.4816,0.0000,boundary,low,1
Lumen,0.7450,0.8094,0.2799,-0.0519,0.0000,0.4812,0.0527,boundary,low,1
Lumen,0.7448,0.8104,0.2833,-0.0553,0.1497,0.4810,0.0231,boundary,low,1
Lumen,0.7448,0.8111,0.2924,-0.0575,0.0000,0.4807,0.0000,boundary,low,1
Lumen,0.7448,0.8113,0.2921,-0.0588,0.0000,0.4806,0.0000,boundary,low,1
Lumen,0.7447,0.8114,0.2919,-0.0596,0.0000,0.4805,0.0000,boundary,low,1
Lumen,0.7446,0.8114,0.2917,-0.0603,0.0000,0.4804,0.0000,boundary,low,1
Lumen,0.7446,0.8115,0.2868,-0.0610,0.0000,0.4803,0.0000,boundary,low,1
Lumen,0.7446,0.8116,0.2824,-0.0616,0.0000,0.4803,0.0293,boundary,low,1
Lumen,0.7446,0.8117,0.2788,-0.0621,0.1494,0.4802,0.0597,boundary,low,1
Lumen,0.7445,0.8118,0.2758,-0.0626,0.0000,0.4802,0.0845,boundary,low,1
Lumen,0.7445,0.8119,0.2685,-0.0631,0.1487,0.4801,0.1457,boundary,low,1
Lumen,0.7445,0.8120,0.2576,-0.0636,0.0000,0.4801,0.2368,boundary,low,1
Lumen,0.7444,0.8121,0.2484,-0.0640,0.0000,0.4801,0.3134,high,low,1
Lumen,0.7444,0.8122,0.2405,-0.0644,0.0000,0.4800,0.3794,high,low,1
Lumen,0.7444,0.8123,0.2338,-0.0647,0.0000,0.4800,0.4345,high,boundary,1
Lumen,0.7444,0.8124,0.2281,-0.0650,0.0000,0.4800,0.4818,high,high,0
Lumen,0.7443,0.8125,0.2233,-0.0654,0.0000,0.4800,0.5212,high,high,0
Lumen,0.7443,0.8126,0.2191,-0.0656,0.0000,0.4800,0.5548,high,high,0
Lumen,0.7443,0.8126,0.2157,-0.0659,0.0000,0.4800,0.5831,high,high,0
Lumen,0.7443,0.8127,0.2127,-0.0662,0.0000,0.4800,0.6068,high,high,0
Lumen,0.7443,0.8128,0.2101,-0.0664,0.0000,0.4800,0.6276,high,high,0
Lumen,0.7443,0.8129,0.2079,-0.0666,0.0000,0.4801,0.6456,high,high,0
Lumen,0.7443,0.8130,0.2013,-0.0668,0.0000,0.4801,0.6978,high,high,0
Lumen,0.7442,0.8130,0.1959,-0.0670,0.0000,0.4801,0.7394,high,high,0
Lumen,0.7442,0.8130,0.1912,-0.0672,0.0000,0.4801,0.7743,high,high,0
Lumen,0.7442,0.8131,0.1874,-0.0674,0.0000,0.4801,0.8017,high,high,0
Lumen,0.7442,0.8131,0.1840,-0.0675,0.0000,0.4801,0.8244,high,high,0
Lumen,0.7441,0.8131,0.1812,-0.0677,0.0000,0.4801,0.8422,high,high,0
Lumen,0.7441,0.8132,0.1787,-0.0678,0.0000,0.4801,0.8562,high,high,0
Lumen,0.7441,0.8132,0.1767,-0.0679,0.0000,0.4802,0.8661,high,high,0
Lumen,0.7441,0.8132,0.1750,-0.0681,0.0000,0.4802,0.8734,high,high,0
Lumen,0.7440,0.8132,0.1737,-0.0682,0.0000,0.4802,0.8786,high,high,0
Lumen,0.7441,0.8132,0.1723,-0.0683,0.0000,0.4802,0.8824,high,high,0
Lumen,0.7440,0.8132,0.1713,-0.0684,0.0000,0.4802,0.8849,high,high,0
Lumen,0.7441,0.8133,0.1702,-0.0684,0.0000,0.4802,0.8864,high,high,0
Lumen,0.7441,0.8133,0.1694,-0.0685,0.0000,0.4802,0.8872,high,high,0
Lumen,0.7441,0.8134,0.1685,-0.0686,0.0000,0.4802,0.8874,high,high,0
Lumen,0.7441,0.8134,0.1680,-0.0687,0.0000,0.4802,0.8874,high,high,0
Lumen,0.7442,0.8134,0.1675,-0.0687,0.0000,0.4802,0.8871,high,high,0
Lumen,0.7442,0.8135,0.1669,-0.0688,0.0000,0.4803,0.8866,high,high,0
Lumen,0.7442,0.8135,0.1665,-0.0688,0.0000,0.4803,0.8861,high,high,0
Lumen,0.7442,0.8135,0.1663,-0.0689,0.0000,0.4803,0.8858,high,high,0
Lumen,0.7442,0.8135,0.1659,-0.0689,0.1470,0.4803,0.8852,high,high,0
Lumen,0.7443,0.8136,0.1656,-0.0690,0.0000,0.4803,0.8845,high,high,0
Lumen,0.7443,0.8136,0.1655,-0.0690,0.0000,0.4803,0.8842,high,high,0
Lumen,0.7443,0.8136,0.1652,-0.0690,0.0000,0.4803,0.8836,high,high,0
Lumen,0.7446,0.8139,0.1642,-0.0691,0.0000,0.4803,0.8799,high,high,0
Lumen,0.7531,0.7783,0.1590,-0.0396,0.2692,0.4802,0.7915,high,high,0
Lumen,0.7550,0.7785,0.1594,-0.0394,0.2730,0.4803,0.7887,high,high,0
Lumen,0.7429,0.7895,0.1626,-0.0349,0.0000,0.4805,0.8980,high,high,0
Lumen,0.7445,0.8010,0.1607,-0.0446,0.1500,0.4806,0.9395,high,high,0
Lumen,0.7447,0.8062,0.1616,-0.0514,0.1000,0.4806,0.9265,high,high,0
Lumen,0.7448,0.8090,0.1620,-0.0558,0.1500,0.4806,0.9108,high,high,0
Lumen,0.7448,0.8112,0.1625,-0.0590,0.0000,0.4805,0.8962,high,high,0
Lumen,0.7453,0.8131,0.1610,-0.0612,0.1499,0.4805,0.8766,high,high,0
Lumen,0.7452,0.8138,0.1616,-0.0627,0.0000,0.4805,0.8736,high,high,0
Lumen,0.7452,0.8142,0.1617,-0.0636,0.0000,0.4804,0.8706,high,high,0
Lumen,0.7447,0.8140,0.1638,-0.0642,0.0000,0.4804,0.8783,high,high,0
Lumen,0.7448,0.8142,0.1681,-0.0647,0.0000,0.4804,0.8810,high,high,0
Lumen,0.7448,0.8143,0.1720,-0.0652,0.1490,0.4804,0.8749,high,high,0
Lumen,0.7450,0.8146,0.1746,-0.0656,0.0000,0.4804,0.8648,high,high,0
Lumen,0.7450,0.8150,0.1775,-0.0661,0.0000,0.4803,0.8501,high,high,0
Lumen,0.7450,0.8154,0.1799,-0.0665,0.1500,0.4803,0.8354,high,high,0
Lumen,0.7450,0.8158,0.1820,-0.0669,0.1500,0.4802,0.8216,high,high,0
Lumen,0.7451,0.8161,0.1836,-0.0673,0.1488,0.4802,0.8108,high,high,0
Lumen,0.7450,0.8163,0.1898,-0.0677,0.0000,0.4802,0.7697,high,high,0
Lumen,0.7450,0.8165,0.1997,-0.0681,0.0000,0.4802,0.6980,high,high,0
Lumen,0.7451,0.8169,0.2033,-0.0685,0.0000,0.4801,0.6693,high,high,0
Lumen,0.7532,0.7787,0.1665,-0.0398,0.2714,0.4801,0.8075,high,high,0
Lumen,0.7562,0.7786,0.1677,-0.0393,0.2789,0.4804,0.7972,high,high,0
Lumen,0.7427,0.7926,0.2474,-0.0369,0.1500,0.4807,0.3258,high,low,1
Lumen,0.7440,0.8045,0.2665,-0.0475,0.0000,0.4807,0.1672,boundary,low,1
Lumen,0.7446,0.8105,0.2752,-0.0548,0.0000,0.4807,0.0913,boundary,low,1
Lumen,0.7463,0.8153,0.2886,-0.0598,0.0000,0.4806,0.0000,boundary,low,1
Lumen,0.7460,0.8167,0.2880,-0.0631,0.1500,0.4805,0.0000,boundary,low,1
Lumen,0.7459,0.8176,0.2874,-0.0652,0.0000,0.4804,0.0000,boundary,low,1
Lumen,0.7458,0.8181,0.2869,-0.0667,0.0000,0.4803,0.0000,boundary,low,1
Lumen,0.7457,0.8184,0.2867,-0.0676,0.0000,0.4802,0.0000,boundary,low,1
Lumen,0.7457,0.8185,0.2818,-0.0681,0.0000,0.4801,0.0271,boundary,low,1
Lumen,0.7458,0.8187,0.2775,-0.0686,0.0000,0.4800,0.0627,boundary,low,1
Lumen,0.7458,0.8188,0.2693,-0.0690,0.0000,0.4800,0.1306,boundary,low,1
Lumen,0.7458,0.8189,0.2623,-0.0694,0.0000,0.4799,0.1884,boundary,low,1
Lumen,0.7457,0.8190,0.2518,-0.0698,0.0000,0.4799,0.2746,boundary,low,1
Lumen,0.7457,0.8191,0.2427,-0.0702,0.0000,0.4798,0.3487,high,low,1
Lumen,0.7457,0.8192,0.2351,-0.0705,0.0000,0.4798,0.4109,high,boundary,1
Lumen,0.7457,0.8193,0.2285,-0.0708,0.0000,0.4798,0.4637,high,high,0
Lumen,0.7457,0.8194,0.2230,-0.0711,0.0000,0.4798,0.5074,high,high,0
Lumen,0.7456,0.8194,0.2185,-0.0714,0.0000,0.4798,0.5432,high,high,0
Lumen,0.7454,0.8193,0.2153,-0.0716,0.0000,0.4798,0.5687,high,high,0
Lumen,0.7452,0.8192,0.2124,-0.0719,0.0000,0.4798,0.5909,high,high,0
Lumen,0.7450,0.8192,0.2102,-0.0721,0.0000,0.4799,0.6087,high,high,0
Lumen,0.7448,0.8191,0.2083,-0.0723,0.0000,0.4799,0.6233,high,high,0
Lumen,0.7446,0.8189,0.2069,-0.0725,0.0000,0.4799,0.6343,high,high,0
Lumen,0.7445,0.8187,0.2008,-0.0727,0.0000,0.4799,0.6806,high,high,0
Lumen,0.7443,0.8185,0.1958,-0.0728,0.0000,0.4799,0.7178,high,high,0
Lumen,0.7442,0.8184,0.1913,-0.0730,0.0000,0.4800,0.7488,high,high,0
Lumen,0.7441,0.8182,0.1876,-0.0731,0.0000,0.4800,0.7734,high,high,0
Lumen,0.7440,0.8180,0.1845,-0.0732,0.0000,0.4800,0.7937,high,high,0
Lumen,0.7440,0.8177,0.1818,-0.0732,0.1499,0.4800,0.8097,high,high,0
Lumen,0.7438,0.8174,0.1797,-0.0733,0.1499,0.4801,0.8225,high,high,0
Lumen,0.7437,0.8169,0.1781,-0.0733,0.0000,0.4801,0.8330,high,high,0
Lumen,0.7437,0.8165,0.1764,-0.0732,0.0000,0.4802,0.8430,high,high,0
Lumen,0.7432,0.8158,0.1766,-0.0732,0.1500,0.4802,0.8474,high,high,0
Lumen,0.7433,0.8152,0.1750,-0.0730,0.0000,0.4803,0.8578,high,high,0
Lumen,0.7434,0.8146,0.1735,-0.0729,0.0000,0.4804,0.8676,high,high,0
Lumen,0.7431,0.8138,0.1735,-0.0726,0.0000,0.4805,0.8737,high,high,0
Lumen,0.7431,0.8131,0.1729,-0.0724,0.0000,0.4805,0.8806,high,high,0
Lumen,0.7431,0.8126,0.1721,-0.0721,0.0000,0.4806,0.8869,high,high,0
Lumen,0.7432,0.8122,0.1711,-0.0718,0.0000,0.4806,0.8929,high,high,0
Lumen,0.7432,0.8118,0.1704,-0.0715,0.1499,0.4806,0.8976,high,high,0
Lumen,0.7433,0.8114,0.1696,-0.0711,0.0000,0.4806,0.9018,high,high,0
Lumen,0.7434,0.8111,0.1690,-0.0708,0.0000,0.4806,0.9052,high,high,0
Lumen,0.7435,0.8108,0.1684,-0.0704,0.0000,0.4806,0.9081,high,high,0
Lumen,0.7436,0.8105,0.1680,-0.0701,0.0000,0.4806,0.9107,high,high,0
Lumen,0.7436,0.8102,0.1677,-0.0697,0.0000,0.4806,0.9132,high,high,0
Lumen,0.7437,0.8100,0.1672,-0.0694,0.0000,0.4806,0.9154,high,high,0
Lumen,0.7437,0.8097,0.1671,-0.0690,0.1498,0.4806,0.9180,high,high,0
Lumen,0.7438,0.8093,0.1669,-0.0687,0.0000,0.4807,0.9206,high,high,0
Lumen,0.7438,0.8089,0.1668,-0.0683,0.0000,0.4807,0.9238,high,high,0
Lumen,0.7439,0.8087,0.1664,-0.0680,0.0000,0.4807,0.9258,high,high,0
Lumen,0.7439,0.8084,0.1661,-0.0676,0.0000,0.4807,0.9277,high,high,0
Lumen,0.7436,0.8078,0.1673,-0.0673,0.0000,0.4807,0.9335,high,high,0
Lumen,0.7437,0.8075,0.1669,-0.0669,0.0000,0.4808,0.9353,high,high,0
Lumen,0.7438,0.8086,0.1666,-0.0667,0.0000,0.4807,0.9263,high,high,0
Lumen,0.7439,0.8096,0.1663,-0.0666,0.0000,0.4805,0.9183,high,high,0
Lumen,0.7439,0.8104,0.1662,-0.0666,0.0000,0.4803,0.9112,high,high,0
Lumen,0.7440,0.8114,0.1659,-0.0667,0.0000,0.4802,0.9026,high,high,0
Lumen,0.7440,0.8123,0.1657,-0.0669,0.0000,0.4800,0.8951,high,high,0
Lumen,0.7440,0.8133,0.1656,-0.0671,0.0000,0.4799,0.8869,high,high,0
Lumen,0.7440,0.8141,0.1656,-0.0674,0.0000,0.4798,0.8800,high,high,0
Lumen,0.7441,0.8149,0.1655,-0.0677,0.0000,0.4797,0.8736,high,high,0
Lumen,0.7441,0.8157,0.1654,-0.0681,0.0000,0.4797,0.8662,high,high,0
Lumen,0.7441,0.8165,0.1654,-0.0686,0.0000,0.4797,0.8598,high,high,0
Lumen,0.7441,0.8172,0.1652,-0.0690,0.0000,0.4796,0.8537,high,high,0
Lumen,0.7440,0.8178,0.1653,-0.0695,0.0000,0.4796,0.8490,high,high,0
Lumen,0.7441,0.8184,0.1651,-0.0700,0.0000,0.4796,0.8440,high,high,0
Lumen,0.7441,0.8189,0.1650,-0.0705,0.0000,0.4796,0.8396,high,high,0
Lumen,0.7441,0.8194,0.1648,-0.0709,0.0000,0.4796,0.8353,high,high,0
Lumen,0.7442,0.8198,0.1646,-0.0714,0.0000,0.4796,0.8314,high,high,0
Lumen,0.7442,0.8202,0.1642,-0.0719,0.0000,0.4796,0.8277,high,high,0
Lumen,0.7443,0.8205,0.1640,-0.0723,0.0000,0.4797,0.8245,high,high,0
Lumen,0.7444,0.8209,0.1636,-0.0727,0.0000,0.4797,0.8211,high,high,0
Lumen,0.7445,0.8212,0.1633,-0.0731,0.0000,0.4797,0.8181,high,high,0
Lumen,0.7446,0.8215,0.1628,-0.0735,0.0000,0.4797,0.8144,high,high,0
Lumen,0.7447,0.8217,0.1625,-0.0739,0.0000,0.4797,0.8123,high,high,0
Lumen,0.7448,0.8220,0.1622,-0.0742,0.1498,0.4797,0.8097,high,high,0
Lumen,0.7449,0.8222,0.1618,-0.0745,0.0000,0.4797,0.8070,high,high,0
Lumen,0.7451,0.8224,0.1613,-0.0748,0.0000,0.4798,0.8043,high,high,0
Lumen,0.7452,0.8226,0.1609,-0.0750,0.0000,0.4798,0.8022,high,high,0
Lumen,0.7453,0.8228,0.1604,-0.0753,0.0000,0.4798,0.7993,high,high,0
Lumen,0.7455,0.8230,0.1599,-0.0755,0.0000,0.4798,0.7960,high,high,0
Lumen,0.7457,0.8232,0.1595,-0.0757,0.0000,0.4798,0.7933,high,high,0
Lumen,0.7458,0.8234,0.1591,-0.0759,0.0000,0.4798,0.7908,high,high,0
Lumen,0.7459,0.8235,0.1588,-0.0761,0.0000,0.4798,0.7888,high,high,0
Lumen,0.7460,0.8237,0.1585,-0.0762,0.0000,0.4798,0.7865,high,high,0
Lumen,0.7461,0.8238,0.1583,-0.0764,0.0000,0.4798,0.7847,high,high,0
Lumen,0.7462,0.8239,0.1582,-0.0765,0.0000,0.4799,0.7836,high,high,0
Lumen,0.7462,0.8240,0.1579,-0.0766,0.0000,0.4799,0.7817,high,high,0
Lumen,0.7463,0.8242,0.1578,-0.0768,0.0000,0.4799,0.7804,high,high,0
Lumen,0.7464,0.8243,0.1577,-0.0769,0.0000,0.4799,0.7792,high,high,0
Lumen,0.7464,0.8243,0.1577,-0.0770,0.0000,0.4799,0.7786,high,high,0
Lumen,0.7464,0.8244,0.1576,-0.0771,0.0000,0.4799,0.7777,high,high,0
Lumen,0.7465,0.8245,0.1576,-0.0772,0.0000,0.4799,0.7771,high,high,0
Lumen,0.7465,0.8246,0.1574,-0.0773,0.1475,0.4799,0.7761,high,high,0
Lumen,0.7465,0.8246,0.1574,-0.0773,0.0000,0.4799,0.7755,high,high,0
Lumen,0.7466,0.8247,0.1573,-0.0774,0.0000,0.4799,0.7745,high,high,0
Lumen,0.7467,0.8248,0.1571,-0.0775,0.0000,0.4799,0.7733,high,high,0
Lumen,0.7467,0.8249,0.1570,-0.0775,0.0000,0.4799,0.7722,high,high,0
Lumen,0.7467,0.8249,0.1570,-0.0776,0.0000,0.4799,0.7719,high,high,0
Lumen,0.7467,0.8249,0.1570,-0.0777,0.1494,0.4799,0.7716,high,high,0
Lumen,0.7468,0.8250,0.1568,-0.0777,0.0000,0.4799,0.7701,high,high,0
Lumen,0.7468,0.8251,0.1567,-0.0778,0.0000,0.4799,0.7697,high,high,0
Lumen,0.7468,0.8251,0.1568,-0.0778,0.1483,0.4799,0.7699,high,high,0
Lumen,0.7468,0.8251,0.1568,-0.0779,0.0000,0.4799,0.7697,high,high,0
Lumen,0.7468,0.8251,0.1568,-0.0779,0.0000,0.4799,0.7694,high,high,0
Lumen,0.7469,0.8252,0.1567,-0.0780,0.1491,0.4799,0.7688,high,high,0
Lumen,0.7468,0.8252,0.1568,-0.0780,0.0000,0.4799,0.7690,high,high,0
Lumen,0.7469,0.8253,0.1566,-0.0780,0.0000,0.4799,0.7676,high,high,0
Lumen,0.7469,0.8253,0.1565,-0.0781,0.0000,0.4799,0.7670,high,high,0
Lumen,0.7470,0.8254,0.1564,-0.0781,0.0000,0.4799,0.7660,high,high,0
Lumen,0.7470,0.8254,0.1563,-0.0781,0.0000,0.4799,0.7652,high,high,0
Lumen,0.7471,0.8255,0.1561,-0.0781,0.0000,0.4799,0.7642,high,high,0
Lumen,0.7471,0.8255,0.1561,-0.0782,0.0000,0.4799,0.7642,high,high,0
Lumen,0.7471,0.8255,0.1561,-0.0782,0.0000,0.4799,0.7638,high,high,0
Lumen,0.7471,0.8255,0.1563,-0.0782,0.0000,0.4799,0.7645,high,high,0
Lumen,0.7470,0.8255,0.1564,-0.0782,0.0000,0.4799,0.7649,high,high,0
Lumen,0.7471,0.8255,0.1563,-0.0783,0.0000,0.4799,0.7645,high,high,0
Lumen,0.7471,0.8256,0.1562,-0.0783,0.1480,0.4799,0.7639,high,high,0
Lumen,0.7471,0.8256,0.1562,-0.0783,0.0000,0.4799,0.7640,high,high,0
Lumen,0.7471,0.8256,0.1561,-0.0783,0.0000,0.4799,0.7633,high,high,0
Lumen,0.7471,0.8256,0.1560,-0.0783,0.0000,0.4799,0.7627,high,high,0
Lumen,0.7472,0.8257,0.1559,-0.0784,0.0000,0.4799,0.7619,high,high,0
Lumen,0.7472,0.8257,0.1560,-0.0784,0.0000,0.4799,0.7625,high,high,0
Lumen,0.7471,0.8257,0.1561,-0.0784,0.0000,0.4799,0.7628,high,high,0
Lumen,0.7471,0.8256,0.1563,-0.0784,0.0000,0.4799,0.7637,high,high,0
Lumen,0.7471,0.8256,0.1564,-0.0784,0.0000,0.4799,0.7642,high,high,0
Lumen,0.7471,0.8256,0.1563,-0.0784,0.0000,0.4799,0.7634,high,high,0
Lumen,0.7471,0.8256,0.1563,-0.0784,0.0000,0.4799,0.7636,high,high,0
Lumen,0.7471,0.8256,0.1564,-0.0785,0.0000,0.4799,0.7641,high,high,0
Lumen,0.7471,0.8256,0.1564,-0.0785,0.0000,0.4799,0.7641,high,high,0
Lumen,0.7471,0.8256,0.1564,-0.0785,0.0000,0.4799,0.7639,high,high,0
Lumen,0.7471,0.8257,0.1562,-0.0785,0.0000,0.4799,0.7630,high,high,0
Lumen,0.7471,0.8256,0.1563,-0.0785,0.0000,0.4799,0.7637,high,high,0
Lumen,0.7471,0.8256,0.1563,-0.0785,0.0000,0.4799,0.7636,high,high,0
Lumen,0.7470,0.8256,0.1565,-0.0785,0.1474,0.4799,0.7643,high,high,0
Lumen,0.7470,0.8256,0.1565,-0.0785,0.0000,0.4799,0.7643,high,high,0
Lumen,0.7471,0.8256,0.1564,-0.0785,0.1477,0.4799,0.7638,high,high,0
Lumen,0.7471,0.8256,0.1564,-0.0785,0.0000,0.4799,0.7641,high,high,0
Lumen,0.7470,0.8256,0.1565,-0.0785,0.0000,0.4799,0.7644,high,high,0
Lumen,0.7470,0.8256,0.1565,-0.0785,0.0000,0.4799,0.7646,high,high,0
Lumen,0.7471,0.8256,0.1564,-0.0785,0.0000,0.4799,0.7640,high,high,0
Lumen,0.7471,0.8256,0.1563,-0.0785,0.0000,0.4799,0.7636,high,high,0
Lumen,0.7471,0.8256,0.1564,-0.0785,0.0000,0.4799,0.7638,high,high,0
Lumen,0.7471,0.8257,0.1563,-0.0786,0.0000,0.4799,0.7635,high,high,0
Lumen,0.7471,0.8257,0.1563,-0.0786,0.0000,0.4799,0.7634,high,high,0
Lumen,0.7471,0.8257,0.1563,-0.0786,0.0000,0.4799,0.7633,high,high,0
Lumen,0.7474,0.8259,0.1554,-0.0786,0.1498,0.4799,0.7584,high,high,0
Lumen,0.7473,0.8259,0.1555,-0.0786,0.0000,0.4799,0.7587,high,high,0
Lumen,0.7473,0.8259,0.1557,-0.0786,0.1499,0.4799,0.7598,high,high,0
Lumen,0.7473,0.8258,0.1558,-0.0786,0.0000,0.4799,0.7604,high,high,0
Lumen,0.7472,0.8258,0.1559,-0.0786,0.0000,0.4799,0.7610,high,high,0
Lumen,0.7472,0.8258,0.1560,-0.0786,0.0000,0.4799,0.7612,high,high,0
Lumen,0.7472,0.8258,0.1561,-0.0786,0.0000,0.4800,0.7619,high,high,0
Lumen,0.7471,0.8257,0.1562,-0.0786,0.0000,0.4800,0.7625,high,high,0
Lumen,0.7471,0.8257,0.1563,-0.0786,0.0000,0.4800,0.7629,high,high,0
Lumen,0.7471,0.8258,0.1562,-0.0786,0.0000,0.4800,0.7622,high,high,0
Lumen,0.7471,0.8257,0.1562,-0.0786,0.0000,0.4799,0.7624,high,high,0
Lumen,0.7471,0.8258,0.1562,-0.0786,0.0000,0.4799,0.7622,high,high,0
Lumen,0.7472,0.8258,0.1561,-0.0786,0.0000,0.4799,0.7619,high,high,0
Lumen,0.7471,0.8257,0.1563,-0.0786,0.0000,0.4799,0.7632,high,high,0
Lumen,0.7471,0.8257,0.1563,-0.0786,0.0000,0.4799,0.7628,high,high,0
Lumen,0.7471,0.8257,0.1562,-0.0786,0.0000,0.4799,0.7627,high,high,0
Lumen,0.7471,0.8257,0.1563,-0.0786,0.0000,0.4799,0.7628,high,high,0
Lumen,0.7471,0.8257,0.1564,-0.0786,0.1473,0.4799,0.7635,high,high,0
Lumen,0.7471,0.8257,0.1564,-0.0786,0.0000,0.4799,0.7638,high,high,0
Lumen,0.7471,0.8257,0.1564,-0.0786,0.0000,0.4799,0.7638,high,high,0
Lumen,0.7471,0.8257,0.1563,-0.0786,0.1494,0.4799,0.7634,high,high,0
Lumen,0.7471,0.8257,0.1564,-0.0786,0.0000,0.4799,0.7638,high,high,0
Lumen,0.7471,0.8257,0.1564,-0.0786,0.0000,0.4799,0.7638,high,high,0
Lumen,0.7471,0.8257,0.1563,-0.0786,0.1491,0.4799,0.7633,high,high,0
Lumen,0.7471,0.8257,0.1562,-0.0786,0.0000,0.4799,0.7626,high,high,0
Lumen,0.7471,0.8257,0.1563,-0.0786,0.0000,0.4799,0.7633,high,high,0
Lumen,0.7471,0.8257,0.1563,-0.0786,0.0000,0.4799,0.7632,high,high,0
Lumen,0.7471,0.8257,0.1563,-0.0786,0.0000,0.4799,0.7635,high,high,0
Lumen,0.7471,0.8257,0.1564,-0.0786,0.0000,0.4799,0.7636,high,high,0
Lumen,0.7471,0.8257,0.1564,-0.0786,0.0000,0.4799,0.7635,high,high,0
Lumen,0.7470,0.8256,0.1565,-0.0786,0.0000,0.4799,0.7646,high,high,0
Lumen,0.7470,0.8256,0.1566,-0.0786,0.0000,0.4799,0.7647,high,high,0
Lumen,0.7470,0.8256,0.1567,-0.0786,0.0000,0.4799,0.7655,high,high,0
Lumen,0.7470,0.8256,0.1566,-0.0786,0.0000,0.4799,0.7652,high,high,0
Lumen,0.7470,0.8256,0.1566,-0.0786,0.0000,0.4799,0.7649,high,high,0
Lumen,0.7470,0.8256,0.1565,-0.0786,0.0000,0.4799,0.7646,high,high,0
Lumen,0.7470,0.8256,0.1567,-0.0786,0.0000,0.4799,0.7654,high,high,0
Lumen,0.7470,0.8256,0.1567,-0.0786,0.0000,0.4799,0.7655,high,high,0
Lumen,0.7470,0.8256,0.1566,-0.0786,0.0000,0.4799,0.7651,high,high,0
Lumen,0.7470,0.8256,0.1565,-0.0786,0.0000,0.4799,0.7647,high,high,0
Lumen,0.7470,0.8256,0.1566,-0.0786,0.0000,0.4799,0.7650,high,high,0
Lumen,0.7470,0.8255,0.1567,-0.0786,0.0000,0.4799,0.7657,high,high,0
Lumen,0.7469,0.8255,0.1568,-0.0786,0.0000,0.4799,0.7662,high,high,0
Lumen,0.7469,0.8255,0.1567,-0.0786,0.0000,0.4799,0.7658,high,high,0
Lumen,0.7469,0.8255,0.1567,-0.0786,0.0000,0.4799,0.7659,high,high,0
Lumen,0.7470,0.8256,0.1566,-0.0786,0.1480,0.4799,0.7655,high,high,0
Lumen,0.7469,0.8255,0.1567,-0.0786,0.0000,0.4799,0.7661,high,high,0
Lumen,0.7470,0.8256,0.1565,-0.0786,0.0000,0.4799,0.7650,high,high,0
Lumen,0.7470,0.8256,0.1564,-0.0786,0.0000,0.4799,0.7643,high,high,0
Lumen,0.7470,0.8256,0.1564,-0.0786,0.0000,0.4799,0.7641,high,high,0
Lumen,0.7471,0.8256,0.1563,-0.0786,0.0000,0.4799,0.7634,high,high,0
Lumen,0.7471,0.8257,0.1561,-0.0786,0.0000,0.4799,0.7624,high,high,0
Lumen,0.7472,0.8257,0.1559,-0.0786,0.0000,0.4799,0.7614,high,high,0
Lumen,0.7472,0.8258,0.1558,-0.0786,0.0000,0.4799,0.7607,high,high,0
Lumen,0.7473,0.8258,0.1557,-0.0786,0.0000,0.4799,0.7600,high,high,0
Lumen,0.7473,0.8259,0.1556,-0.0786,0.0000,0.4799,0.7593,high,high,0
Lumen,0.7474,0.8259,0.1554,-0.0786,0.0000,0.4799,0.7583,high,high,0
Lumen,0.7473,0.8259,0.1555,-0.0786,0.0000,0.4799,0.7589,high,high,0
Lumen,0.7473,0.8259,0.1556,-0.0786,0.0000,0.4799,0.7591,high,high,0
Lumen,0.7473,0.8259,0.1556,-0.0786,0.0000,0.4799,0.7592,high,high,0
Lumen,0.7473,0.8259,0.1556,-0.0786,0.0000,0.4799,0.7590,high,high,0
Lumen,0.7473,0.8259,0.1558,-0.0786,0.0000,0.4799,0.7597,high,high,0
Lumen,0.7473,0.8259,0.1556,-0.0786,0.0000,0.4799,0.7589,high,high,0
Lumen,0.7473,0.8259,0.1555,-0.0786,0.0000,0.4799,0.7584,high,high,0
Lumen,0.7473,0.8259,0.1556,-0.0786,0.0000,0.4799,0.7588,high,high,0
Lumen,0.7473,0.8260,0.1556,-0.0786,0.0000,0.4799,0.7586,high,high,0
Lumen,0.7473,0.8259,0.1558,-0.0786,0.0000,0.4800,0.7595,high,high,0
Lumen,0.7473,0.8259,0.1558,-0.0786,0.0000,0.4800,0.7599,high,high,0
Lumen,0.7473,0.8259,0.1558,-0.0786,0.0000,0.4800,0.7596,high,high,0
Lumen,0.7473,0.8259,0.1558,-0.0786,0.0000,0.4800,0.7599,high,high,0
Lumen,0.7473,0.8259,0.1558,-0.0786,0.0000,0.4800,0.7599,high,high,0
Lumen,0.7472,0.8258,0.1560,-0.0786,0.1489,0.4800,0.7611,high,high,0
Lumen,0.7472,0.8259,0.1560,-0.0786,0.0000,0.4800,0.7607,high,high,0
Lumen,0.7473,0.8259,0.1557,-0.0786,0.1496,0.4799,0.7590,high,high,0
Lumen,0.7474,0.8260,0.1554,-0.0786,0.0000,0.4799,0.7574,high,high,0
Lumen,0.7474,0.8260,0.1553,-0.0786,0.0000,0.4799,0.7567,high,high,0
Lumen,0.7475,0.8261,0.1551,-0.0786,0.0000,0.4799,0.7557,high,high,0
Lumen,0.7475,0.8261,0.1551,-0.0786,0.0000,0.4799,0.7556,high,high,0
Lumen,0.7475,0.8261,0.1550,-0.0786,0.1493,0.4799,0.7549,high,high,0
Lumen,0.7475,0.8261,0.1551,-0.0786,0.0000,0.4799,0.7554,high,high,0
Lumen,0.7476,0.8262,0.1550,-0.0786,0.0000,0.4799,0.7544,high,high,0
Lumen,0.7475,0.8261,0.1553,-0.0786,0.0000,0.4800,0.7560,high,high,0
Lumen,0.7475,0.8261,0.1553,-0.0786,0.0000,0.4800,0.7565,high,high,0
Lumen,0.7474,0.8261,0.1555,-0.0786,0.0000,0.4800,0.7575,high,high,0
Lumen,0.7473,0.8260,0.1558,-0.0786,0.0000,0.4800,0.7589,high,high,0
Lumen,0.7473,0.8259,0.1559,-0.0786,0.0000,0.4800,0.7601,high,high,0
Lumen,0.7472,0.8260,0.1562,-0.0786,0.0000,0.4800,0.7607,high,high,0
Lumen,0.7471,0.8260,0.1564,-0.0787,0.1499,0.4800,0.7613,high,high,0
Lumen,0.7471,0.8261,0.1563,-0.0787,0.1499,0.4799,0.7602,high,high,0
Lumen,0.7472,0.8262,0.1560,-0.0787,0.0000,0.4799,0.7586,high,high,0
Lumen,0.7472,0.8262,0.1560,-0.0787,0.0000,0.4799,0.7579,high,high,0
Lumen,0.7472,0.8262,0.1561,-0.0788,0.0000,0.4799,0.7581,high,high,0
Lumen,0.7472,0.8263,0.1562,-0.0788,0.1497,0.4799,0.7583,high,high,0
Lumen,0.7472,0.8263,0.1561,-0.0788,0.0000,0.4799,0.7577,high,high,0
Lumen,0.7472,0.8263,0.1562,-0.0789,0.0000,0.4799,0.7579,high,high,0
Lumen,0.7471,0.8263,0.1563,-0.0789,0.0000,0.4799,0.7582,high,high,0
Lumen,0.7472,0.8264,0.1561,-0.0789,0.0000,0.4799,0.7572,high,high,0
Lumen,0.7472,0.8264,0.1560,-0.0790,0.0000,0.4799,0.7563,high,high,0
Lumen,0.7474,0.8266,0.1555,-0.0790,0.0000,0.4799,0.7532,high,high,0
Lumen,0.7474,0.8267,0.1553,-0.0790,0.0000,0.4799,0.7519,high,high,0
Lumen,0.7474,0.8267,0.1552,-0.0790,0.0000,0.4799,0.7513,high,high,0
Lumen,0.7474,0.8268,0.1552,-0.0791,0.0000,0.4799,0.7511,high,high,0
Lumen,0.7474,0.8268,0.1553,-0.0791,0.1496,0.4799,0.7511,high,high,0
Lumen,0.7475,0.8269,0.1550,-0.0791,0.0000,0.4799,0.7495,high,high,0
Lumen,0.7476,0.8269,0.1548,-0.0791,0.0000,0.4799,0.7483,high,high,0
Lumen,0.7476,0.8270,0.1546,-0.0792,0.0000,0.4799,0.7469,high,high,0
Lumen,0.7477,0.8271,0.1544,-0.0792,0.0000,0.4799,0.7451,high,high,0
Lumen,0.7477,0.8271,0.1545,-0.0792,0.0000,0.4799,0.7454,high,high,0
Lumen,0.7477,0.8271,0.1545,-0.0792,0.0000,0.4799,0.7455,high,high,0
Lumen,0.7477,0.8272,0.1544,-0.0793,0.0000,0.4799,0.7444,high,high,0
Lumen,0.7476,0.8271,0.1548,-0.0793,0.0000,0.4799,0.7466,high,high,0
Lumen,0.7476,0.8271,0.1550,-0.0793,0.0000,0.4799,0.7478,high,high,0
Lumen,0.7475,0.8271,0.1551,-0.0793,0.0000,0.4799,0.7479,high,high,0
Lumen,0.7475,0.8271,0.1551,-0.0794,0.0000,0.4799,0.7481,high,high,0
Lumen,0.7475,0.8269,0.1552,-0.0794,0.0000,0.4799,0.7499,high,high,0
Lumen,0.7474,0.8266,0.1555,-0.0793,0.0000,0.4800,0.7535,high,high,0
Lumen,0.7474,0.8262,0.1556,-0.0793,0.0000,0.4800,0.7566,high,high,0
Lumen,0.7472,0.8257,0.1565,-0.0792,0.1499,0.4801,0.7635,high,high,0
Lumen,0.7471,0.8254,0.1571,-0.0791,0.0000,0.4801,0.7681,high,high,0
Lumen,0.7470,0.8251,0.1572,-0.0790,0.0000,0.4802,0.7711,high,high,0
Lumen,0.7469,0.8247,0.1575,-0.0789,0.0000,0.4802,0.7744,high,high,0
Lumen,0.7470,0.8245,0.1573,-0.0788,0.0000,0.4802,0.7757,high,high,0
Lumen,0.7470,0.8243,0.1572,-0.0786,0.0000,0.4802,0.7766,high,high,0
Lumen,0.7470,0.8242,0.1570,-0.0785,0.0000,0.4802,0.7775,high,high,0
Lumen,0.7470,0.8240,0.1571,-0.0783,0.0000,0.4802,0.7795,high,high,0
Lumen,0.7470,0.8238,0.1570,-0.0782,0.0000,0.4802,0.7801,high,high,0
Lumen,0.7470,0.8237,0.1568,-0.0780,0.0000,0.4802,0.7804,high,high,0
Lumen,0.7473,0.8237,0.1561,-0.0779,0.0000,0.4802,0.7772,high,high,0
Lumen,0.7475,0.8238,0.1554,-0.0777,0.0000,0.4802,0.7742,high,high,0
Lumen,0.7476,0.8238,0.1551,-0.0776,0.0000,0.4802,0.7731,high,high,0
Lumen,0.7476,0.8237,0.1551,-0.0774,0.0000,0.4802,0.7736,high,high,0
Lumen,0.7477,0.8236,0.1549,-0.0773,0.0000,0.4802,0.7732,high,high,0
Lumen,0.7475,0.8234,0.1553,-0.0771,0.0000,0.4802,0.7763,high,high,0
Lumen,0.7475,0.8233,0.1556,-0.0770,0.0000,0.4802,0.7783,high,high,0
Lumen,0.7474,0.8232,0.1558,-0.0769,0.0000,0.4802,0.7801,high,high,0
Lumen,0.7473,0.8230,0.1561,-0.0768,0.0000,0.4802,0.7823,high,high,0
Lumen,0.7473,0.8229,0.1562,-0.0767,0.0000,0.4802,0.7835,high,high,0
Lumen,0.7473,0.8229,0.1561,-0.0765,0.0000,0.4802,0.7835,high,high,0
Lumen,0.7473,0.8228,0.1562,-0.0764,0.0000,0.4802,0.7845,high,high,0
Lumen,0.7473,0.8228,0.1561,-0.0763,0.0000,0.4802,0.7846,high,high,0
Lumen,0.7472,0.8227,0.1563,-0.0763,0.0000,0.4802,0.7860,high,high,0
Lumen,0.7473,0.8227,0.1561,-0.0762,0.0000,0.4802,0.7851,high,high,0
Lumen,0.7472,0.8226,0.1564,-0.0761,0.0000,0.4802,0.7872,high,high,0
Lumen,0.7471,0.8224,0.1568,-0.0760,0.0000,0.4803,0.7896,high,high,0
Lumen,0.7466,0.8220,0.1586,-0.0760,0.0000,0.4803,0.8000,high,high,0
Lumen,0.7466,0.8219,0.1584,-0.0759,0.0000,0.4803,0.7995,high,high,0
Lumen,0.7467,0.8219,0.1581,-0.0758,0.0000,0.4803,0.7985,high,high,0
Lumen,0.7468,0.8220,0.1576,-0.0758,0.0000,0.4803,0.7962,high,high,0
Lumen,0.7468,0.8220,0.1575,-0.0757,0.0000,0.4802,0.7959,high,high,0
Lumen,0.7469,0.8220,0.1574,-0.0756,0.0000,0.4802,0.7954,high,high,0
Lumen,0.7469,0.8220,0.1571,-0.0756,0.0000,0.4802,0.7944,high,high,0
Lumen,0.7469,0.8220,0.1572,-0.0755,0.0000,0.4802,0.7948,high,high,0
Lumen,0.7469,0.8219,0.1573,-0.0755,0.0000,0.4802,0.7957,high,high,0
Lumen,0.7469,0.8219,0.1571,-0.0754,0.0000,0.4802,0.7949,high,high,0
Lumen,0.7469,0.8219,0.1571,-0.0754,0.0000,0.4802,0.7951,high,high,0
Lumen,0.7470,0.8219,0.1569,-0.0753,0.0000,0.4802,0.7940,high,high,0
Lumen,0.7472,0.8220,0.1564,-0.0753,0.1498,0.4802,0.7911,high,high,0
Lumen,0.7473,0.8222,0.1558,-0.0752,0.0000,0.4802,0.7879,high,high,0
Lumen,0.7473,0.8221,0.1560,-0.0752,0.0000,0.4802,0.7890,high,high,0
Lumen,0.7473,0.8222,0.1558,-0.0752,0.0000,0.4802,0.7879,high,high,0
Lumen,0.7473,0.8221,0.1560,-0.0751,0.0000,0.4802,0.7891,high,high,0
Lumen,0.7473,0.8221,0.1561,-0.0751,0.0000,0.4802,0.7896,high,high,0
Lumen,0.7472,0.8221,0.1563,-0.0751,0.0000,0.4802,0.7906,high,high,0
Lumen,0.7472,0.8221,0.1563,-0.0751,0.0000,0.4802,0.7906,high,high,0
Lumen,0.7472,0.8221,0.1562,-0.0750,0.0000,0.4802,0.7904,high,high,0
Lumen,0.7472,0.8221,0.1563,-0.0750,0.1492,0.4802,0.7905,high,high,0
Lumen,0.7472,0.8220,0.1564,-0.0750,0.0000,0.4802,0.7912,high,high,0
Lumen,0.7471,0.8220,0.1566,-0.0750,0.0000,0.4802,0.7925,high,high,0
Lumen,0.7471,0.8219,0.1567,-0.0750,0.0000,0.4802,0.7931,high,high,0
Lumen,0.7471,0.8219,0.1567,-0.0750,0.0000,0.4802,0.7935,high,high,0
Lumen,0.7471,0.8220,0.1565,-0.0750,0.0000,0.4802,0.7923,high,high,0
Lumen,0.7473,0.8221,0.1560,-0.0749,0.0000,0.4801,0.7893,high,high,0
Lumen,0.7473,0.8221,0.1560,-0.0749,0.0000,0.4801,0.7893,high,high,0
Lumen,0.7473,0.8221,0.1560,-0.0749,0.1496,0.4801,0.7890,high,high,0
Lumen,0.7473,0.8221,0.1559,-0.0749,0.0000,0.4801,0.7886,high,high,0
Lumen,0.7473,0.8222,0.1558,-0.0749,0.0000,0.4801,0.7879,high,high,0
Lumen,0.7473,0.8221,0.1559,-0.0749,0.0000,0.4801,0.7886,high,high,0
Lumen,0.7473,0.8221,0.1560,-0.0749,0.0000,0.4801,0.7886,high,high,0
Lumen,0.7473,0.8220,0.1561,-0.0749,0.0000,0.4802,0.7901,high,high,0
Lumen,0.7472,0.8219,0.1562,-0.0749,0.0000,0.4802,0.7917,high,high,0
Lumen,0.7471,0.8217,0.1565,-0.0748,0.0000,0.4802,0.7941,high,high,0
Lumen,0.7472,0.8216,0.1563,-0.0748,0.0000,0.4802,0.7938,high,high,0
Lumen,0.7472,0.8215,0.1564,-0.0747,0.1492,0.4802,0.7949,high,high,0
Lumen,0.7475,0.8217,0.1559,-0.0747,0.1498,0.4803,0.7918,high,high,0
Lumen,0.7475,0.8215,0.1562,-0.0746,0.0000,0.4803,0.7937,high,high,0
Lumen,0.7467,0.8176,0.1564,-0.0742,0.0000,0.4805,0.8233,high,high,0
Lumen,0.7467,0.8177,0.1567,-0.0739,0.0000,0.4807,0.8244,high,high,0
Lumen,0.7467,0.8178,0.1568,-0.0736,0.1500,0.4808,0.8244,high,high,0
Lumen,0.7468,0.8179,0.1567,-0.0734,0.1500,0.4807,0.8232,high,high,0
Lumen,0.7469,0.8180,0.1565,-0.0732,0.0000,0.4806,0.8210,high,high,0
Lumen,0.7469,0.8181,0.1565,-0.0730,0.0000,0.4805,0.8202,high,high,0
Lumen,0.7470,0.8182,0.1565,-0.0728,0.0000,0.4805,0.8195,high,high,0
Lumen,0.7470,0.8183,0.1565,-0.0727,0.0000,0.4804,0.8188,high,high,0
Lumen,0.7470,0.8183,0.1566,-0.0725,0.0000,0.4804,0.8190,high,high,0
Lumen,0.7470,0.8184,0.1566,-0.0724,0.0000,0.4803,0.8188,high,high,0
Lumen,0.7470,0.8184,0.1567,-0.0723,0.0000,0.4803,0.8191,high,high,0
Lumen,0.7470,0.8184,0.1568,-0.0722,0.1499,0.4803,0.8198,high,high,0
Lumen,0.7470,0.8184,0.1568,-0.0721,0.0000,0.4803,0.8193,high,high,0
Lumen,0.7471,0.8185,0.1567,-0.0721,0.0000,0.4803,0.8187,high,high,0
Lumen,0.7471,0.8185,0.1566,-0.0720,0.0000,0.4803,0.8183,high,high,0
Lumen,0.7471,0.8185,0.1567,-0.0719,0.0000,0.4803,0.8183,high,high,0
Lumen,0.7471,0.8185,0.1568,-0.0719,0.1454,0.4803,0.8186,high,high,0
Lumen,0.7471,0.8186,0.1566,-0.0718,0.0000,0.4803,0.8177,high,high,0
Lumen,0.7471,0.8186,0.1566,-0.0718,0.0000,0.4803,0.8170,high,high,0
Lumen,0.7471,0.8186,0.1567,-0.0718,0.0000,0.4803,0.8178,high,high,0
Lumen,0.7470,0.8186,0.1568,-0.0718,0.0000,0.4803,0.8183,high,high,0
Lumen,0.7471,0.8187,0.1566,-0.0717,0.0000,0.4803,0.8166,high,high,0
Lumen,0.7472,0.8187,0.1565,-0.0717,0.0000,0.4803,0.8157,high,high,0
Lumen,0.7472,0.8187,0.1565,-0.0717,0.0000,0.4803,0.8155,high,high,0
Lumen,0.7472,0.8188,0.1564,-0.0717,0.0000,0.4803,0.8149,high,high,0
Lumen,0.7472,0.8188,0.1564,-0.0717,0.0000,0.4803,0.8146,high,high,0
Lumen,0.7472,0.8188,0.1564,-0.0717,0.0000,0.4803,0.8146,high,high,0
Lumen,0.7472,0.8188,0.1564,-0.0717,0.1487,0.4803,0.8147,high,high,0
Lumen,0.7472,0.8189,0.1564,-0.0717,0.0000,0.4803,0.8142,high,high,0
Lumen,0.7472,0.8189,0.1563,-0.0717,0.0000,0.4803,0.8140,high,high,0
Lumen,0.7472,0.8189,0.1564,-0.0717,0.0000,0.4803,0.8142,high,high,0
Lumen,0.7471,0.8189,0.1565,-0.0717,0.0000,0.4803,0.8151,high,high,0
Lumen,0.7472,0.8189,0.1564,-0.0717,0.0000,0.4803,0.8144,high,high,0
Lumen,0.7471,0.8189,0.1565,-0.0717,0.0000,0.4803,0.8150,high,high,0
Lumen,0.7472,0.8189,0.1565,-0.0717,0.0000,0.4803,0.8147,high,high,0
Lumen,0.7472,0.8189,0.1564,-0.0717,0.0000,0.4803,0.8143,high,high,0
Lumen,0.7472,0.8189,0.1565,-0.0717,0.0000,0.4803,0.8144,high,high,0
Lumen,0.7472,0.8189,0.1564,-0.0717,0.0000,0.4803,0.8139,high,high,0
Lumen,0.7472,0.8190,0.1563,-0.0717,0.0000,0.4803,0.8135,high,high,0
Lumen,0.7472,0.8189,0.1565,-0.0717,0.0000,0.4803,0.8143,high,high,0
Lumen,0.7472,0.8189,0.1564,-0.0717,0.0000,0.4803,0.8139,high,high,0
Lumen,0.7472,0.8190,0.1563,-0.0717,0.0000,0.4803,0.8134,high,high,0
Lumen,0.7472,0.8190,0.1563,-0.0717,0.0000,0.4803,0.8132,high,high,0
Lumen,0.7472,0.8190,0.1564,-0.0717,0.0000,0.4803,0.8136,high,high,0
Lumen,0.7471,0.8189,0.1566,-0.0717,0.0000,0.4803,0.8148,high,high,0
Lumen,0.7471,0.8189,0.1566,-0.0717,0.0000,0.4803,0.8146,high,high,0
Lumen,0.7471,0.8189,0.1566,-0.0717,0.0000,0.4803,0.8150,high,high,0
Lumen,0.7471,0.8189,0.1566,-0.0718,0.0000,0.4803,0.8147,high,high,0
Lumen,0.7471,0.8189,0.1567,-0.0718,0.0000,0.4803,0.8153,high,high,0
Lumen,0.7471,0.8189,0.1568,-0.0718,0.0000,0.4803,0.8159,high,high,0
Lumen,0.7471,0.8189,0.1567,-0.0718,0.0000,0.4803,0.8157,high,high,0
Lumen,0.7471,0.8189,0.1567,-0.0718,0.0000,0.4803,0.8156,high,high,0
Lumen,0.7471,0.8189,0.1567,-0.0718,0.0000,0.4803,0.8154,high,high,0
Lumen,0.7471,0.8189,0.1568,-0.0718,0.0000,0.4803,0.8159,high,high,0
Lumen,0.7470,0.8189,0.1568,-0.0718,0.0000,0.4803,0.8165,high,high,0
Lumen,0.7471,0.8189,0.1567,-0.0718,0.0000,0.4803,0.8158,high,high,0
Lumen,0.7471,0.8189,0.1567,-0.0718,0.0000,0.4803,0.8156,high,high,0
Lumen,0.7471,0.8189,0.1566,-0.0718,0.0000,0.4803,0.8153,high,high,0
Lumen,0.7471,0.8189,0.1567,-0.0718,0.0000,0.4803,0.8154,high,high,0
Lumen,0.7471,0.8189,0.1565,-0.0718,0.0000,0.4803,0.8145,high,high,0
Lumen,0.7471,0.8189,0.1565,-0.0718,0.0000,0.4803,0.8146,high,high,0
Lumen,0.7471,0.8189,0.1566,-0.0718,0.1489,0.4803,0.8149,high,high,0
Lumen,0.7472,0.8190,0.1564,-0.0718,0.0000,0.4803,0.8139,high,high,0
Lumen,0.7472,0.8190,0.1563,-0.0718,0.0000,0.4803,0.8129,high,high,0
Lumen,0.7472,0.8190,0.1562,-0.0718,0.0000,0.4803,0.8124,high,high,0
Lumen,0.7473,0.8191,0.1560,-0.0718,0.0000,0.4803,0.8113,high,high,0
Lumen,0.7473,0.8191,0.1560,-0.0718,0.0000,0.4803,0.8112,high,high,0
Lumen,0.7473,0.8191,0.1562,-0.0718,0.1497,0.4803,0.8120,high,high,0
Lumen,0.7472,0.8190,0.1563,-0.0718,0.0000,0.4803,0.8129,high,high,0
Lumen,0.7473,0.8191,0.1562,-0.0718,0.0000,0.4803,0.8118,high,high,0
Lumen,0.7473,0.8191,0.1562,-0.0718,0.0000,0.4803,0.8120,high,high,0
Lumen,0.7473,0.8191,0.1562,-0.0718,0.0000,0.4803,0.8122,high,high,0
Lumen,0.7472,0.8191,0.1563,-0.0718,0.0000,0.4803,0.8124,high,high,0
Lumen,0.7472,0.8191,0.1563,-0.0718,0.0000,0.4803,0.8124,high,high,0
Lumen,0.7472,0.8190,0.1565,-0.0718,0.1492,0.4803,0.8140,high,high,0
Lumen,0.7472,0.8190,0.1565,-0.0718,0.0000,0.4803,0.8136,high,high,0
Lumen,0.7481,0.8198,0.1543,-0.0718,0.1498,0.4803,0.7977,high,high,0
Lumen,0.7481,0.8198,0.1545,-0.0718,0.0000,0.4803,0.7988,high,high,0
Lumen,0.7481,0.8198,0.1545,-0.0718,0.1497,0.4803,0.7984,high,high,0
Lumen,0.7480,0.8198,0.1545,-0.0718,0.0000,0.4803,0.7987,high,high,0
Lumen,0.7480,0.8198,0.1546,-0.0718,0.0000,0.4803,0.7989,high,high,0
Lumen,0.7481,0.8199,0.1543,-0.0718,0.0000,0.4803,0.7973,high,high,0
Lumen,0.7481,0.8199,0.1541,-0.0718,0.0000,0.4803,0.7954,high,high,0
Lumen,0.7482,0.8200,0.1538,-0.0718,0.0000,0.4803,0.7932,high,high,0
Lumen,0.7482,0.8201,0.1537,-0.0718,0.0000,0.4803,0.7929,high,high,0
Lumen,0.7483,0.8201,0.1536,-0.0718,0.1490,0.4803,0.7917,high,high,0
Lumen,0.7484,0.8202,0.1533,-0.0718,0.0000,0.4803,0.7895,high,high,0
Lumen,0.7484,0.8203,0.1532,-0.0718,0.0000,0.4803,0.7884,high,high,0
Lumen,0.7485,0.8204,0.1529,-0.0718,0.0000,0.4803,0.7865,high,high,0
Lumen,0.7486,0.8205,0.1526,-0.0718,0.0000,0.4803,0.7842,high,high,0
Lumen,0.7486,0.8205,0.1525,-0.0718,0.0000,0.4803,0.7832,high,high,0
Lumen,0.7488,0.8207,0.1521,-0.0718,0.0000,0.4803,0.7801,high,high,0
Lumen,0.7488,0.8207,0.1520,-0.0718,0.0000,0.4803,0.7796,high,high,0
Lumen,0.7489,0.8208,0.1519,-0.0719,0.1495,0.4803,0.7783,high,high,0
Lumen,0.7489,0.8209,0.1517,-0.0719,0.0000,0.4803,0.7768,high,high,0
Lumen,0.7489,0.8209,0.1518,-0.0719,0.0000,0.4803,0.7772,high,high,0
Lumen,0.7488,0.8208,0.1520,-0.0719,0.0000,0.4804,0.7786,high,high,0
Lumen,0.7488,0.8208,0.1522,-0.0719,0.0000,0.4804,0.7797,high,high,0
Lumen,0.7489,0.8209,0.1518,-0.0719,0.0000,0.4804,0.7768,high,high,0
Lumen,0.7659,0.8211,0.1513,-0.0702,0.0000,0.4812,0.7162,high,high,0
Lumen,0.7637,0.8210,0.1520,-0.0689,0.0000,0.4817,0.7309,high,high,0
Lumen,0.7622,0.8213,0.1510,-0.0680,0.1499,0.4818,0.7320,high,high,0
Lumen,0.7633,0.8215,0.1503,-0.0670,0.1500,0.4825,0.7225,high,high,0
Lumen,0.7615,0.8215,0.1509,-0.0663,0.1500,0.4827,0.7335,high,high,0
Lumen,0.7601,0.8216,0.1507,-0.0658,0.1548,0.4827,0.7373,high,high,0
Lumen,0.7652,0.8218,0.1504,-0.0649,0.1753,0.4829,0.7119,high,high,0
Lumen,0.7632,0.8218,0.1511,-0.0643,0.0389,0.4830,0.7255,high,high,0
Lumen,0.7614,0.8217,0.1517,-0.0639,0.1968,0.4828,0.7360,high,high,0
Lumen,0.7599,0.8216,0.1520,-0.0636,0.2005,0.4825,0.7440,high,high,0
Lumen,0.7586,0.8215,0.1523,-0.0636,0.2007,0.4821,0.7511,high,high,0
Lumen,0.7574,0.8216,0.1525,-0.0636,0.0483,0.4818,0.7559,high,high,0
Lumen,0.7565,0.8216,0.1526,-0.0638,0.0437,0.4816,0.7599,high,high,0
Lumen,0.7550,0.8210,0.1549,-0.0640,0.0375,0.4814,0.7776,high,high,0
Lumen,0.7540,0.8207,0.1604,-0.0643,0.0302,0.4812,0.8020,high,high,0
Lumen,0.7532,0.8204,0.1646,-0.0646,0.0225,0.4811,0.8147,high,high,0
Lumen,0.7525,0.8201,0.1682,-0.0649,0.0148,0.4811,0.8211,high,high,0
Lumen,0.7524,0.8202,0.1697,-0.0652,0.0073,0.4811,0.8198,high,high,0
Lumen,0.7574,0.8204,0.1756,-0.0649,0.0114,0.4812,0.7911,high,high,0
Lumen,0.7563,0.8201,0.1865,-0.0648,0.1629,0.4814,0.7516,high,high,0
Lumen,0.7557,0.8202,0.1946,-0.0648,0.0128,0.4815,0.7044,high,high,0
Lumen,0.7720,0.8204,0.2014,-0.0632,0.0722,0.4823,0.6006,high,high,0
Lumen,0.7692,0.8203,0.2083,-0.0620,0.1369,0.4832,0.5695,high,high,0
Lumen,0.7667,0.8202,0.2095,-0.0611,0.1597,0.4834,0.5708,high,high,0
Lumen,0.7645,0.8200,0.2155,-0.0606,0.3526,0.4832,0.5361,high,high,0
Lumen,0.7597,0.8199,0.2252,-0.0605,0.4045,0.4827,0.4743,high,high,0
Lumen,0.7535,0.8198,0.2337,-0.0611,0.2846,0.4818,0.4166,high,boundary,1
Lumen,0.7492,0.8196,0.2363,-0.0620,0.2642,0.4809,0.3987,high,low,1
Lumen,0.7464,0.8194,0.2339,-0.0631,0.2295,0.4802,0.4199,high,boundary,1
Lumen,0.7445,0.8191,0.2366,-0.0643,0.2129,0.4796,0.3987,high,low,1
Lumen,0.7432,0.8186,0.2441,-0.0654,0.3499,0.4792,0.3385,high,low,1
Lumen,0.7426,0.8181,0.2499,-0.0664,0.2000,0.4790,0.2917,high,low,1
Lumen,0.7423,0.8178,0.2550,-0.0673,0.2000,0.4790,0.2501,boundary,low,1
Lumen,0.7422,0.8175,0.2546,-0.0681,0.2000,0.4790,0.2539,boundary,low,1
Lumen,0.7423,0.8173,0.2543,-0.0688,0.2000,0.4790,0.2568,boundary,low,1
Lumen,0.7425,0.8171,0.2540,-0.0694,0.2000,0.4790,0.2590,boundary,low,1
Lumen,0.7429,0.8170,0.2539,-0.0698,0.3499,0.4790,0.2607,boundary,low,1
Lumen,0.7432,0.8168,0.2538,-0.0702,0.3500,0.4791,0.2613,boundary,low,1
Lumen,0.7435,0.8167,0.2492,-0.0705,0.3495,0.4791,0.3002,high,low,1
Lumen,0.7437,0.8166,0.2450,-0.0708,0.1912,0.4792,0.3348,high,low,1
Lumen,0.7440,0.8165,0.2414,-0.0709,0.1700,0.4792,0.3643,high,low,1
Lumen,0.7441,0.8164,0.2385,-0.0711,0.1528,0.4792,0.3883,high,low,1
Lumen,0.7443,0.8163,0.2361,-0.0712,0.1382,0.4792,0.4086,high,boundary,1
Lumen,0.7444,0.8161,0.2296,-0.0712,0.1044,0.4793,0.4624,high,high,0
Lumen,0.7445,0.8159,0.2239,-0.0712,0.0753,0.4793,0.5090,high,high,0
Lumen,0.7446,0.8158,0.2190,-0.0712,0.0504,0.4793,0.5490,high,high,0
Lumen,0.7446,0.8156,0.2150,-0.0712,0.0303,0.4793,0.5814,high,high,0
Lumen,0.7449,0.8157,0.2108,-0.0712,0.0096,0.4794,0.6145,high,high,0
Lumen,0.7452,0.8157,0.2025,-0.0711,0.0000,0.4794,0.6797,high,high,0
Lumen,0.7454,0.8158,0.1955,-0.0710,0.0000,0.4794,0.7318,high,high,0
Lumen,0.7456,0.8159,0.1895,-0.0710,0.0000,0.4794,0.7739,high,high,0
Lumen,0.7458,0.8161,0.1845,-0.0709,0.0000,0.4794,0.8055,high,high,0
Lumen,0.7459,0.8162,0.1802,-0.0708,0.0000,0.4794,0.8289,high,high,0
Lumen,0.7460,0.8163,0.1767,-0.0708,0.0000,0.4794,0.8447,high,high,0
Lumen,0.7461,0.8164,0.1735,-0.0707,0.0000,0.4795,0.8539,high,high,0
Lumen,0.7462,0.8166,0.1710,-0.0707,0.0000,0.4795,0.8584,high,high,0
Lumen,0.7463,0.8167,0.1688,-0.0707,0.0000,0.4795,0.8594,high,high,0
Lumen,0.7464,0.8169,0.1669,-0.0707,0.0000,0.4795,0.8576,high,high,0
Lumen,0.7464,0.8171,0.1653,-0.0707,0.0000,0.4795,0.8547,high,high,0
Lumen,0.7465,0.8173,0.1640,-0.0707,0.0000,0.4795,0.8516,high,high,0
Lumen,0.7464,0.8178,0.1632,-0.0707,0.0000,0.4795,0.8462,high,high,0
Lumen,0.7464,0.8182,0.1625,-0.0709,0.0000,0.4795,0.8412,high,high,0
Lumen,0.7462,0.8186,0.1622,-0.0710,0.0000,0.4794,0.8373,high,high,0
Lumen,0.7461,0.8190,0.1620,-0.0712,0.0000,0.4794,0.8331,high,high,0
Lumen,0.7461,0.8194,0.1617,-0.0714,0.0000,0.4793,0.8291,high,high,0
Lumen,0.7460,0.8198,0.1616,-0.0716,0.0000,0.4793,0.8262,high,high,0
Lumen,0.7460,0.8201,0.1612,-0.0719,0.0000,0.4794,0.8223,high,high,0
Lumen,0.7460,0.8205,0.1607,-0.0722,0.0000,0.4794,0.8176,high,high,0
Lumen,0.7462,0.8210,0.1598,-0.0724,0.0000,0.4795,0.8113,high,high,0
Lumen,0.7462,0.8213,0.1596,-0.0727,0.0000,0.4795,0.8085,high,high,0
Lumen,0.7462,0.8216,0.1594,-0.0730,0.0000,0.4796,0.8058,high,high,0
Lumen,0.7461,0.8218,0.1594,-0.0732,0.0000,0.4797,0.8038,high,high,0
Lumen,0.7461,0.8220,0.1594,-0.0735,0.0000,0.4798,0.8021,high,high,0
Lumen,0.7461,0.8222,0.1593,-0.0738,0.0000,0.4799,0.8007,high,high,0
Lumen,0.7460,0.8223,0.1595,-0.0740,0.0000,0.4799,0.8001,high,high,0
Lumen,0.7459,0.8224,0.1596,-0.0743,0.0000,0.4800,0.7998,high,high,0
Lumen,0.7459,0.8226,0.1596,-0.0745,0.0000,0.4800,0.7984,high,high,0
Lumen,0.7459,0.8227,0.1597,-0.0747,0.0000,0.4801,0.7980,high,high,0
Lumen,0.7458,0.8227,0.1599,-0.0750,0.0000,0.4801,0.7984,high,high,0
Lumen,0.7457,0.8227,0.1604,-0.0752,0.1497,0.4802,0.7998,high,high,0
Lumen,0.7456,0.8226,0.1607,-0.0754,0.0000,0.4802,0.8009,high,high,0
Lumen,0.7455,0.8226,0.1610,-0.0755,0.0000,0.4803,0.8018,high,high,0
Lumen,0.7451,0.8223,0.1625,-0.0757,0.1496,0.4803,0.8075,high,high,0
Lumen,0.7451,0.8224,0.1622,-0.0759,0.0000,0.4803,0.8061,high,high,0
Lumen,0.7451,0.8224,0.1622,-0.0760,0.0000,0.4804,0.8061,high,high,0
Lumen,0.7451,0.8224,0.1622,-0.0761,0.1495,0.4804,0.8061,high,high,0
Lumen,0.7451,0.8224,0.1622,-0.0763,0.1491,0.4804,0.8060,high,high,0
Lumen,0.7451,0.8225,0.1622,-0.0764,0.1493,0.4804,0.8058,high,high,0
Lumen,0.7451,0.8225,0.1622,-0.0765,0.0000,0.4804,0.8058,high,high,0
Lumen,0.7451,0.8224,0.1623,-0.0766,0.1469,0.4804,0.8060,high,high,0
Lumen,0.7451,0.8224,0.1623,-0.0766,0.0000,0.4804,0.8063,high,high,0
Lumen,0.7451,0.8224,0.1624,-0.0767,0.0000,0.4804,0.8066,high,high,0
Lumen,0.7451,0.8224,0.1622,-0.0768,0.0000,0.4804,0.8061,high,high,0
Lumen,0.7451,0.8224,0.1622,-0.0768,0.0000,0.4804,0.8065,high,high,0
Lumen,0.7451,0.8223,0.1623,-0.0769,0.0000,0.4804,0.8070,high,high,0
Lumen,0.7451,0.8223,0.1624,-0.0769,0.0000,0.4804,0.8071,high,high,0
Lumen,0.7651,0.7894,0.1391,-0.0392,0.2585,0.4804,0.6930,high,high,0
Lumen,0.7684,0.7896,0.1391,-0.0386,0.2643,0.4807,0.6778,high,high,0
Lumen,0.7425,0.7947,0.1645,-0.0386,0.0000,0.4811,0.9418,high,high,0
Lumen,0.7438,0.8069,0.1788,-0.0496,0.1500,0.4811,0.8897,high,high,0
Lumen,0.7445,0.8135,0.1990,-0.0574,0.1000,0.4811,0.7138,high,high,0
Lumen,0.7447,0.8169,0.2218,-0.0626,0.1500,0.4810,0.5238,high,high,0
Lumen,0.7450,0.8190,0.2331,-0.0660,0.0000,0.4809,0.4270,high,boundary,1
Lumen,0.7452,0.8203,0.2394,-0.0682,0.0000,0.4808,0.3732,high,low,1
Lumen,0.7453,0.8210,0.2433,-0.0697,0.0000,0.4807,0.3402,high,low,1
Lumen,0.7453,0.8213,0.2458,-0.0707,0.0000,0.4807,0.3192,high,low,1
Lumen,0.7453,0.8215,0.2472,-0.0712,0.0000,0.4806,0.3075,high,low,1
Lumen,0.7454,0.8217,0.2529,-0.0717,0.0000,0.4805,0.2602,boundary,low,1
Lumen,0.7454,0.8218,0.2578,-0.0722,0.0000,0.4805,0.2200,boundary,low,1
Lumen,0.7454,0.8219,0.2574,-0.0726,0.0000,0.4805,0.2234,boundary,low,1
Lumen,0.7454,0.8220,0.2570,-0.0730,0.0000,0.4804,0.2258,boundary,low,1
Lumen,0.7454,0.8221,0.2569,-0.0734,0.0000,0.4804,0.2271,boundary,low,1
Lumen,0.7454,0.8223,0.2566,-0.0737,0.0000,0.4803,0.2288,boundary,low,1
Lumen,0.7454,0.8224,0.2562,-0.0741,0.0000,0.4803,0.2318,boundary,low,1
Lumen,0.7455,0.8226,0.2558,-0.0744,0.1498,0.4803,0.2350,boundary,low,1
Lumen,0.7455,0.8227,0.2554,-0.0747,0.0000,0.4802,0.2375,boundary,low,1
Lumen,0.7456,0.8228,0.2505,-0.0749,0.1255,0.4802,0.2775,boundary,low,1
Lumen,0.7456,0.8229,0.2417,-0.0752,0.0000,0.4802,0.3486,high,low,1
Lumen,0.7456,0.8230,0.2388,-0.0754,0.0000,0.4802,0.3713,high,low,1
Lumen,0.7457,0.8231,0.2316,-0.0756,0.0000,0.4802,0.4284,high,boundary,1
Lumen,0.7457,0.8232,0.2256,-0.0758,0.0000,0.4802,0.4754,high,high,0
Lumen,0.7457,0.8233,0.2205,-0.0760,0.0000,0.4802,0.5146,high,high,0
Lumen,0.7456,0.8233,0.2163,-0.0761,0.0000,0.4802,0.5470,high,high,0
Lumen,0.7456,0.8234,0.2126,-0.0763,0.0000,0.4802,0.5748,high,high,0
Lumen,0.7456,0.8234,0.2096,-0.0765,0.0000,0.4802,0.5969,high,high,0
Lumen,0.7456,0.8235,0.2069,-0.0766,0.0000,0.4802,0.6161,high,high,0
Lumen,0.7456,0.8235,0.2048,-0.0767,0.0000,0.4802,0.6314,high,high,0
Lumen,0.7456,0.8236,0.1981,-0.0769,0.0000,0.4802,0.6772,high,high,0
Lumen,0.7456,0.8236,0.1925,-0.0770,0.0000,0.4803,0.7129,high,high,0
Lumen,0.7456,0.8237,0.1877,-0.0771,0.0000,0.4803,0.7400,high,high,0
Lumen,0.7456,0.8237,0.1837,-0.0772,0.0000,0.4803,0.7602,high,high,0
Lumen,0.7456,0.8237,0.1802,-0.0773,0.0000,0.4803,0.7751,high,high,0
Lumen,0.7456,0.8237,0.1774,-0.0774,0.0000,0.4803,0.7850,high,high,0
Lumen,0.7455,0.8238,0.1750,-0.0775,0.0000,0.4803,0.7917,high,high,0
Lumen,0.7455,0.8238,0.1729,-0.0775,0.0000,0.4804,0.7960,high,high,0
Lumen,0.7455,0.8238,0.1713,-0.0776,0.0000,0.4804,0.7985,high,high,0
Lumen,0.7454,0.8237,0.1700,-0.0777,0.0000,0.4804,0.8001,high,high,0
Lumen,0.7454,0.8237,0.1689,-0.0777,0.0000,0.4804,0.8011,high,high,0
Lumen,0.7453,0.8236,0.1680,-0.0778,0.1494,0.4804,0.8016,high,high,0
Lumen,0.7453,0.8236,0.1671,-0.0779,0.0000,0.4805,0.8016,high,high,0
Lumen,0.7453,0.8236,0.1664,-0.0779,0.0000,0.4805,0.8013,high,high,0
Lumen,0.7453,0.8237,0.1655,-0.0780,0.0000,0.4805,0.8005,high,high,0
Lumen,0.7453,0.8237,0.1649,-0.0780,0.0000,0.4805,0.7996,high,high,0
Lumen,0.7454,0.8237,0.1643,-0.0780,0.0000,0.4805,0.7988,high,high,0
Lumen,0.7453,0.8237,0.1640,-0.0781,0.0000,0.4805,0.7984,high,high,0
Lumen,0.7454,0.8238,0.1635,-0.0781,0.0000,0.4805,0.7974,high,high,0
Lumen,0.7451,0.8235,0.1642,-0.0781,0.0000,0.4805,0.8002,high,high,0
Lumen,0.7449,0.8234,0.1646,-0.0782,0.0000,0.4805,0.8021,high,high,0
Lumen,0.7450,0.8234,0.1641,-0.0782,0.0000,0.4806,0.8013,high,high,0
Lumen,0.7450,0.8234,0.1638,-0.0782,0.0000,0.4806,0.8007,high,high,0
Lumen,0.7451,0.8234,0.1635,-0.0782,0.0000,0.4806,0.8002,high,high,0
Lumen,0.7451,0.8234,0.1633,-0.0782,0.0000,0.4806,0.8001,high,high,0
Lumen,0.7451,0.8234,0.1630,-0.0782,0.0000,0.4806,0.8000,high,high,0
Lumen,0.7451,0.8233,0.1630,-0.0782,0.0000,0.4806,0.8003,high,high,0
Lumen,0.7451,0.8233,0.1629,-0.0782,0.0000,0.4806,0.8006,high,high,0
Lumen,0.7451,0.8232,0.1627,-0.0782,0.0000,0.4806,0.8006,high,high,0
Lumen,0.7452,0.8232,0.1625,-0.0782,0.0000,0.4806,0.8004,high,high,0
Lumen,0.7452,0.8231,0.1624,-0.0782,0.0000,0.4806,0.8007,high,high,0
Lumen,0.7452,0.8231,0.1624,-0.0781,0.1434,0.4806,0.8010,high,high,0
Lumen,0.7452,0.8231,0.1623,-0.0781,0.0000,0.4806,0.8012,high,high,0
Lumen,0.7452,0.8230,0.1623,-0.0781,0.0000,0.4806,0.8014,high,high,0
Lumen,0.7453,0.8230,0.1621,-0.0780,0.1476,0.4806,0.8009,high,high,0
Lumen,0.7453,0.8230,0.1620,-0.0780,0.0000,0.4806,0.8008,high,high,0
Lumen,0.7454,0.8231,0.1616,-0.0780,0.1493,0.4806,0.7994,high,high,0
Lumen,0.7455,0.8231,0.1614,-0.0779,0.0000,0.4806,0.7991,high,high,0
Lumen,0.7459,0.8234,0.1600,-0.0779,0.1499,0.4806,0.7925,high,high,0
Lumen,0.7522,0.8238,0.1586,-0.0773,0.0000,0.4809,0.7783,high,high,0
Lumen,0.7515,0.8238,0.1585,-0.0768,0.0000,0.4812,0.7791,high,high,0
Lumen,0.7509,0.8238,0.1587,-0.0764,0.1500,0.4813,0.7812,high,high,0
Lumen,0.7507,0.8242,0.1575,-0.0761,0.1500,0.4813,0.7751,high,high,0
Lumen,0.7541,0.8245,0.1564,-0.0755,0.1499,0.4815,0.7613,high,high,0
Lumen,0.7533,0.8246,0.1565,-0.0751,0.0000,0.4816,0.7632,high,high,0
Lumen,0.7526,0.8247,0.1565,-0.0748,0.1500,0.4816,0.7641,high,high,0
Lumen,0.7519,0.8247,0.1568,-0.0746,0.1500,0.4815,0.7670,high,high,0
Lumen,0.7512,0.8246,0.1573,-0.0745,0.1498,0.4815,0.7700,high,high,0
Lumen,0.7511,0.8249,0.1563,-0.0744,0.0000,0.4814,0.7647,high,high,0
Lumen,0.7617,0.8252,0.1552,-0.0733,0.0000,0.4818,0.7265,high,high,0
Lumen,0.7600,0.8252,0.1555,-0.0725,0.0000,0.4824,0.7343,high,high,0
Lumen,0.7585,0.8252,0.1556,-0.0719,0.1500,0.4825,0.7400,high,high,0
Lumen,0.7574,0.8253,0.1552,-0.0715,0.1500,0.4824,0.7419,high,high,0
Lumen,0.7696,0.7930,0.1373,-0.0354,0.2542,0.4823,0.6666,high,high,0
Lumen,0.7726,0.7934,0.1372,-0.0352,0.2598,0.4824,0.6505,high,high,0
Lumen,0.7467,0.7987,0.1554,-0.0379,0.0000,0.4825,0.8945,high,high,0
Lumen,0.7477,0.8107,0.1548,-0.0492,0.1500,0.4824,0.8574,high,high,0
Lumen,0.7482,0.8168,0.1542,-0.0570,0.1000,0.4822,0.8168,high,high,0
Lumen,0.7485,0.8200,0.1542,-0.0621,0.1500,0.4820,0.7955,high,high,0
Lumen,0.7487,0.8220,0.1539,-0.0654,0.0000,0.4818,0.7797,high,high,0
Lumen,0.7487,0.8231,0.1539,-0.0677,0.0000,0.4816,0.7719,high,high,0
Lumen,0.7487,0.8237,0.1540,-0.0691,0.0000,0.4815,0.7680,high,high,0
Lumen,0.7488,0.8240,0.1540,-0.0700,0.0000,0.4814,0.7655,high,high,0
Lumen,0.7488,0.8242,0.1540,-0.0706,0.0000,0.4813,0.7642,high,high,0
Lumen,0.7488,0.8243,0.1539,-0.0711,0.0000,0.4812,0.7631,high,high,0
Lumen,0.7488,0.8245,0.1539,-0.0715,0.0000,0.4812,0.7622,high,high,0
Lumen,0.7488,0.8246,0.1539,-0.0720,0.0000,0.4811,0.7614,high,high,0
Lumen,0.7488,0.8247,0.1539,-0.0724,0.0000,0.4811,0.7604,high,high,0
Lumen,0.7487,0.8247,0.1539,-0.0727,0.0000,0.4811,0.7600,high,high,0
Lumen,0.7487,0.8248,0.1540,-0.0731,0.0000,0.4810,0.7602,high,high,0
Lumen,0.7486,0.8248,0.1542,-0.0734,0.0000,0.4810,0.7607,high,high,0
Lumen,0.7486,0.8249,0.1542,-0.0737,0.0000,0.4810,0.7607,high,high,0
Lumen,0.7485,0.8248,0.1544,-0.0739,0.0000,0.4810,0.7617,high,high,0
Lumen,0.7483,0.8248,0.1548,-0.0742,0.0000,0.4810,0.7634,high,high,0
Lumen,0.7482,0.8247,0.1551,-0.0744,0.0000,0.4810,0.7651,high,high,0
Lumen,0.7481,0.8247,0.1553,-0.0746,0.0000,0.4810,0.7666,high,high,0
Lumen,0.7480,0.8246,0.1555,-0.0748,0.0000,0.4810,0.7679,high,high,0
Lumen,0.7479,0.8246,0.1557,-0.0750,0.0000,0.4809,0.7691,high,high,0
Lumen,0.7479,0.8245,0.1558,-0.0752,0.0000,0.4809,0.7700,high,high,0
Lumen,0.7478,0.8245,0.1560,-0.0753,0.0000,0.4809,0.7705,high,high,0
Lumen,0.7478,0.8246,0.1560,-0.0755,0.1495,0.4809,0.7701,high,high,0
Lumen,0.7478,0.8247,0.1560,-0.0756,0.1498,0.4809,0.7696,high,high,0
Lumen,0.7477,0.8247,0.1560,-0.0757,0.0000,0.4809,0.7694,high,high,0
Lumen,0.7477,0.8247,0.1561,-0.0759,0.0000,0.4808,0.7694,high,high,0
Lumen,0.7477,0.8248,0.1560,-0.0760,0.0000,0.4808,0.7689,high,high,0
Lumen,0.7477,0.8248,0.1561,-0.0761,0.0000,0.4808,0.7690,high,high,0
Lumen,0.7477,0.8248,0.1560,-0.0762,0.0000,0.4808,0.7686,high,high,0
Lumen,0.7477,0.8248,0.1561,-0.0763,0.0000,0.4808,0.7686,high,high,0
Lumen,0.7476,0.8248,0.1561,-0.0764,0.0000,0.4808,0.7689,high,high,0
Lumen,0.7476,0.8248,0.1562,-0.0765,0.0000,0.4808,0.7690,high,high,0
Lumen,0.7476,0.8248,0.1562,-0.0766,0.0000,0.4808,0.7692,high,high,0
Lumen,0.7475,0.8249,0.1562,-0.0766,0.0000,0.4808,0.7692,high,high,0
Lumen,0.7476,0.8249,0.1561,-0.0767,0.0000,0.4808,0.7684,high,high,0
Lumen,0.7475,0.8249,0.1562,-0.0768,0.0000,0.4808,0.7688,high,high,0
Lumen,0.7475,0.8249,0.1563,-0.0768,0.0000,0.4808,0.7691,high,high,0
Lumen,0.7475,0.8249,0.1564,-0.0769,0.0000,0.4808,0.7696,high,high,0
Lumen,0.7475,0.8249,0.1564,-0.0769,0.0000,0.4808,0.7696,high,high,0
Lumen,0.7473,0.8247,0.1569,-0.0770,0.0000,0.4808,0.7725,high,high,0
Lumen,0.7473,0.8248,0.1568,-0.0770,0.0000,0.4808,0.7721,high,high,0
Lumen,0.7474,0.8248,0.1567,-0.0771,0.0000,0.4808,0.7716,high,high,0
Lumen,0.7474,0.8248,0.1565,-0.0771,0.0000,0.4808,0.7709,high,high,0
Lumen,0.7474,0.8247,0.1565,-0.0771,0.1497,0.4808,0.7711,high,high,0
Lumen,0.7475,0.8248,0.1562,-0.0771,0.0000,0.4808,0.7696,high,high,0
Lumen,0.7475,0.8248,0.1563,-0.0772,0.0000,0.4809,0.7700,high,high,0
Lumen,0.7475,0.8248,0.1562,-0.0772,0.0000,0.4809,0.7697,high,high,0
Lumen,0.7475,0.8247,0.1563,-0.0772,0.0000,0.4809,0.7703,high,high,0
Lumen,0.7673,0.7913,0.1382,-0.0383,0.2568,0.4808,0.6810,high,high,0
Lumen,0.7703,0.7912,0.1383,-0.0377,0.2622,0.4812,0.6662,high,high,0
Lumen,0.7438,0.7950,0.1614,-0.0376,0.1500,0.4815,0.9299,high,high,0
Lumen,0.7452,0.8074,0.1753,-0.0487,0.1500,0.4816,0.9119,high,high,0
Lumen,0.7459,0.8136,0.1956,-0.0563,0.1000,0.4816,0.7393,high,high,0
Lumen,0.7463,0.8171,0.2178,-0.0614,0.0000,0.4815,0.5549,high,high,0
Lumen,0.7460,0.8184,0.2313,-0.0647,0.0000,0.4814,0.4435,high,boundary,1
Lumen,0.7662,0.7902,0.1451,-0.0372,0.2600,0.4814,0.7278,high,high,0
Lumen,0.7685,0.7895,0.1474,-0.0368,0.2689,0.4816,0.7253,high,high,0
Lumen,0.7426,0.7934,0.2948,-0.0372,0.1500,0.4819,0.0000,boundary,low,1
Lumen,0.7448,0.8066,0.3039,-0.0483,0.0000,0.4819,0.0000,boundary,low,1
Lumen,0.7458,0.8132,0.3081,-0.0559,0.0000,0.4818,0.0000,boundary,low,1
Lumen,0.7463,0.8167,0.3103,-0.0610,0.0000,0.4816,0.0000,boundary,low,1
Lumen,0.7464,0.8185,0.3011,-0.0643,0.0000,0.4814,0.0000,boundary,low,1
Lumen,0.7464,0.8195,0.2960,-0.0665,0.0000,0.4813,0.0000,boundary,low,1
Lumen,0.7465,0.8201,0.2930,-0.0679,0.0000,0.4811,0.0000,boundary,low,1
Lumen,0.7464,0.8204,0.2914,-0.0688,0.0000,0.4810,0.0000,boundary,low,1
Lumen,0.7464,0.8206,0.2858,-0.0694,0.0000,0.4809,0.0000,boundary,low,1
Lumen,0.7463,0.8207,0.2765,-0.0699,0.0000,0.4808,0.0684,boundary,low,1
Lumen,0.7463,0.8207,0.2685,-0.0703,0.0000,0.4808,0.1342,boundary,low,1
Lumen,0.7462,0.8208,0.2618,-0.0708,0.0000,0.4807,0.1891,boundary,low,1
Lumen,0.7462,0.8209,0.2513,-0.0712,0.0000,0.4807,0.2749,boundary,low,1
Lumen,0.7461,0.8210,0.2425,-0.0715,0.0000,0.4806,0.3467,high,low,1
Lumen,0.7460,0.8210,0.2350,-0.0719,0.0000,0.4806,0.4067,high,boundary,1
Lumen,0.7460,0.8211,0.2286,-0.0722,0.0000,0.4806,0.4583,high,high,0
Lumen,0.7460,0.8212,0.2230,-0.0725,0.0000,0.4806,0.5018,high,high,0
Lumen,0.7460,0.8213,0.2182,-0.0728,0.0000,0.4806,0.5396,high,high,0
Lumen,0.7460,0.8214,0.2141,-0.0730,0.0000,0.4806,0.5704,high,high,0
Lumen,0.7460,0.8215,0.2107,-0.0733,0.0000,0.4806,0.5957,high,high,0
Lumen,0.7460,0.8216,0.2079,-0.0735,0.0000,0.4806,0.6164,high,high,0
Lumen,0.7459,0.8216,0.2057,-0.0737,0.0000,0.4806,0.6328,high,high,0
Lumen,0.7458,0.8216,0.2038,-0.0739,0.0000,0.4806,0.6468,high,high,0
Lumen,0.7458,0.8216,0.1975,-0.0741,0.0000,0.4806,0.6911,high,high,0
Lumen,0.7457,0.8217,0.1921,-0.0743,0.0000,0.4806,0.7265,high,high,0
Lumen,0.7457,0.8217,0.1874,-0.0745,0.0000,0.4806,0.7542,high,high,0
Lumen,0.7457,0.8218,0.1833,-0.0746,0.0000,0.4806,0.7751,high,high,0
Lumen,0.7457,0.8219,0.1799,-0.0748,0.0000,0.4806,0.7900,high,high,0
Lumen,0.7457,0.8219,0.1770,-0.0749,0.0000,0.4806,0.8004,high,high,0
Lumen,0.7457,0.8219,0.1746,-0.0751,0.0000,0.4807,0.8071,high,high,0
Lumen,0.7457,0.8219,0.1728,-0.0752,0.0000,0.4807,0.8113,high,high,0
Lumen,0.7455,0.8218,0.1716,-0.0753,0.0000,0.4807,0.8141,high,high,0
Lumen,0.7651,0.7894,0.1390,-0.0387,0.2582,0.4807,0.6926,high,high,0
Lumen,0.7684,0.7896,0.1388,-0.0380,0.2644,0.4810,0.6761,high,high,0
Lumen,0.7436,0.7951,0.1618,-0.0380,0.0000,0.4813,0.9322,high,high,0
Lumen,0.7449,0.8072,0.1761,-0.0490,0.1500,0.4814,0.9079,high,high,0
Lumen,0.7455,0.8133,0.1965,-0.0565,0.1000,0.4814,0.7334,high,high,0
Lumen,0.7457,0.8166,0.2192,-0.0615,0.1500,0.4813,0.5451,high,high,0
Lumen,0.7459,0.8185,0.2311,-0.0649,0.0000,0.4813,0.4450,high,boundary,1
Lumen,0.7460,0.8196,0.2377,-0.0670,0.0000,0.4812,0.3883,high,low,1
Lumen,0.7459,0.8201,0.2421,-0.0685,0.0000,0.4811,0.3517,high,low,1
Lumen,0.7458,0.8203,0.2448,-0.0694,0.0000,0.4810,0.3290,high,low,1
Lumen,0.7458,0.8204,0.2464,-0.0699,0.0000,0.4810,0.3157,high,low,1
Lumen,0.7457,0.8205,0.2526,-0.0704,0.0000,0.4809,0.2649,boundary,low,1
Lumen,0.7456,0.8205,0.2579,-0.0709,0.0000,0.4809,0.2219,boundary,low,1
Lumen,0.7455,0.8205,0.2579,-0.0713,0.0000,0.4809,0.2220,boundary,low,1
Lumen,0.7454,0.8206,0.2578,-0.0717,0.0000,0.4808,0.2223,boundary,low,1
Lumen,0.7453,0.8207,0.2577,-0.0720,0.0000,0.4808,0.2229,boundary,low,1
Lumen,0.7453,0.8208,0.2575,-0.0724,0.0000,0.4807,0.2243,boundary,low,1
Lumen,0.7452,0.8208,0.2575,-0.0727,0.0000,0.4807,0.2246,boundary,low,1
Lumen,0.7452,0.8209,0.2573,-0.0730,0.0000,0.4807,0.2257,boundary,low,1
Lumen,0.7450,0.8208,0.2579,-0.0733,0.0000,0.4806,0.2215,boundary,low,1
Lumen,0.7448,0.8207,0.2538,-0.0736,0.0000,0.4806,0.2547,boundary,low,1
Lumen,0.7449,0.8209,0.2447,-0.0738,0.0000,0.4806,0.3293,high,low,1
Lumen,0.7450,0.8210,0.2414,-0.0740,0.0000,0.4805,0.3551,high,low,1
Lumen,0.7450,0.8212,0.2341,-0.0742,0.0000,0.4805,0.4142,high,boundary,1
Lumen,0.7451,0.8212,0.2279,-0.0744,0.0000,0.4805,0.4631,high,high,0
Lumen,0.7452,0.8214,0.2225,-0.0746,0.0000,0.4805,0.5055,high,high,0
Lumen,0.7452,0.8214,0.2181,-0.0748,0.0000,0.4805,0.5398,high,high,0
Lumen,0.7452,0.8214,0.2144,-0.0749,0.0000,0.4805,0.5683,high,high,0
Lumen,0.7452,0.8215,0.2112,-0.0751,0.0000,0.4805,0.5923,high,high,0
Lumen,0.7452,0.8215,0.2086,-0.0752,0.0000,0.4805,0.6120,high,high,0
Lumen,0.7452,0.8215,0.2064,-0.0753,0.0000,0.4805,0.6281,high,high,0
Lumen,0.7452,0.8215,0.1996,-0.0754,0.0000,0.4806,0.6770,high,high,0
Lumen,0.7455,0.8218,0.1930,-0.0755,0.0000,0.4806,0.7201,high,high,0
Lumen,0.7455,0.8218,0.1883,-0.0756,0.0000,0.4806,0.7487,high,high,0
Lumen,0.7455,0.8218,0.1842,-0.0756,0.0000,0.4806,0.7708,high,high,0
Lumen,0.7455,0.8218,0.1807,-0.0757,0.0000,0.4806,0.7872,high,high,0
Lumen,0.7455,0.8218,0.1780,-0.0758,0.0000,0.4806,0.7982,high,high,0
Lumen,0.7455,0.8218,0.1755,-0.0758,0.0000,0.4807,0.8061,high,high,0
Lumen,0.7455,0.8219,0.1731,-0.0759,0.0000,0.4807,0.8113,high,high,0
Lumen,0.7457,0.8220,0.1709,-0.0759,0.0000,0.4807,0.8139,high,high,0
Lumen,0.7457,0.8220,0.1695,-0.0760,0.0000,0.4807,0.8153,high,high,0
Lumen,0.7457,0.8220,0.1682,-0.0760,0.0000,0.4807,0.8157,high,high,0
Lumen,0.7456,0.8220,0.1672,-0.0760,0.0000,0.4808,0.8158,high,high,0
Lumen,0.7456,0.8219,0.1665,-0.0761,0.0000,0.4808,0.8158,high,high,0
Lumen,0.7455,0.8219,0.1659,-0.0761,0.1495,0.4808,0.8159,high,high,0
Lumen,0.7456,0.8219,0.1651,-0.0761,0.0000,0.4808,0.8149,high,high,0
Lumen,0.7455,0.8219,0.1647,-0.0761,0.0000,0.4808,0.8148,high,high,0
Lumen,0.7455,0.8218,0.1643,-0.0762,0.0000,0.4808,0.8144,high,high,0
Lumen,0.7454,0.8217,0.1643,-0.0762,0.0000,0.4808,0.8153,high,high,0
Lumen,0.7454,0.8217,0.1641,-0.0762,0.0000,0.4808,0.8153,high,high,0
Lumen,0.7452,0.8216,0.1644,-0.0762,0.1495,0.4809,0.8170,high,high,0
Lumen,0.7453,0.8216,0.1637,-0.0762,0.0000,0.4809,0.8155,high,high,0
Lumen,0.7454,0.8217,0.1632,-0.0762,0.0000,0.4808,0.8139,high,high,0
Lumen,0.7455,0.8218,0.1626,-0.0762,0.0000,0.4808,0.8121,high,high,0
Lumen,0.7456,0.8219,0.1621,-0.0762,0.0000,0.4808,0.8105,high,high,0
Lumen,0.7457,0.8219,0.1617,-0.0762,0.0000,0.4808,0.8092,high,high,0
Lumen,0.7457,0.8219,0.1616,-0.0762,0.0000,0.4808,0.8090,high,high,0
Lumen,0.7457,0.8219,0.1615,-0.0762,0.1498,0.4808,0.8085,high,high,0
Lumen,0.7457,0.8219,0.1616,-0.0762,0.0000,0.4808,0.8089,high,high,0
Lumen,0.7456,0.8219,0.1616,-0.0762,0.0000,0.4809,0.8091,high,high,0
Lumen,0.7456,0.8219,0.1616,-0.0762,0.0000,0.4809,0.8093,high,high,0
Lumen,0.7456,0.8218,0.1617,-0.0762,0.0000,0.4809,0.8098,high,high,0
Lumen,0.7455,0.8218,0.1618,-0.0762,0.0000,0.4809,0.8104,high,high,0
Lumen,0.7455,0.8218,0.1619,-0.0762,0.0000,0.4809,0.8109,high,high,0
Lumen,0.7455,0.8217,0.1619,-0.0762,0.0000,0.4809,0.8111,high,high,0
Lumen,0.7454,0.8217,0.1620,-0.0762,0.0000,0.4809,0.8116,high,high,0
Lumen,0.7454,0.8217,0.1621,-0.0762,0.0000,0.4809,0.8121,high,high,0
Lumen,0.7454,0.8217,0.1621,-0.0762,0.0000,0.4809,0.8123,high,high,0
Lumen,0.7453,0.8216,0.1624,-0.0762,0.1489,0.4809,0.8132,high,high,0
Lumen,0.7453,0.8216,0.1624,-0.0762,0.0000,0.4809,0.8136,high,high,0
Lumen,0.7453,0.8216,0.1624,-0.0762,0.0000,0.4809,0.8135,high,high,0
Lumen,0.7453,0.8216,0.1623,-0.0762,0.0000,0.4809,0.8135,high,high,0
Lumen,0.7453,0.8215,0.1624,-0.0762,0.0000,0.4809,0.8137,high,high,0
Lumen,0.7455,0.8217,0.1618,-0.0762,0.1497,0.4809,0.8114,high,high,0
Lumen,0.7456,0.8218,0.1612,-0.0762,0.0000,0.4808,0.8091,high,high,0
Lumen,0.7458,0.8219,0.1608,-0.0762,0.0000,0.4808,0.8072,high,high,0
Lumen,0.7459,0.8220,0.1605,-0.0762,0.0000,0.4808,0.8054,high,high,0
Lumen,0.7459,0.8220,0.1604,-0.0762,0.0000,0.4808,0.8048,high,high,0
Lumen,0.7459,0.8221,0.1603,-0.0762,0.0000,0.4808,0.8044,high,high,0
Lumen,0.7459,0.8221,0.1603,-0.0762,0.1484,0.4809,0.8044,high,high,0
Lumen,0.7459,0.8221,0.1603,-0.0762,0.0000,0.4809,0.8043,high,high,0
Lumen,0.7459,0.8221,0.1605,-0.0762,0.0000,0.4809,0.8050,high,high,0
Lumen,0.7459,0.8221,0.1605,-0.0762,0.0000,0.4809,0.8048,high,high,0
Lumen,0.7459,0.8221,0.1606,-0.0762,0.1482,0.4809,0.8051,high,high,0
Lumen,0.7458,0.8220,0.1607,-0.0762,0.0000,0.4809,0.8058,high,high,0
Lumen,0.7458,0.8220,0.1610,-0.0762,0.0000,0.4809,0.8068,high,high,0
Lumen,0.7457,0.8219,0.1611,-0.0762,0.0000,0.4809,0.8074,high,high,0
Lumen,0.7457,0.8219,0.1613,-0.0762,0.0000,0.4809,0.8081,high,high,0
Lumen,0.7457,0.8220,0.1614,-0.0762,0.0000,0.4809,0.8081,high,high,0
Lumen,0.7456,0.8220,0.1614,-0.0762,0.1498,0.4809,0.8080,high,high,0
Lumen,0.7456,0.8220,0.1614,-0.0762,0.0000,0.4809,0.8080,high,high,0
Lumen,0.7456,0.8220,0.1614,-0.0762,0.0000,0.4809,0.8079,high,high,0
Lumen,0.7456,0.8219,0.1615,-0.0763,0.0000,0.4809,0.8085,high,high,0
Lumen,0.7456,0.8219,0.1615,-0.0763,0.0000,0.4809,0.8087,high,high,0
Lumen,0.7456,0.8219,0.1615,-0.0763,0.0000,0.4809,0.8090,high,high,0
Lumen,0.7456,0.8219,0.1614,-0.0763,0.0000,0.4809,0.8087,high,high,0
Lumen,0.7457,0.8219,0.1612,-0.0763,0.0000,0.4809,0.8079,high,high,0
Lumen,0.7457,0.8220,0.1610,-0.0763,0.0000,0.4809,0.8072,high,high,0
Lumen,0.7458,0.8220,0.1609,-0.0763,0.0000,0.4809,0.8068,high,high,0
Lumen,0.7458,0.8220,0.1609,-0.0763,0.0000,0.4809,0.8069,high,high,0
Lumen,0.7457,0.8220,0.1610,-0.0762,0.1496,0.4809,0.8071,high,high,0
Lumen,0.7457,0.8219,0.1611,-0.0762,0.0000,0.4809,0.8075,high,high,0
Lumen,0.7457,0.8219,0.1612,-0.0762,0.0000,0.4809,0.8080,high,high,0
Lumen,0.7457,0.8219,0.1612,-0.0762,0.0000,0.4809,0.8080,high,high,0
Lumen,0.7457,0.8219,0.1612,-0.0762,0.1485,0.4809,0.8083,high,high,0
Lumen,0.7456,0.8218,0.1614,-0.0762,0.0000,0.4809,0.8089,high,high,0
Lumen,0.7456,0.8218,0.1615,-0.0762,0.0000,0.4809,0.8095,high,high,0
Lumen,0.7456,0.8218,0.1614,-0.0762,0.0000,0.4809,0.8092,high,high,0
Lumen,0.7456,0.8218,0.1615,-0.0762,0.0000,0.4809,0.8096,high,high,0
Lumen,0.7456,0.8218,0.1615,-0.0762,0.0000,0.4809,0.8097,high,high,0
Lumen,0.7456,0.8218,0.1616,-0.0762,0.0000,0.4809,0.8101,high,high,0
Lumen,0.7456,0.8217,0.1616,-0.0762,0.0000,0.4809,0.8103,high,high,0
Lumen,0.7456,0.8218,0.1615,-0.0762,0.0000,0.4809,0.8101,high,high,0
Lumen,0.7456,0.8217,0.1616,-0.0762,0.0000,0.4809,0.8104,high,high,0
Lumen,0.7455,0.8217,0.1617,-0.0762,0.0000,0.4809,0.8110,high,high,0
Lumen,0.7456,0.8217,0.1616,-0.0762,0.0000,0.4809,0.8106,high,high,0
Lumen,0.7455,0.8217,0.1617,-0.0762,0.0000,0.4809,0.8109,high,high,0
Lumen,0.7455,0.8217,0.1617,-0.0762,0.0000,0.4809,0.8110,high,high,0
Lumen,0.7455,0.8217,0.1617,-0.0762,0.0000,0.4809,0.8113,high,high,0
Lumen,0.7455,0.8216,0.1618,-0.0762,0.0000,0.4809,0.8115,high,high,0
Lumen,0.7455,0.8217,0.1617,-0.0762,0.0000,0.4809,0.8112,high,high,0
Lumen,0.7455,0.8217,0.1617,-0.0762,0.0000,0.4809,0.8114,high,high,0
Lumen,0.7455,0.8216,0.1618,-0.0762,0.0000,0.4809,0.8116,high,high,0
Lumen,0.7455,0.8216,0.1618,-0.0762,0.0000,0.4809,0.8119,high,high,0
Lumen,0.7455,0.8216,0.1617,-0.0762,0.0000,0.4809,0.8113,high,high,0
Lumen,0.7455,0.8216,0.1617,-0.0762,0.0000,0.4809,0.8116,high,high,0
Lumen,0.7455,0.8216,0.1617,-0.0762,0.0000,0.4809,0.8115,high,high,0
Lumen,0.7455,0.8216,0.1618,-0.0762,0.0000,0.4809,0.8117,high,high,0
Lumen,0.7455,0.8216,0.1617,-0.0762,0.0000,0.4809,0.8114,high,high,0
Lumen,0.7455,0.8216,0.1619,-0.0761,0.0000,0.4809,0.8121,high,high,0
Lumen,0.7454,0.8216,0.1619,-0.0761,0.0000,0.4809,0.8126,high,high,0
Lumen,0.7454,0.8215,0.1621,-0.0761,0.0000,0.4809,0.8132,high,high,0
Lumen,0.7454,0.8215,0.1622,-0.0761,0.0000,0.4809,0.8139,high,high,0
Lumen,0.7453,0.8214,0.1624,-0.0761,0.0000,0.4809,0.8144,high,high,0
Lumen,0.7453,0.8215,0.1623,-0.0761,0.0000,0.4809,0.8141,high,high,0
Lumen,0.7454,0.8215,0.1621,-0.0761,0.0000,0.4809,0.8135,high,high,0
Lumen,0.7454,0.8215,0.1622,-0.0761,0.0000,0.4809,0.8138,high,high,0
Lumen,0.7453,0.8214,0.1622,-0.0761,0.0000,0.4809,0.8141,high,high,0
Lumen,0.7453,0.8214,0.1623,-0.0761,0.0000,0.4809,0.8142,high,high,0
Lumen,0.7453,0.8214,0.1624,-0.0761,0.1490,0.4809,0.8148,high,high,0
Lumen,0.7453,0.8214,0.1625,-0.0761,0.0000,0.4809,0.8153,high,high,0
Lumen,0.7453,0.8214,0.1625,-0.0761,0.0000,0.4809,0.8155,high,high,0
Lumen,0.7453,0.8214,0.1624,-0.0761,0.0000,0.4809,0.8151,high,high,0
Lumen,0.7453,0.8214,0.1623,-0.0761,0.0000,0.4809,0.8147,high,high,0
Lumen,0.7453,0.8214,0.1624,-0.0761,0.0000,0.4809,0.8152,high,high,0
Lumen,0.7453,0.8214,0.1624,-0.0761,0.0000,0.4809,0.8151,high,high,0
Lumen,0.7452,0.8213,0.1626,-0.0761,0.0000,0.4809,0.8159,high,high,0
Lumen,0.7452,0.8213,0.1628,-0.0761,0.0000,0.4809,0.8167,high,high,0
Lumen,0.7451,0.8212,0.1629,-0.0761,0.0000,0.4809,0.8175,high,high,0
Lumen,0.7451,0.8212,0.1630,-0.0761,0.0000,0.4809,0.8180,high,high,0
Lumen,0.7451,0.8211,0.1631,-0.0761,0.0000,0.4809,0.8183,high,high,0
Lumen,0.7450,0.8211,0.1633,-0.0761,0.0000,0.4809,0.8191,high,high,0
Lumen,0.7450,0.8210,0.1635,-0.0761,0.0000,0.4809,0.8198,high,high,0
Lumen,0.7449,0.8210,0.1637,-0.0761,0.0000,0.4809,0.8208,high,high,0
Lumen,0.7448,0.8209,0.1638,-0.0761,0.0000,0.4809,0.8213,high,high,0
Lumen,0.7448,0.8209,0.1640,-0.0761,0.0000,0.4809,0.8221,high,high,0
Lumen,0.7448,0.8208,0.1640,-0.0761,0.0000,0.4809,0.8224,high,high,0
Lumen,0.7447,0.8208,0.1643,-0.0761,0.0000,0.4809,0.8233,high,high,0
Lumen,0.7446,0.8207,0.1646,-0.0761,0.0000,0.4809,0.8246,high,high,0
Lumen,0.7445,0.8206,0.1648,-0.0761,0.0000,0.4809,0.8253,high,high,0
Lumen,0.7444,0.8205,0.1652,-0.0761,0.0000,0.4809,0.8266,high,high,0
Lumen,0.7443,0.8204,0.1654,-0.0761,0.0000,0.4809,0.8277,high,high,0
Lumen,0.7443,0.8203,0.1655,-0.0761,0.0000,0.4809,0.8282,high,high,0
Lumen,0.7442,0.8203,0.1657,-0.0761,0.0000,0.4809,0.8289,high,high,0
Lumen,0.7442,0.8202,0.1658,-0.0761,0.0000,0.4809,0.8295,high,high,0
Lumen,0.7442,0.8202,0.1659,-0.0761,0.0000,0.4809,0.8299,high,high,0
Lumen,0.7441,0.8201,0.1661,-0.0761,0.0000,0.4809,0.8307,high,high,0
Lumen,0.7440,0.8200,0.1663,-0.0760,0.0000,0.4809,0.8314,high,high,0
Lumen,0.7439,0.8199,0.1666,-0.0760,0.0000,0.4809,0.8323,high,high,0
Lumen,0.7439,0.8198,0.1668,-0.0760,0.0000,0.4809,0.8331,high,high,0
Lumen,0.7438,0.8197,0.1672,-0.0760,0.0000,0.4809,0.8341,high,high,0
Lumen,0.7436,0.8196,0.1675,-0.0760,0.0000,0.4809,0.8350,high,high,0
Lumen,0.7436,0.8195,0.1678,-0.0760,0.0000,0.4809,0.8358,high,high,0
Lumen,0.7434,0.8194,0.1682,-0.0760,0.0000,0.4809,0.8367,high,high,0
Lumen,0.7434,0.8193,0.1684,-0.0760,0.0000,0.4809,0.8374,high,high,0
Lumen,0.7433,0.8192,0.1687,-0.0760,0.0000,0.4809,0.8381,high,high,0
Lumen,0.7432,0.8191,0.1690,-0.0760,0.0000,0.4809,0.8388,high,high,0
Lumen,0.7431,0.8190,0.1693,-0.0760,0.0000,0.4809,0.8395,high,high,0
Lumen,0.7430,0.8189,0.1694,-0.0760,0.0000,0.4809,0.8399,high,high,0
Lumen,0.7429,0.8188,0.1697,-0.0759,0.0000,0.4809,0.8405,high,high,0
Lumen,0.7429,0.8187,0.1699,-0.0759,0.0000,0.4809,0.8410,high,high,0
Lumen,0.7428,0.8186,0.1701,-0.0759,0.0000,0.4809,0.8414,high,high,0
Lumen,0.7427,0.8185,0.1703,-0.0759,0.0000,0.4809,0.8419,high,high,0
Lumen,0.7427,0.8185,0.1703,-0.0759,0.0000,0.4809,0.8422,high,high,0
Lumen,0.7434,0.8190,0.1681,-0.0759,0.1499,0.4808,0.8398,high,high,0
Lumen,0.7433,0.8189,0.1687,-0.0758,0.0000,0.4808,0.8405,high,high,0
Lumen,0.7432,0.8188,0.1691,-0.0758,0.0000,0.4808,0.8411,high,high,0
Lumen,0.7431,0.8187,0.1692,-0.0758,0.0000,0.4808,0.8415,high,high,0
Lumen,0.7431,0.8187,0.1691,-0.0758,0.0000,0.4808,0.8416,high,high,0
Lumen,0.7431,0.8187,0.1689,-0.0758,0.1491,0.4808,0.8416,high,high,0
Lumen,0.7432,0.8187,0.1688,-0.0757,0.0000,0.4808,0.8417,high,high,0
Lumen,0.7431,0.8187,0.1689,-0.0757,0.0000,0.4808,0.8418,high,high,0
Lumen,0.7432,0.8187,0.1687,-0.0757,0.0000,0.4808,0.8418,high,high,0
Lumen,0.7431,0.8187,0.1689,-0.0757,0.0000,0.4808,0.8421,high,high,0
Lumen,0.7430,0.8186,0.1693,-0.0757,0.0000,0.4809,0.8426,high,high,0
Lumen,0.7429,0.8185,0.1695,-0.0757,0.0000,0.4809,0.8429,high,high,0
Lumen,0.7428,0.8184,0.1698,-0.0757,0.0000,0.4809,0.8432,high,high,0
Lumen,0.7428,0.8184,0.1698,-0.0757,0.0000,0.4809,0.8434,high,high,0
Lumen,0.7428,0.8184,0.1699,-0.0756,0.1445,0.4809,0.8436,high,high,0
Lumen,0.7428,0.8183,0.1699,-0.0756,0.0000,0.4809,0.8438,high,high,0
Lumen,0.7427,0.8183,0.1700,-0.0756,0.0000,0.4809,0.8440,high,high,0
Lumen,0.7428,0.8183,0.1698,-0.0756,0.0000,0.4808,0.8441,high,high,0
Lumen,0.7428,0.8183,0.1697,-0.0756,0.0000,0.4808,0.8441,high,high,0
Lumen,0.7428,0.8183,0.1697,-0.0756,0.0000,0.4808,0.8442,high,high,0
Lumen,0.7428,0.8183,0.1696,-0.0756,0.1488,0.4808,0.8442,high,high,0
Lumen,0.7428,0.8183,0.1696,-0.0756,0.0000,0.4808,0.8443,high,high,0
Lumen,0.7428,0.8183,0.1697,-0.0756,0.0000,0.4808,0.8444,high,high,0
Lumen,0.7428,0.8183,0.1698,-0.0756,0.0000,0.4808,0.8445,high,high,0
Lumen,0.7427,0.8182,0.1700,-0.0756,0.0000,0.4808,0.8447,high,high,0
Lumen,0.7427,0.8182,0.1700,-0.0755,0.0000,0.4808,0.8448,high,high,0
Lumen,0.7427,0.8182,0.1701,-0.0755,0.0000,0.4808,0.8449,high,high,0
Lumen,0.7426,0.8181,0.1703,-0.0755,0.0000,0.4808,0.8450,high,high,0
Lumen,0.7426,0.8181,0.1702,-0.0755,0.0000,0.4808,0.8451,high,high,0
Lumen,0.7426,0.8181,0.1703,-0.0755,0.0000,0.4808,0.8452,high,high,0
Lumen,0.7426,0.8181,0.1704,-0.0755,0.0000,0.4808,0.8453,high,high,0
Lumen,0.7425,0.8180,0.1707,-0.0755,0.0000,0.4808,0.8454,high,high,0
Lumen,0.7424,0.8179,0.1709,-0.0755,0.0000,0.4809,0.8455,high,high,0
Lumen,0.7422,0.8178,0.1716,-0.0755,0.0000,0.4809,0.8455,high,high,0
Lumen,0.7421,0.8176,0.1722,-0.0755,0.0000,0.4809,0.8454,high,high,0
Lumen,0.7419,0.8175,0.1727,-0.0755,0.0000,0.4809,0.8452,high,high,0
Lumen,0.7419,0.8174,0.1730,-0.0755,0.0000,0.4809,0.8452,high,high,0
Lumen,0.7418,0.8173,0.1731,-0.0755,0.0000,0.4809,0.8453,high,high,0
Lumen,0.7417,0.8172,0.1734,-0.0755,0.0000,0.4809,0.8452,high,high,0
Lumen,0.7417,0.8171,0.1736,-0.0755,0.0000,0.4809,0.8452,high,high,0
Lumen,0.7416,0.8171,0.1738,-0.0755,0.0000,0.4809,0.8452,high,high,0
Lumen,0.7415,0.8170,0.1739,-0.0755,0.0000,0.4809,0.8453,high,high,0
Lumen,0.7415,0.8169,0.1740,-0.0755,0.0000,0.4808,0.8454,high,high,0
Lumen,0.7415,0.8169,0.1741,-0.0755,0.0000,0.4808,0.8455,high,high,0
Lumen,0.7414,0.8168,0.1742,-0.0755,0.0000,0.4808,0.8455,high,high,0
Lumen,0.7413,0.8167,0.1746,-0.0755,0.0000,0.4808,0.8451,high,high,0
Lumen,0.7412,0.8166,0.1749,-0.0754,0.0000,0.4808,0.8447,high,high,0
Lumen,0.7411,0.8165,0.1753,-0.0754,0.0000,0.4809,0.8441,high,high,0
Lumen,0.7410,0.8163,0.1757,-0.0754,0.0000,0.4809,0.8433,high,high,0
Lumen,0.7408,0.8162,0.1763,-0.0754,0.0000,0.4809,0.8419,high,high,0
Lumen,0.7407,0.8160,0.1769,-0.0754,0.0000,0.4809,0.8404,high,high,0
Lumen,0.7404,0.8157,0.1780,-0.0754,0.0000,0.4809,0.8372,high,high,0
Lumen,0.7400,0.8154,0.1793,-0.0754,0.0000,0.4810,0.8326,high,high,0
Lumen,0.7391,0.8146,0.1846,-0.0754,0.1500,0.4811,0.8057,high,high,0
Lumen,0.7390,0.8144,0.1906,-0.0754,0.0000,0.4812,0.7672,high,high,0
Lumen,0.7390,0.8143,0.1941,-0.0754,0.0000,0.4811,0.7426,high,high,0
Lumen,0.7390,0.8143,0.1969,-0.0754,0.0000,0.4811,0.7220,high,high,0
Lumen,0.7390,0.8142,0.1993,-0.0754,0.0000,0.4810,0.7045,high,high,0
Lumen,0.7390,0.8142,0.2012,-0.0753,0.0000,0.4810,0.6897,high,high,0
Lumen,0.7391,0.8142,0.2074,-0.0753,0.0000,0.4809,0.6419,high,high,0
Lumen,0.7391,0.8141,0.2174,-0.0753,0.0317,0.4809,0.5622,high,high,0
Lumen,0.7390,0.8139,0.2266,-0.0752,0.0790,0.4809,0.4879,high,high,0
Lumen,0.7390,0.8139,0.2340,-0.0752,0.1149,0.4808,0.4275,high,boundary,1
Lumen,0.7393,0.8141,0.2349,-0.0752,0.1155,0.4808,0.4200,high,boundary,1
Lumen,0.7392,0.8140,0.2418,-0.0751,0.1466,0.4808,0.3636,high,low,1
Lumen,0.7392,0.8139,0.2516,-0.0751,0.1904,0.4808,0.2829,boundary,low,1
Lumen,0.7392,0.8139,0.2595,-0.0750,0.2000,0.4808,0.2169,boundary,low,1
Lumen,0.7393,0.8139,0.2662,-0.0750,0.2000,0.4808,0.1611,boundary,low,1
Lumen,0.7393,0.8138,0.2674,-0.0749,0.2000,0.4807,0.1514,boundary,low,1
Lumen,0.7392,0.8138,0.2686,-0.0749,0.2000,0.4807,0.1416,boundary,low,1
Lumen,0.7393,0.8139,0.2693,-0.0749,0.2000,0.4807,0.1358,boundary,low,1
Lumen,0.7393,0.8139,0.2697,-0.0748,0.2000,0.4806,0.1318,boundary,low,1
Lumen,0.7393,0.8139,0.2704,-0.0748,0.2000,0.4806,0.1267,boundary,low,1
Lumen,0.7394,0.8140,0.2661,-0.0748,0.1891,0.4805,0.1619,boundary,low,1
Lumen,0.7394,0.8140,0.2578,-0.0748,0.1464,0.4805,0.2311,boundary,low,1
Lumen,0.7394,0.8141,0.2508,-0.0748,0.1115,0.4805,0.2891,boundary,low,1
Lumen,0.7394,0.8141,0.2450,-0.0748,0.0829,0.4805,0.3373,high,low,1
Lumen,0.7394,0.8142,0.2445,-0.0748,0.0781,0.4804,0.3408,high,low,1
Lumen,0.7394,0.8143,0.2394,-0.0748,0.0536,0.4804,0.3830,high,low,1
Lumen,0.7395,0.8144,0.2350,-0.0748,0.0327,0.4804,0.4195,high,boundary,1
Lumen,0.7395,0.8144,0.2312,-0.0748,0.0152,0.4804,0.4500,high,boundary,1
Lumen,0.7399,0.8148,0.2267,-0.0748,0.0000,0.4804,0.4866,high,high,0
Lumen,0.7398,0.8150,0.2242,-0.0749,0.0000,0.4804,0.5063,high,high,0
Lumen,0.7400,0.8156,0.2214,-0.0749,0.0000,0.4804,0.5278,high,high,0
Lumen,0.7399,0.8159,0.2200,-0.0750,0.0000,0.4803,0.5382,high,high,0
Lumen,0.7402,0.8166,0.2171,-0.0752,0.0000,0.4803,0.5599,high,high,0
Lumen,0.7401,0.8170,0.2115,-0.0753,0.0000,0.4802,0.6029,high,high,0
Lumen,0.7400,0.8175,0.2067,-0.0756,0.0000,0.4802,0.6381,high,high,0
Lumen,0.7401,0.8180,0.2021,-0.0758,0.0000,0.4802,0.6710,high,high,0
Lumen,0.7396,0.8180,0.2007,-0.0761,0.0000,0.4802,0.6809,high,high,0
Lumen,0.7391,0.8180,0.1994,-0.0763,0.0000,0.4803,0.6895,high,high,0
Lumen,0.7388,0.8182,0.1978,-0.0766,0.0000,0.4803,0.7000,high,high,0
Lumen,0.7387,0.8185,0.1957,-0.0770,0.0000,0.4803,0.7127,high,high,0
Lumen,0.7386,0.8188,0.1941,-0.0773,0.1476,0.4803,0.7222,high,high,0
Lumen,0.7385,0.8190,0.1930,-0.0776,0.0000,0.4803,0.7283,high,high,0
Lumen,0.7383,0.8192,0.1920,-0.0779,0.0000,0.4803,0.7337,high,high,0
Lumen,0.7382,0.8194,0.1911,-0.0783,0.0000,0.4803,0.7385,high,high,0
Lumen,0.7383,0.8197,0.1896,-0.0786,0.1499,0.4803,0.7457,high,high,0
Lumen,0.7382,0.8200,0.1890,-0.0789,0.0000,0.4802,0.7476,high,high,0
Lumen,0.7381,0.8202,0.1889,-0.0792,0.0000,0.4802,0.7470,high,high,0
Lumen,0.7379,0.8205,0.1888,-0.0795,0.0000,0.4802,0.7457,high,high,0
Lumen,0.7378,0.8209,0.1887,-0.0799,0.0000,0.4802,0.7436,high,high,0
Lumen,0.7376,0.8213,0.1887,-0.0803,0.0000,0.4802,0.7411,high,high,0
Lumen,0.7375,0.8216,0.1889,-0.0807,0.0000,0.4801,0.7379,high,high,0
Lumen,0.7374,0.8220,0.1887,-0.0811,0.0000,0.4801,0.7360,high,high,0
Lumen,0.7373,0.8224,0.1887,-0.0814,0.0000,0.4800,0.7339,high,high,0
Lumen,0.7373,0.8227,0.1886,-0.0818,0.0000,0.4799,0.7324,high,high,0
Lumen,0.7378,0.8235,0.1862,-0.0822,0.0000,0.4798,0.7416,high,high,0
Lumen,0.7376,0.8236,0.1867,-0.0826,0.0000,0.4798,0.7374,high,high,0
Lumen,0.7375,0.8238,0.1871,-0.0830,0.0000,0.4797,0.7340,high,high,0
Lumen,0.7374,0.8241,0.1871,-0.0833,0.0000,0.4797,0.7325,high,high,0
Lumen,0.7587,0.7841,0.1580,-0.0407,0.2702,0.4797,0.8063,high,high,0
Lumen,0.7614,0.7840,0.1583,-0.0400,0.2742,0.4800,0.7925,high,high,0
Lumen,0.7434,0.7931,0.1831,-0.0232,0.1500,0.4803,0.8570,high,high,0
Lumen,0.7403,0.8090,0.2009,-0.0436,0.1500,0.4803,0.7079,high,high,0
Lumen,0.7390,0.8172,0.2087,-0.0575,0.1500,0.4802,0.6227,high,high,0
Lumen,0.7384,0.8217,0.2244,-0.0665,0.0000,0.4801,0.4866,high,high,0
Lumen,0.7379,0.8244,0.2334,-0.0725,0.0000,0.4799,0.4072,high,boundary,1
Lumen,0.7374,0.8258,0.2390,-0.0765,0.0000,0.4798,0.3591,high,low,1
Lumen,0.7371,0.8265,0.2424,-0.0791,0.0000,0.4797,0.3296,high,low,1
Lumen,0.7369,0.8270,0.2447,-0.0807,0.0000,0.4797,0.3099,high,low,1
Lumen,0.7367,0.8271,0.2464,-0.0817,0.0000,0.4796,0.2959,high,low,1
Lumen,0.7371,0.8278,0.2501,-0.0826,0.1500,0.4796,0.2652,boundary,low,1
Lumen,0.7369,0.8279,0.2555,-0.0834,0.0000,0.4796,0.2215,boundary,low,1
Lumen,0.7366,0.8280,0.2604,-0.0842,0.1500,0.4796,0.1816,boundary,low,1
Lumen,0.7364,0.8280,0.2599,-0.0850,0.0000,0.4796,0.1857,boundary,low,1
Lumen,0.7369,0.8286,0.2613,-0.0856,0.0000,0.4796,0.1737,boundary,low,1
Lumen,0.7366,0.8285,0.2654,-0.0863,0.0000,0.4796,0.1409,boundary,low,1
Lumen,0.7370,0.8289,0.2707,-0.0868,0.0000,0.4796,0.0968,boundary,low,1
Lumen,0.7367,0.8287,0.2781,-0.0873,0.0000,0.4796,0.0374,boundary,low,1
Lumen,0.7647,0.7874,0.1525,-0.0406,0.2724,0.4797,0.7667,high,high,0
Lumen,0.7662,0.7870,0.1538,-0.0393,0.2735,0.4803,0.7620,high,high,0
Lumen,0.7415,0.7920,0.2928,-0.0246,0.1500,0.4808,0.0000,boundary,low,1
Lumen,0.7383,0.8072,0.3062,-0.0445,0.0000,0.4809,0.0000,boundary,low,1
Lumen,0.7367,0.8148,0.3264,-0.0580,0.0000,0.4809,0.0000,boundary,low,1
Lumen,0.7361,0.8191,0.3358,-0.0667,0.0000,0.4807,0.0000,boundary,low,1
Lumen,0.7358,0.8217,0.3406,-0.0725,0.0000,0.4805,0.0000,boundary,low,1
Lumen,0.7356,0.8231,0.3341,-0.0763,0.0000,0.4803,0.0000,boundary,low,1
Lumen,0.7355,0.8240,0.3380,-0.0787,0.0000,0.4802,0.0000,boundary,low,1
Lumen,0.7362,0.8251,0.3433,-0.0802,0.0000,0.4800,0.0000,boundary,low,1
Lumen,0.7361,0.8253,0.3443,-0.0811,0.0000,0.4799,0.0000,boundary,low,1
Lumen,0.7360,0.8254,0.3497,-0.0819,0.0000,0.4798,0.0000,boundary,low,1
Lumen,0.7359,0.8255,0.3544,-0.0827,0.0000,0.4798,0.0000,boundary,low,1
Lumen,0.7637,0.7840,0.1588,-0.0399,0.2817,0.4800,0.7811,high,high,0
Lumen,0.7643,0.7841,0.1584,-0.0383,0.2716,0.4809,0.7770,high,high,0
Lumen,0.7423,0.7926,0.3379,-0.0242,0.0000,0.4813,0.0000,boundary,low,1
Lumen,0.7393,0.8083,0.3580,-0.0444,0.1500,0.4813,0.0000,boundary,low,1
Lumen,0.7377,0.8163,0.3535,-0.0580,0.1500,0.4811,0.0000,boundary,low,1
Lumen,0.7370,0.8208,0.3514,-0.0671,0.1500,0.4808,0.0000,boundary,low,1
Lumen,0.7596,0.7853,0.1575,-0.0384,0.2684,0.4808,0.8067,high,high,0
Lumen,0.7632,0.7851,0.1614,-0.0383,0.3079,0.4809,0.7970,high,high,0
Lumen,0.7639,0.7851,0.1640,-0.0382,0.2976,0.4809,0.7969,high,high,0
Lumen,0.7419,0.7952,0.3987,-0.0271,0.1499,0.4812,0.0000,boundary,low,1
Lumen,0.7415,0.8119,0.3507,-0.0466,0.1494,0.4812,0.0000,boundary,low,1
Lumen,0.7397,0.8185,0.3478,-0.0595,0.1000,0.4811,0.0000,boundary,low,1
Lumen,0.7387,0.8225,0.3340,-0.0680,0.1500,0.4809,0.0000,boundary,low,1
Lumen,0.7420,0.8289,0.3173,-0.0737,0.1500,0.4808,0.0000,boundary,low,1
Lumen,0.7407,0.8293,0.3082,-0.0774,0.0000,0.4805,0.0000,boundary,low,1
Lumen,0.7599,0.7863,0.1518,-0.0391,0.2678,0.4805,0.7837,high,high,0
Lumen,0.7632,0.7869,0.1489,-0.0390,0.2755,0.4805,0.7543,high,high,0
Lumen,0.7367,0.8012,0.2808,-0.0468,0.0000,0.4806,0.0448,boundary,low,1
Lumen,0.7371,0.8140,0.2960,-0.0604,0.1500,0.4806,0.0000,boundary,low,1
Lumen,0.7655,0.7874,0.1518,-0.0387,0.2728,0.4807,0.7591,high,high,0
Lumen,0.7668,0.7876,0.1538,-0.0376,0.2717,0.4812,0.7602,high,high,0
Lumen,0.7437,0.7952,0.3337,-0.0253,0.0000,0.4815,0.0000,boundary,low,1
Lumen,0.7407,0.8108,0.3537,-0.0454,0.1500,0.4814,0.0000,boundary,low,1
Lumen,0.7394,0.8188,0.3625,-0.0590,0.1500,0.4812,0.0000,boundary,low,1
Lumen,0.7388,0.8232,0.3666,-0.0679,0.0000,0.4809,0.0000,boundary,low,1
Lumen,0.7384,0.8258,0.3578,-0.0738,0.0000,0.4806,0.0000,boundary,low,1
Lumen,0.7383,0.8273,0.3619,-0.0776,0.0000,0.4804,0.0000,boundary,low,1
Lumen,0.7382,0.8280,0.3648,-0.0800,0.0000,0.4802,0.0000,boundary,low,1
Lumen,0.7381,0.8285,0.3603,-0.0816,0.0000,0.4800,0.0000,boundary,low,1
Lumen,0.7380,0.8287,0.3576,-0.0825,0.0000,0.4799,0.0000,boundary,low,1
Lumen,0.7379,0.8288,0.3553,-0.0833,0.0000,0.4798,0.0000,boundary,low,1
Lumen,0.7379,0.8290,0.3485,-0.0841,0.0000,0.4797,0.0000,boundary,low,1
Lumen,0.7379,0.8292,0.3428,-0.0848,0.0000,0.4796,0.0000,boundary,low,1
Lumen,0.7378,0.8296,0.3333,-0.0855,0.0000,0.4795,0.0000,boundary,low,1
Lumen,0.7378,0.8300,0.3249,-0.0862,0.0000,0.4794,0.0000,boundary,low,1
Lumen,0.7378,0.8304,0.3134,-0.0868,0.0000,0.4793,0.0000,boundary,low,1
Lumen,0.7377,0.8307,0.2991,-0.0875,0.0000,0.4793,0.0000,boundary,low,1
Lumen,0.7377,0.8311,0.2866,-0.0881,0.0000,0.4792,0.0000,boundary,low,1
Lumen,0.7377,0.8315,0.2712,-0.0886,0.0000,0.4792,0.0872,boundary,low,1
Lumen,0.7377,0.8318,0.2580,-0.0892,0.0000,0.4791,0.1922,boundary,low,1
Lumen,0.7378,0.8322,0.2467,-0.0897,0.0000,0.4791,0.2798,high,low,1
Lumen,0.7378,0.8325,0.2419,-0.0902,0.0000,0.4791,0.3159,high,low,1
Lumen,0.7377,0.8327,0.2380,-0.0907,0.0000,0.4791,0.3445,high,low,1
Lumen,0.7378,0.8330,0.2345,-0.0911,0.0000,0.4792,0.3702,high,low,1
Lumen,0.7377,0.8332,0.2316,-0.0916,0.0000,0.4792,0.3907,high,low,1
Lumen,0.7377,0.8334,0.2292,-0.0920,0.0000,0.4793,0.4082,high,boundary,1
Lumen,0.7377,0.8336,0.2271,-0.0924,0.0000,0.4793,0.4224,high,boundary,1
Lumen,0.7376,0.8338,0.2255,-0.0927,0.0000,0.4793,0.4332,high,boundary,1
Lumen,0.7377,0.8340,0.2239,-0.0931,0.0000,0.4793,0.4443,high,boundary,1
Lumen,0.7377,0.8342,0.2224,-0.0934,0.0000,0.4794,0.4537,high,high,0
Lumen,0.7376,0.8343,0.2169,-0.0938,0.0000,0.4794,0.4919,high,high,0
Lumen,0.7376,0.8344,0.2120,-0.0941,0.0000,0.4794,0.5238,high,high,0
Lumen,0.7375,0.8345,0.2083,-0.0944,0.0000,0.4794,0.5479,high,high,0
Lumen,0.7375,0.8345,0.2050,-0.0946,0.0000,0.4794,0.5679,high,high,0
Lumen,0.7374,0.8346,0.2022,-0.0949,0.0000,0.4794,0.5843,high,high,0
Lumen,0.7375,0.8347,0.1994,-0.0951,0.0000,0.4794,0.5997,high,high,0
Lumen,0.7374,0.8348,0.1973,-0.0953,0.0000,0.4795,0.6105,high,high,0
Lumen,0.7374,0.8348,0.1955,-0.0955,0.0000,0.4795,0.6197,high,high,0
Lumen,0.7374,0.8349,0.1939,-0.0957,0.0000,0.4795,0.6273,high,high,0
Lumen,0.7374,0.8349,0.1927,-0.0959,0.0000,0.4795,0.6330,high,high,0
Lumen,0.7374,0.8350,0.1916,-0.0961,0.0000,0.4795,0.6380,high,high,0
Lumen,0.7374,0.8350,0.1906,-0.0962,0.0000,0.4795,0.6422,high,high,0
Lumen,0.7374,0.8351,0.1899,-0.0964,0.0000,0.4795,0.6451,high,high,0
Lumen,0.7375,0.8352,0.1887,-0.0965,0.1498,0.4795,0.6495,high,high,0
Lumen,0.7376,0.8353,0.1878,-0.0966,0.0000,0.4795,0.6525,high,high,0
Lumen,0.7377,0.8354,0.1869,-0.0967,0.0000,0.4795,0.6555,high,high,0
Lumen,0.7378,0.8356,0.1860,-0.0969,0.0000,0.4795,0.6580,high,high,0
Lumen,0.7379,0.8357,0.1851,-0.0969,0.0000,0.4795,0.6604,high,high,0
Lumen,0.7381,0.8359,0.1842,-0.0970,0.0000,0.4795,0.6626,high,high,0
Lumen,0.7383,0.8361,0.1833,-0.0971,0.0000,0.4795,0.6645,high,high,0
Lumen,0.7384,0.8362,0.1826,-0.0972,0.0000,0.4795,0.6657,high,high,0
Lumen,0.7385,0.8363,0.1822,-0.0972,0.0000,0.4795,0.6664,high,high,0
Lumen,0.7386,0.8365,0.1816,-0.0973,0.0000,0.4795,0.6672,high,high,0
Lumen,0.7723,0.7935,0.1370,-0.0406,0.2674,0.4797,0.6509,high,high,0
Lumen,0.7738,0.7940,0.1383,-0.0390,0.2649,0.4805,0.6509,high,high,0
Lumen,0.7455,0.8012,0.1756,-0.0289,0.0000,0.4810,0.9332,high,high,0
Lumen,0.7428,0.8172,0.1924,-0.0494,0.1500,0.4811,0.7471,high,high,0
Lumen,0.7415,0.8253,0.1999,-0.0632,0.1000,0.4810,0.6545,high,high,0
Lumen,0.7409,0.8297,0.2161,-0.0722,0.1500,0.4808,0.5208,high,high,0
Lumen,0.7700,0.7949,0.1434,-0.0384,0.2597,0.4808,0.7045,high,high,0
Lumen,0.7724,0.7947,0.1457,-0.0380,0.2674,0.4810,0.7024,high,high,0
Lumen,0.7741,0.7943,0.1464,-0.0378,0.2631,0.4811,0.6945,high,high,0
Lumen,0.7743,0.7939,0.1499,-0.0365,0.2679,0.4818,0.7086,high,high,0
Lumen,0.7454,0.7999,0.3404,-0.0282,0.1500,0.4821,0.0000,boundary,low,1
Lumen,0.7426,0.8153,0.3536,-0.0482,0.0000,0.4820,0.0000,boundary,low,1
Lumen,0.7415,0.8232,0.3453,-0.0616,0.0000,0.4818,0.0000,boundary,low,1
Lumen,0.7407,0.8273,0.3541,-0.0704,0.0000,0.4815,0.0000,boundary,low,1
Lumen,0.7407,0.8299,0.3577,-0.0760,0.0000,0.4811,0.0000,boundary,low,1
Lumen,0.7406,0.8314,0.3596,-0.0797,0.0000,0.4808,0.0000,boundary,low,1
Lumen,0.7406,0.8322,0.3609,-0.0821,0.0000,0.4806,0.0000,boundary,low,1
Lumen,0.7406,0.8327,0.3552,-0.0836,0.0000,0.4803,0.0000,boundary,low,1
Lumen,0.7648,0.7896,0.1550,-0.0394,0.2672,0.4803,0.7858,high,high,0
Lumen,0.7671,0.7895,0.1534,-0.0388,0.2707,0.4806,0.7632,high,high,0
Lumen,0.7678,0.7894,0.1533,-0.0387,0.2633,0.4806,0.7574,high,high,0
Lumen,0.7690,0.7896,0.1524,-0.0376,0.2674,0.4812,0.7467,high,high,0
Lumen,0.7462,0.7997,0.2783,-0.0269,0.0000,0.4815,0.0694,boundary,low,1
Lumen,0.7434,0.8157,0.2748,-0.0474,0.1500,0.4814,0.0892,boundary,low,1
Lumen,0.7424,0.8244,0.2720,-0.0612,0.1000,0.4812,0.0982,boundary,low,1
Lumen,0.7414,0.8287,0.2597,-0.0704,0.1500,0.4809,0.1888,boundary,low,1
Lumen,0.7410,0.8313,0.2530,-0.0764,0.1500,0.4806,0.2347,boundary,low,1
Lumen,0.7407,0.8328,0.2494,-0.0803,0.0000,0.4803,0.2582,high,low,1
Lumen,0.7405,0.8336,0.2473,-0.0829,0.0000,0.4801,0.2723,high,low,1
Lumen,0.7404,0.8340,0.2460,-0.0845,0.0000,0.4799,0.2807,high,low,1
Lumen,0.7404,0.8343,0.2452,-0.0854,0.1496,0.4798,0.2857,high,low,1
Lumen,0.7403,0.8344,0.2446,-0.0863,0.1499,0.4797,0.2902,high,low,1
Lumen,0.7403,0.8346,0.2392,-0.0871,0.1498,0.4797,0.3303,high,low,1
Lumen,0.7403,0.8348,0.2346,-0.0878,0.0000,0.4796,0.3643,high,low,1
Lumen,0.7402,0.8350,0.2309,-0.0885,0.0000,0.4796,0.3911,high,low,1
Lumen,0.7401,0.8351,0.2278,-0.0892,0.0000,0.4796,0.4132,high,boundary,1
Lumen,0.7400,0.8353,0.2251,-0.0898,0.0000,0.4796,0.4319,high,boundary,1
Lumen,0.7400,0.8354,0.2181,-0.0904,0.0000,0.4796,0.4802,high,high,0
Lumen,0.7399,0.8355,0.2122,-0.0909,0.0000,0.4795,0.5191,high,high,0
Lumen,0.7398,0.8357,0.2072,-0.0914,0.0000,0.4795,0.5502,high,high,0
Lumen,0.7399,0.8359,0.2025,-0.0918,0.0000,0.4795,0.5777,high,high,0
Lumen,0.7400,0.8361,0.1983,-0.0923,0.0000,0.4795,0.5997,high,high,0
Lumen,0.7401,0.8364,0.1946,-0.0927,0.0000,0.4795,0.6177,high,high,0
Lumen,0.7402,0.8366,0.1914,-0.0930,0.0000,0.4795,0.6311,high,high,0
Lumen,0.7403,0.8368,0.1888,-0.0934,0.0000,0.4795,0.6413,high,high,0
Lumen,0.7404,0.8370,0.1865,-0.0937,0.0000,0.4795,0.6490,high,high,0
Lumen,0.7405,0.8372,0.1845,-0.0940,0.0000,0.4795,0.6549,high,high,0
Lumen,0.7405,0.8373,0.1831,-0.0943,0.0000,0.4795,0.6586,high,high,0
Lumen,0.7405,0.8374,0.1819,-0.0945,0.0000,0.4795,0.6614,high,high,0
Lumen,0.7405,0.8375,0.1809,-0.0948,0.0000,0.4796,0.6635,high,high,0
Lumen,0.7405,0.8376,0.1801,-0.0950,0.0000,0.4796,0.6649,high,high,0
Lumen,0.7404,0.8376,0.1796,-0.0952,0.1497,0.4796,0.6659,high,high,0
Lumen,0.7403,0.8376,0.1793,-0.0955,0.0000,0.4796,0.6665,high,high,0
Lumen,0.7403,0.8377,0.1790,-0.0956,0.0000,0.4796,0.6670,high,high,0
Lumen,0.7402,0.8377,0.1788,-0.0958,0.0000,0.4797,0.6673,high,high,0
Lumen,0.7401,0.8377,0.1787,-0.0960,0.0000,0.4797,0.6675,high,high,0
Lumen,0.7401,0.8377,0.1785,-0.0962,0.0000,0.4797,0.6678,high,high,0
Lumen,0.7400,0.8377,0.1785,-0.0963,0.0000,0.4797,0.6679,high,high,0
Lumen,0.7400,0.8377,0.1784,-0.0964,0.0000,0.4797,0.6680,high,high,0
Lumen,0.7399,0.8377,0.1784,-0.0966,0.0000,0.4797,0.6682,high,high,0
Lumen,0.7399,0.8377,0.1783,-0.0967,0.0000,0.4797,0.6683,high,high,0
Lumen,0.7399,0.8377,0.1782,-0.0968,0.0000,0.4797,0.6685,high,high,0
Lumen,0.7399,0.8377,0.1778,-0.0969,0.1498,0.4797,0.6688,high,high,0
Lumen,0.7401,0.8378,0.1772,-0.0970,0.0000,0.4797,0.6692,high,high,0
Lumen,0.7402,0.8380,0.1765,-0.0971,0.0000,0.4796,0.6696,high,high,0
Lumen,0.7404,0.8381,0.1759,-0.0971,0.0000,0.4796,0.6697,high,high,0
Lumen,0.7405,0.8382,0.1755,-0.0972,0.0000,0.4796,0.6696,high,high,0
Lumen,0.7406,0.8383,0.1751,-0.0973,0.0000,0.4796,0.6695,high,high,0
Lumen,0.7406,0.8384,0.1749,-0.0973,0.0000,0.4796,0.6693,high,high,0
Lumen,0.7406,0.8384,0.1748,-0.0974,0.0000,0.4796,0.6691,high,high,0
Lumen,0.7406,0.8385,0.1748,-0.0974,0.1486,0.4796,0.6689,high,high,0
Lumen,0.7406,0.8385,0.1749,-0.0975,0.1496,0.4797,0.6687,high,high,0
Lumen,0.7406,0.8385,0.1749,-0.0975,0.0000,0.4797,0.6685,high,high,0
Lumen,0.7406,0.8385,0.1751,-0.0975,0.0000,0.4797,0.6683,high,high,0
Lumen,0.7405,0.8385,0.1752,-0.0976,0.0000,0.4797,0.6682,high,high,0
Lumen,0.7405,0.8385,0.1754,-0.0976,0.0000,0.4797,0.6680,high,high,0
Lumen,0.7405,0.8385,0.1755,-0.0977,0.0000,0.4797,0.6679,high,high,0
Lumen,0.7404,0.8384,0.1756,-0.0977,0.0000,0.4797,0.6677,high,high,0
Lumen,0.7404,0.8384,0.1758,-0.0977,0.0000,0.4797,0.6676,high,high,0
Lumen,0.7403,0.8384,0.1759,-0.0978,0.0000,0.4797,0.6676,high,high,0
Lumen,0.7403,0.8383,0.1762,-0.0978,0.0000,0.4797,0.6675,high,high,0
Lumen,0.7402,0.8383,0.1764,-0.0978,0.0000,0.4797,0.6674,high,high,0
Lumen,0.7401,0.8382,0.1767,-0.0978,0.0000,0.4797,0.6674,high,high,0
Lumen,0.7401,0.8382,0.1768,-0.0979,0.0000,0.4797,0.6674,high,high,0
Lumen,0.7401,0.8381,0.1770,-0.0979,0.0000,0.4797,0.6674,high,high,0
Lumen,0.7401,0.8381,0.1769,-0.0979,0.0000,0.4797,0.6675,high,high,0
Lumen,0.7401,0.8382,0.1766,-0.0979,0.1498,0.4797,0.6677,high,high,0
Lumen,0.7403,0.8383,0.1760,-0.0979,0.0000,0.4797,0.6680,high,high,0
Lumen,0.7405,0.8385,0.1753,-0.0979,0.0000,0.4796,0.6681,high,high,0
Lumen,0.7406,0.8386,0.1749,-0.0979,0.0000,0.4796,0.6681,high,high,0
Lumen,0.7407,0.8386,0.1745,-0.0979,0.0000,0.4796,0.6680,high,high,0
Lumen,0.7407,0.8387,0.1744,-0.0979,0.0000,0.4796,0.6678,high,high,0
Lumen,0.7407,0.8387,0.1744,-0.0979,0.0000,0.4796,0.6677,high,high,0
Lumen,0.7408,0.8387,0.1743,-0.0980,0.1497,0.4796,0.6675,high,high,0
Lumen,0.7408,0.8388,0.1743,-0.0980,0.0000,0.4797,0.6674,high,high,0
Lumen,0.7408,0.8388,0.1742,-0.0980,0.0000,0.4797,0.6672,high,high,0
Lumen,0.7408,0.8388,0.1744,-0.0980,0.1494,0.4797,0.6671,high,high,0
Lumen,0.7407,0.8387,0.1747,-0.0980,0.0000,0.4797,0.6670,high,high,0
Lumen,0.7406,0.8387,0.1750,-0.0980,0.0000,0.4797,0.6669,high,high,0
Lumen,0.7405,0.8386,0.1755,-0.0980,0.0000,0.4797,0.6668,high,high,0
Lumen,0.7404,0.8385,0.1757,-0.0980,0.0000,0.4797,0.6667,high,high,0
Lumen,0.7403,0.8385,0.1760,-0.0980,0.0000,0.4797,0.6667,high,high,0
Lumen,0.7403,0.8384,0.1763,-0.0980,0.0000,0.4797,0.6666,high,high,0
Lumen,0.7402,0.8383,0.1766,-0.0980,0.0000,0.4797,0.6666,high,high,0
Lumen,0.7402,0.8383,0.1766,-0.0981,0.0000,0.4797,0.6667,high,high,0
Lumen,0.7401,0.8382,0.1769,-0.0981,0.0000,0.4797,0.6667,high,high,0
Lumen,0.7400,0.8382,0.1771,-0.0981,0.0000,0.4797,0.6667,high,high,0
Lumen,0.7400,0.8381,0.1772,-0.0981,0.0000,0.4797,0.6668,high,high,0
Lumen,0.7400,0.8381,0.1772,-0.0981,0.0000,0.4797,0.6669,high,high,0
Lumen,0.7399,0.8381,0.1773,-0.0981,0.0000,0.4797,0.6670,high,high,0
Lumen,0.7399,0.8380,0.1774,-0.0981,0.0000,0.4797,0.6672,high,high,0
Lumen,0.7399,0.8380,0.1774,-0.0981,0.0000,0.4797,0.6673,high,high,0
Lumen,0.7399,0.8380,0.1773,-0.0981,0.1487,0.4797,0.6675,high,high,0
Lumen,0.7399,0.8380,0.1774,-0.0981,0.0000,0.4797,0.6676,high,high,0
Lumen,0.7399,0.8379,0.1775,-0.0981,0.0000,0.4797,0.6676,high,high,0
Lumen,0.7398,0.8379,0.1777,-0.0981,0.0000,0.4797,0.6676,high,high,0
Lumen,0.7399,0.8379,0.1775,-0.0981,0.0000,0.4797,0.6679,high,high,0
Lumen,0.7398,0.8378,0.1778,-0.0981,0.0000,0.4797,0.6678,high,high,0
Lumen,0.7398,0.8378,0.1777,-0.0981,0.0000,0.4797,0.6680,high,high,0
Lumen,0.7399,0.8379,0.1773,-0.0981,0.1498,0.4797,0.6683,high,high,0
Lumen,0.7400,0.8380,0.1769,-0.0981,0.0000,0.4797,0.6686,high,high,0
Lumen,0.7401,0.8380,0.1766,-0.0980,0.0000,0.4796,0.6688,high,high,0
Lumen,0.7401,0.8381,0.1763,-0.0980,0.0000,0.4796,0.6689,high,high,0
Lumen,0.7402,0.8382,0.1760,-0.0980,0.0000,0.4796,0.6690,high,high,0
Lumen,0.7402,0.8382,0.1760,-0.0980,0.0000,0.4796,0.6689,high,high,0
Lumen,0.7402,0.8382,0.1760,-0.0980,0.1496,0.4796,0.6688,high,high,0
Lumen,0.7402,0.8382,0.1760,-0.0980,0.1497,0.4797,0.6687,high,high,0
Lumen,0.7402,0.8382,0.1761,-0.0980,0.0000,0.4797,0.6686,high,high,0
Lumen,0.7402,0.8382,0.1761,-0.0980,0.0000,0.4797,0.6686,high,high,0
Lumen,0.7402,0.8382,0.1761,-0.0980,0.1458,0.4797,0.6685,high,high,0
Lumen,0.7402,0.8382,0.1763,-0.0980,0.0000,0.4797,0.6684,high,high,0
Lumen,0.7402,0.8382,0.1763,-0.0980,0.0000,0.4797,0.6684,high,high,0
Lumen,0.7402,0.8382,0.1764,-0.0980,0.0000,0.4797,0.6683,high,high,0
Lumen,0.7401,0.8381,0.1765,-0.0980,0.0000,0.4797,0.6682,high,high,0
Lumen,0.7401,0.8381,0.1765,-0.0980,0.0000,0.4797,0.6682,high,high,0
Lumen,0.7401,0.8381,0.1766,-0.0980,0.1490,0.4797,0.6682,high,high,0
Lumen,0.7400,0.8381,0.1768,-0.0980,0.1495,0.4797,0.6680,high,high,0
Lumen,0.7400,0.8380,0.1771,-0.0980,0.0000,0.4797,0.6680,high,high,0
Lumen,0.7399,0.8380,0.1772,-0.0980,0.0000,0.4797,0.6679,high,high,0
Lumen,0.7399,0.8380,0.1773,-0.0980,0.0000,0.4797,0.6679,high,high,0
Lumen,0.7399,0.8379,0.1776,-0.0980,0.0000,0.4797,0.6678,high,high,0
Lumen,0.7398,0.8378,0.1778,-0.0980,0.0000,0.4797,0.6678,high,high,0
Lumen,0.7397,0.8378,0.1780,-0.0980,0.0000,0.4797,0.6677,high,high,0
Lumen,0.7397,0.8377,0.1781,-0.0980,0.0000,0.4797,0.6677,high,high,0
Lumen,0.7397,0.8377,0.1780,-0.0980,0.0000,0.4797,0.6679,high,high,0
Lumen,0.7397,0.8377,0.1781,-0.0980,0.0000,0.4797,0.6680,high,high,0
Lumen,0.7397,0.8377,0.1781,-0.0980,0.0000,0.4797,0.6681,high,high,0
Lumen,0.7397,0.8377,0.1781,-0.0980,0.0000,0.4797,0.6682,high,high,0
Lumen,0.7397,0.8377,0.1780,-0.0980,0.0000,0.4797,0.6684,high,high,0
Lumen,0.7397,0.8377,0.1780,-0.0980,0.0000,0.4797,0.6685,high,high,0
Lumen,0.7397,0.8377,0.1779,-0.0980,0.0000,0.4797,0.6686,high,high,0
Lumen,0.7397,0.8377,0.1779,-0.0980,0.0000,0.4797,0.6687,high,high,0
Lumen,0.7397,0.8377,0.1778,-0.0980,0.0000,0.4797,0.6688,high,high,0
Lumen,0.7397,0.8377,0.1778,-0.0980,0.0000,0.4797,0.6689,high,high,0
Lumen,0.7397,0.8377,0.1778,-0.0980,0.0000,0.4797,0.6689,high,high,0
Lumen,0.7397,0.8377,0.1778,-0.0980,0.0000,0.4797,0.6690,high,high,0
Lumen,0.7398,0.8377,0.1775,-0.0980,0.1497,0.4797,0.6692,high,high,0
Lumen,0.7401,0.8379,0.1765,-0.0980,0.0000,0.4796,0.6698,high,high,0
Lumen,0.7404,0.8382,0.1754,-0.0980,0.0000,0.4796,0.6700,high,high,0
Lumen,0.7406,0.8384,0.1745,-0.0979,0.0000,0.4796,0.6698,high,high,0
Lumen,0.7407,0.8386,0.1740,-0.0979,0.0000,0.4796,0.6694,high,high,0
Lumen,0.7409,0.8387,0.1735,-0.0979,0.0000,0.4796,0.6690,high,high,0
Lumen,0.7410,0.8388,0.1732,-0.0979,0.0000,0.4796,0.6685,high,high,0
Lumen,0.7411,0.8389,0.1730,-0.0979,0.0000,0.4796,0.6681,high,high,0
Lumen,0.7411,0.8390,0.1729,-0.0979,0.1482,0.4796,0.6677,high,high,0
Lumen,0.7411,0.8390,0.1728,-0.0979,0.0000,0.4796,0.6673,high,high,0
Lumen,0.7412,0.8391,0.1727,-0.0979,0.0000,0.4796,0.6669,high,high,0
Lumen,0.7412,0.8392,0.1727,-0.0979,0.0000,0.4797,0.6665,high,high,0
Lumen,0.7413,0.8392,0.1725,-0.0979,0.1492,0.4797,0.6661,high,high,0
Lumen,0.7413,0.8393,0.1724,-0.0979,0.0000,0.4797,0.6657,high,high,0
Lumen,0.7413,0.8394,0.1723,-0.0979,0.0000,0.4797,0.6653,high,high,0
Lumen,0.7413,0.8394,0.1723,-0.0979,0.0000,0.4797,0.6650,high,high,0
Lumen,0.7414,0.8394,0.1722,-0.0980,0.0000,0.4797,0.6647,high,high,0
Lumen,0.7414,0.8395,0.1721,-0.0980,0.0000,0.4797,0.6643,high,high,0
Lumen,0.7414,0.8395,0.1723,-0.0980,0.0000,0.4797,0.6642,high,high,0
Lumen,0.7414,0.8395,0.1724,-0.0980,0.0000,0.4797,0.6641,high,high,0
Lumen,0.7414,0.8395,0.1725,-0.0980,0.0000,0.4797,0.6639,high,high,0
Lumen,0.7413,0.8395,0.1727,-0.0980,0.0000,0.4797,0.6639,high,high,0
Lumen,0.7413,0.8395,0.1728,-0.0980,0.0000,0.4797,0.6638,high,high,0
Lumen,0.7413,0.8395,0.1727,-0.0981,0.0000,0.4797,0.6637,high,high,0
Lumen,0.7413,0.8395,0.1728,-0.0981,0.0000,0.4797,0.6636,high,high,0
Lumen,0.7413,0.8395,0.1729,-0.0981,0.0000,0.4797,0.6636,high,high,0
Lumen,0.7412,0.8395,0.1730,-0.0981,0.0000,0.4797,0.6636,high,high,0
Lumen,0.7413,0.8395,0.1729,-0.0981,0.0000,0.4797,0.6635,high,high,0
Lumen,0.7413,0.8395,0.1730,-0.0981,0.0000,0.4797,0.6635,high,high,0
Lumen,0.7413,0.8395,0.1729,-0.0981,0.1384,0.4797,0.6634,high,high,0
Lumen,0.7413,0.8395,0.1728,-0.0982,0.0000,0.4797,0.6633,high,high,0
Lumen,0.7413,0.8395,0.1728,-0.0982,0.0000,0.4797,0.6633,high,high,0
Lumen,0.7412,0.8395,0.1730,-0.0982,0.1496,0.4797,0.6633,high,high,0
Lumen,0.7412,0.8395,0.1731,-0.0982,0.0000,0.4797,0.6634,high,high,0
Lumen,0.7413,0.8396,0.1727,-0.0982,0.0000,0.4797,0.6632,high,high,0
Lumen,0.7413,0.8396,0.1728,-0.0982,0.0000,0.4797,0.6632,high,high,0
Lumen,0.7413,0.8396,0.1726,-0.0982,0.0000,0.4797,0.6631,high,high,0
Lumen,0.7413,0.8396,0.1727,-0.0982,0.0000,0.4797,0.6630,high,high,0
Lumen,0.7413,0.8396,0.1726,-0.0982,0.0000,0.4797,0.6630,high,high,0
Lumen,0.7413,0.8396,0.1728,-0.0982,0.0000,0.4797,0.6630,high,high,0
Lumen,0.7413,0.8396,0.1727,-0.0982,0.0000,0.4797,0.6630,high,high,0
Lumen,0.7413,0.8396,0.1729,-0.0982,0.0000,0.4797,0.6630,high,high,0
Lumen,0.7414,0.8397,0.1725,-0.0982,0.0000,0.4797,0.6628,high,high,0
Lumen,0.7416,0.8398,0.1717,-0.0982,0.0000,0.4797,0.6622,high,high,0
Lumen,0.7418,0.8400,0.1710,-0.0982,0.0000,0.4797,0.6614,high,high,0
Lumen,0.7419,0.8401,0.1705,-0.0982,0.0000,0.4796,0.6607,high,high,0
Lumen,0.7420,0.8402,0.1704,-0.0982,0.0000,0.4796,0.6603,high,high,0
Lumen,0.7420,0.8402,0.1704,-0.0982,0.0000,0.4797,0.6601,high,high,0
Lumen,0.7420,0.8403,0.1703,-0.0982,0.1498,0.4797,0.6598,high,high,0
Lumen,0.7420,0.8403,0.1702,-0.0982,0.0000,0.4797,0.6595,high,high,0
Lumen,0.7420,0.8402,0.1705,-0.0982,0.1497,0.4797,0.6600,high,high,0
Lumen,0.7422,0.8404,0.1696,-0.0982,0.0000,0.4797,0.6591,high,high,0
Lumen,0.7425,0.8405,0.1688,-0.0982,0.0000,0.4797,0.6583,high,high,0
Lumen,0.7428,0.8408,0.1677,-0.0982,0.0000,0.4797,0.6565,high,high,0
Lumen,0.7777,0.7953,0.1348,-0.0394,0.2718,0.4803,0.6090,high,high,0
Lumen,0.7811,0.7945,0.1349,-0.0370,0.2635,0.4815,0.5885,high,high,0
Lumen,0.7798,0.7960,0.1355,-0.0345,0.2615,0.4828,0.6011,high,high,0
Lumen,0.7500,0.8055,0.1621,-0.0285,0.1500,0.4833,0.9234,high,high,0
Lumen,0.7480,0.8225,0.1615,-0.0492,0.1500,0.4831,0.8024,high,high,0
Lumen,0.7472,0.8316,0.1608,-0.0633,0.1000,0.4827,0.7278,high,high,0
Lumen,0.7470,0.8366,0.1602,-0.0725,0.1500,0.4822,0.6854,high,high,0
Lumen,0.7468,0.8394,0.1600,-0.0785,0.1500,0.4817,0.6623,high,high,0
Lumen,0.7469,0.8411,0.1593,-0.0824,0.0000,0.4813,0.6471,high,high,0
Lumen,0.7470,0.8419,0.1591,-0.0849,0.0000,0.4809,0.6398,high,high,0
Lumen,0.7752,0.8004,0.1357,-0.0382,0.2529,0.4809,0.6310,high,high,0
Lumen,0.7782,0.8004,0.1357,-0.0379,0.2566,0.4811,0.6136,high,high,0
Lumen,0.7516,0.8055,0.1597,-0.0273,0.1500,0.4813,0.9027,high,high,0
Lumen,0.7493,0.8219,0.1594,-0.0477,0.0000,0.4813,0.8003,high,high,0
Lumen,0.7483,0.8303,0.1592,-0.0614,0.0000,0.4812,0.7342,high,high,0
Lumen,0.7477,0.8350,0.1591,-0.0705,0.0000,0.4810,0.6959,high,high,0
Lumen,0.7474,0.8379,0.1590,-0.0765,0.0000,0.4808,0.6724,high,high,0
Lumen,0.7472,0.8396,0.1590,-0.0805,0.0000,0.4807,0.6590,high,high,0
Lumen,0.7468,0.8404,0.1597,-0.0831,0.0000,0.4805,0.6537,high,high,0
Lumen,0.7466,0.8408,0.1602,-0.0848,0.0000,0.4804,0.6510,high,high,0
Lumen,0.7465,0.8411,0.1602,-0.0857,0.0000,0.4803,0.6489,high,high,0
Lumen,0.7464,0.8413,0.1604,-0.0867,0.0000,0.4803,0.6474,high,high,0
Lumen,0.7463,0.8415,0.1606,-0.0875,0.0000,0.4802,0.6461,high,high,0
Lumen,0.7462,0.8417,0.1605,-0.0883,0.0000,0.4802,0.6443,high,high,0
Lumen,0.7462,0.8419,0.1606,-0.0890,0.0000,0.4801,0.6429,high,high,0
Lumen,0.7461,0.8420,0.1608,-0.0897,0.0000,0.4801,0.6421,high,high,0
Lumen,0.7461,0.8422,0.1605,-0.0904,0.0000,0.4800,0.6397,high,high,0
Lumen,0.7461,0.8425,0.1602,-0.0910,0.1499,0.4800,0.6374,high,high,0
Lumen,0.7462,0.8427,0.1598,-0.0915,0.0000,0.4800,0.6346,high,high,0
Lumen,0.7463,0.8429,0.1595,-0.0920,0.0000,0.4799,0.6324,high,high,0
Lumen,0.7462,0.8431,0.1594,-0.0925,0.0000,0.4799,0.6312,high,high,0
Lumen,0.7467,0.8436,0.1579,-0.0929,0.0000,0.4799,0.6243,high,high,0
Lumen,0.7466,0.8437,0.1580,-0.0934,0.0000,0.4799,0.6237,high,high,0
Lumen,0.7465,0.8437,0.1583,-0.0937,0.1499,0.4799,0.6239,high,high,0
Lumen,0.7464,0.8438,0.1585,-0.0941,0.0000,0.4799,0.6237,high,high,0
Lumen,0.7464,0.8439,0.1586,-0.0944,0.0000,0.4799,0.6233,high,high,0
Lumen,0.7464,0.8440,0.1585,-0.0947,0.0000,0.4799,0.6222,high,high,0
Lumen,0.7464,0.8441,0.1584,-0.0950,0.0000,0.4799,0.6211,high,high,0
Lumen,0.7456,0.8435,0.1613,-0.0953,0.1500,0.4800,0.6301,high,high,0
Lumen,0.7457,0.8436,0.1656,-0.0956,0.2000,0.4800,0.6327,high,high,0
Lumen,0.7458,0.8438,0.1692,-0.0958,0.3498,0.4800,0.6320,high,high,0
Lumen,0.7463,0.8443,0.1707,-0.0960,0.3490,0.4799,0.6269,high,high,0
Lumen,0.7469,0.8448,0.1764,-0.0962,0.2000,0.4799,0.6162,high,high,0
Lumen,0.7473,0.8452,0.1861,-0.0964,0.2000,0.4798,0.5892,high,high,0
Lumen,0.7477,0.8456,0.1945,-0.0965,0.2000,0.4798,0.5549,high,high,0
Lumen,0.7481,0.8460,0.2015,-0.0967,0.2000,0.4798,0.5196,high,high,0
Lumen,0.7483,0.8463,0.2076,-0.0968,0.2000,0.4798,0.4853,high,high,0
Lumen,0.7486,0.8466,0.2127,-0.0969,0.2000,0.4798,0.4543,high,high,0
Lumen,0.7488,0.8469,0.2123,-0.0971,0.1734,0.4798,0.4548,high,high,0
Lumen,0.7490,0.8472,0.2168,-0.0972,0.1632,0.4798,0.4271,high,boundary,1
Lumen,0.7492,0.8474,0.2250,-0.0973,0.1755,0.4798,0.3735,high,low,1
Lumen,0.7493,0.8476,0.2275,-0.0974,0.1523,0.4798,0.3562,high,low,1
Lumen,0.7495,0.8479,0.2248,-0.0975,0.1092,0.4798,0.3724,high,low,1
Lumen,0.7495,0.8480,0.2274,-0.0976,0.2505,0.4798,0.3548,high,low,1
Lumen,0.7496,0.8481,0.2343,-0.0977,0.1135,0.4797,0.3079,high,low,1
Lumen,0.7496,0.8482,0.2403,-0.0978,0.1187,0.4797,0.2660,high,low,1
Lumen,0.7496,0.8483,0.2453,-0.0979,0.1181,0.4797,0.2299,high,low,1
Lumen,0.7496,0.8484,0.2496,-0.0980,0.1139,0.4797,0.1989,high,low,1
Lumen,0.7497,0.8485,0.2485,-0.0981,0.0899,0.4797,0.2067,high,low,1
Lumen,0.7496,0.8486,0.2477,-0.0982,0.0712,0.4797,0.2122,high,low,1
Lumen,0.7496,0.8486,0.2470,-0.0982,0.0556,0.4797,0.2169,high,low,1
Lumen,0.7496,0.8487,0.2464,-0.0983,0.1894,0.4797,0.2207,high,low,1
Lumen,0.7496,0.8488,0.2411,-0.0984,0.1636,0.4797,0.2577,high,low,1
Lumen,0.7496,0.8488,0.2321,-0.0985,0.0000,0.4796,0.3197,high,low,1
Lumen,0.7497,0.8489,0.2243,-0.0985,0.0000,0.4796,0.3700,high,low,1
Lumen,0.7497,0.8490,0.2176,-0.0986,0.0000,0.4796,0.4112,high,boundary,1
Lumen,0.7497,0.8490,0.2119,-0.0987,0.0000,0.4796,0.4438,high,boundary,1
Lumen,0.7497,0.8491,0.2072,-0.0987,0.0000,0.4796,0.4694,high,high,0
Lumen,0.7498,0.8491,0.1985,-0.0988,0.0000,0.4796,0.5116,high,high,0
Lumen,0.7497,0.8491,0.1911,-0.0989,0.0000,0.4796,0.5412,high,high,0
Lumen,0.7497,0.8492,0.1849,-0.0989,0.0000,0.4797,0.5609,high,high,0
Lumen,0.7497,0.8492,0.1795,-0.0990,0.0000,0.4797,0.5732,high,high,0
Lumen,0.7497,0.8492,0.1751,-0.0990,0.0000,0.4797,0.5803,high,high,0
Lumen,0.7497,0.8492,0.1713,-0.0991,0.0000,0.4797,0.5837,high,high,0
Lumen,0.7496,0.8492,0.1681,-0.0991,0.0000,0.4798,0.5848,high,high,0
Lumen,0.7496,0.8492,0.1655,-0.0992,0.0000,0.4798,0.5844,high,high,0
Lumen,0.7495,0.8492,0.1632,-0.0992,0.0000,0.4798,0.5833,high,high,0
Lumen,0.7495,0.8492,0.1613,-0.0993,0.0000,0.4798,0.5816,high,high,0
Lumen,0.7495,0.8492,0.1597,-0.0993,0.0000,0.4798,0.5798,high,high,0
Lumen,0.7494,0.8491,0.1584,-0.0993,0.0000,0.4799,0.5782,high,high,0
Lumen,0.7494,0.8491,0.1573,-0.0994,0.0000,0.4799,0.5768,high,high,0
Lumen,0.7494,0.8491,0.1563,-0.0994,0.0000,0.4799,0.5748,high,high,0
Lumen,0.7493,0.8490,0.1556,-0.0994,0.0000,0.4799,0.5738,high,high,0
Lumen,0.7493,0.8490,0.1549,-0.0995,0.0000,0.4799,0.5726,high,high,0
Lumen,0.7492,0.8490,0.1544,-0.0995,0.0000,0.4799,0.5718,high,high,0
Lumen,0.7492,0.8489,0.1539,-0.0995,0.0000,0.4799,0.5709,high,high,0
Lumen,0.7492,0.8489,0.1535,-0.0995,0.0000,0.4799,0.5701,high,high,0
Lumen,0.7492,0.8489,0.1530,-0.0996,0.0000,0.4799,0.5687,high,high,0
Lumen,0.7492,0.8489,0.1527,-0.0996,0.0000,0.4799,0.5681,high,high,0
Lumen,0.7492,0.8489,0.1525,-0.0996,0.0000,0.4799,0.5680,high,high,0
Lumen,0.7492,0.8489,0.1523,-0.0996,0.0000,0.4800,0.5676,high,high,0
Lumen,0.7491,0.8488,0.1523,-0.0996,0.0000,0.4800,0.5684,high,high,0
Lumen,0.7491,0.8488,0.1522,-0.0996,0.0000,0.4800,0.5684,high,high,0
Lumen,0.7490,0.8487,0.1522,-0.0996,0.0000,0.4800,0.5688,high,high,0
Lumen,0.7490,0.8487,0.1522,-0.0996,0.0000,0.4800,0.5692,high,high,0
Lumen,0.7489,0.8486,0.1524,-0.0997,0.0000,0.4800,0.5700,high,high,0
Lumen,0.7490,0.8488,0.1520,-0.0997,0.0000,0.4800,0.5677,high,high,0
Lumen,0.7489,0.8488,0.1522,-0.0997,0.0000,0.4799,0.5684,high,high,0
Lumen,0.7488,0.8488,0.1524,-0.0997,0.0000,0.4799,0.5689,high,high,0
Lumen,0.7487,0.8487,0.1526,-0.0998,0.0000,0.4799,0.5698,high,high,0
Lumen,0.7486,0.8487,0.1530,-0.0998,0.0000,0.4799,0.5712,high,high,0
Lumen,0.7485,0.8486,0.1532,-0.0998,0.0000,0.4799,0.5723,high,high,0
Lumen,0.7484,0.8486,0.1535,-0.0999,0.0000,0.4799,0.5734,high,high,0
Lumen,0.7797,0.7993,0.1342,-0.0395,0.2636,0.4802,0.5956,high,high,0
Lumen,0.7805,0.7998,0.1346,-0.0378,0.2558,0.4811,0.5924,high,high,0
Lumen,0.7520,0.8089,0.1564,-0.0297,0.0000,0.4816,0.8661,high,high,0
Lumen,0.7518,0.8280,0.1671,-0.0506,0.1500,0.4817,0.7583,high,high,0
Lumen,0.7501,0.8359,0.1910,-0.0647,0.1000,0.4815,0.6387,high,high,0
Lumen,0.7492,0.8401,0.2018,-0.0738,0.1500,0.4813,0.5567,high,high,0
Lumen,0.7489,0.8427,0.2070,-0.0798,0.0000,0.4810,0.5119,high,high,0
Lumen,0.7486,0.8441,0.2099,-0.0837,0.0000,0.4808,0.4863,high,high,0
Lumen,0.7485,0.8448,0.2117,-0.0862,0.0000,0.4806,0.4715,high,high,0
Lumen,0.7750,0.8001,0.1407,-0.0388,0.2546,0.4806,0.6620,high,high,0
Lumen,0.7775,0.7997,0.1419,-0.0384,0.2604,0.4808,0.6522,high,high,0
Lumen,0.7525,0.8084,0.2463,-0.0290,0.1500,0.4811,0.3319,high,low,1
Lumen,0.7507,0.8254,0.2310,-0.0496,0.0000,0.4811,0.4247,high,boundary,1
Lumen,0.7498,0.8341,0.2241,-0.0634,0.0000,0.4809,0.4450,high,boundary,1
Lumen,0.7495,0.8389,0.2205,-0.0725,0.0000,0.4808,0.4479,high,boundary,1
Lumen,0.7491,0.8415,0.2190,-0.0785,0.1497,0.4806,0.4445,high,boundary,1
Lumen,0.7489,0.8431,0.2275,-0.0824,0.0000,0.4804,0.3796,high,low,1
Lumen,0.7487,0.8440,0.2403,-0.0850,0.0000,0.4803,0.2857,high,low,1
Lumen,0.7486,0.8444,0.2418,-0.0866,0.0000,0.4802,0.2725,high,low,1
Lumen,0.7486,0.8448,0.2471,-0.0876,0.0000,0.4801,0.2326,high,low,1
Lumen,0.7485,0.8450,0.2566,-0.0885,0.0000,0.4800,0.1612,boundary,low,1
Lumen,0.7486,0.8453,0.2643,-0.0893,0.0000,0.4800,0.1023,boundary,low,1
Lumen,0.7486,0.8455,0.2662,-0.0900,0.0000,0.4799,0.0863,boundary,low,1
Lumen,0.7486,0.8457,0.2726,-0.0907,0.0000,0.4799,0.0368,boundary,low,1
Lumen,0.7486,0.8459,0.2827,-0.0914,0.0000,0.4798,0.0000,boundary,low,1
Lumen,0.7485,0.8461,0.2866,-0.0920,0.0000,0.4798,0.0000,boundary,low,1
Lumen,0.7485,0.8463,0.2853,-0.0926,0.0000,0.4798,0.0000,boundary,low,1
Lumen,0.7484,0.8464,0.2889,-0.0931,0.0000,0.4797,0.0000,boundary,low,1
Lumen,0.7483,0.8465,0.2921,-0.0936,0.0000,0.4797,0.0000,boundary,low,1
Lumen,0.7483,0.8466,0.2902,-0.0941,0.0000,0.4796,0.0000,boundary,low,1
Lumen,0.7482,0.8467,0.2932,-0.0946,0.0000,0.4796,0.0000,boundary,low,1
Lumen,0.7478,0.8465,0.3016,-0.0950,0.0000,0.4796,0.0000,boundary,low,1
Lumen,0.7470,0.8460,0.3056,-0.0954,0.0000,0.4796,0.0000,boundary,low,1
Lumen,0.7463,0.8455,0.3045,-0.0958,0.0000,0.4796,0.0000,boundary,low,1
Lumen,0.7470,0.8461,0.3039,-0.0961,0.0000,0.4796,0.0000,boundary,low,1
Lumen,0.7476,0.8467,0.3032,-0.0964,0.0000,0.4795,0.0000,boundary,low,1
Lumen,0.7469,0.8462,0.3022,-0.0967,0.0000,0.4795,0.0000,boundary,low,1
Lumen,0.7459,0.8454,0.2983,-0.0970,0.0000,0.4795,0.0000,boundary,low,1
Lumen,0.7452,0.8448,0.2942,-0.0972,0.0000,0.4796,0.0000,boundary,low,1
Lumen,0.7446,0.8443,0.2858,-0.0975,0.0000,0.4796,0.0000,boundary,low,1
Lumen,0.7442,0.8440,0.2734,-0.0977,0.0000,0.4795,0.0363,boundary,low,1
Lumen,0.7439,0.8437,0.2628,-0.0979,0.1498,0.4795,0.1195,boundary,low,1
Lumen,0.7437,0.8434,0.2537,-0.0981,0.0000,0.4795,0.1894,boundary,low,1
Lumen,0.7435,0.8432,0.2412,-0.0983,0.0000,0.4794,0.2825,high,low,1
Lumen,0.7434,0.8431,0.2349,-0.0984,0.0000,0.4794,0.3283,high,low,1
Lumen,0.7433,0.8430,0.2294,-0.0985,0.0000,0.4794,0.3670,high,low,1
Lumen,0.7433,0.8429,0.2247,-0.0986,0.0000,0.4793,0.3994,high,low,1
Lumen,0.7749,0.7931,0.1403,-0.0401,0.2755,0.4800,0.6551,high,high,0
Lumen,0.7751,0.7937,0.1407,-0.0379,0.2611,0.4810,0.6569,high,high,0
Lumen,0.7472,0.8023,0.2000,-0.0284,0.0000,0.4816,0.7277,high,high,0
Lumen,0.7443,0.8179,0.2181,-0.0488,0.1500,0.4817,0.5499,high,high,0
Lumen,0.7430,0.8259,0.2263,-0.0624,0.1000,0.4815,0.4612,high,high,0
Lumen,0.7422,0.8301,0.2431,-0.0714,0.1500,0.4812,0.3166,high,low,1
Lumen,0.7419,0.8327,0.2407,-0.0772,0.0000,0.4809,0.3269,high,low,1
Lumen,0.7424,0.8349,0.2463,-0.0810,0.1500,0.4807,0.2759,high,low,1
Lumen,0.7422,0.8355,0.2595,-0.0835,0.0000,0.4805,0.1717,boundary,low,1
Lumen,0.7420,0.8359,0.2674,-0.0850,0.0000,0.4803,0.1078,boundary,low,1
Lumen,0.7420,0.8361,0.2719,-0.0859,0.0000,0.4802,0.0720,boundary,low,1
Lumen,0.7420,0.8363,0.2754,-0.0868,0.0000,0.4801,0.0433,boundary,low,1
Lumen,0.7420,0.8365,0.2738,-0.0876,0.0000,0.4800,0.0551,boundary,low,1
Lumen,0.7421,0.8367,0.2771,-0.0883,0.0000,0.4799,0.0284,boundary,low,1
Lumen,0.7673,0.7925,0.1490,-0.0402,0.2619,0.4799,0.7487,high,high,0
Lumen,0.7698,0.7923,0.1503,-0.0396,0.2676,0.4802,0.7388,high,high,0
Lumen,0.7484,0.8028,0.2959,-0.0276,0.1500,0.4805,0.0000,boundary,low,1
Lumen,0.7463,0.8196,0.2929,-0.0482,0.1500,0.4805,0.0000,boundary,low,1
Lumen,0.7455,0.8284,0.2910,-0.0621,0.1000,0.4804,0.0000,boundary,low,1
Lumen,0.7448,0.8328,0.3034,-0.0712,0.1500,0.4803,0.0000,boundary,low,1
Lumen,0.7672,0.7927,0.1503,-0.0395,0.2618,0.4802,0.7568,high,high,0
Lumen,0.7698,0.7927,0.1532,-0.0391,0.2708,0.4805,0.7521,high,high,0
Lumen,0.7490,0.8043,0.3711,-0.0284,0.1500,0.4807,0.0000,boundary,low,1
Lumen,0.7465,0.8204,0.3621,-0.0489,0.0000,0.4806,0.0000,boundary,low,1
Lumen,0.7453,0.8285,0.3580,-0.0626,0.0000,0.4805,0.0000,boundary,low,1
Lumen,0.7446,0.8327,0.3566,-0.0716,0.0000,0.4803,0.0000,boundary,low,1
Lumen,0.7439,0.8348,0.3567,-0.0774,0.0000,0.4801,0.0000,boundary,low,1
Lumen,0.7436,0.8362,0.3563,-0.0812,0.0000,0.4800,0.0000,boundary,low,1
Lumen,0.7433,0.8368,0.3489,-0.0836,0.0000,0.4799,0.0000,boundary,low,1
Lumen,0.7432,0.8373,0.3380,-0.0852,0.0000,0.4797,0.0000,boundary,low,1
Lumen,0.7434,0.8377,0.3257,-0.0861,0.1500,0.4797,0.0000,boundary,low,1
Lumen,0.7432,0.8379,0.3118,-0.0870,0.0000,0.4795,0.0000,boundary,low,1
Lumen,0.7432,0.8378,0.2995,-0.0877,0.0000,0.4795,0.0000,boundary,low,1
Lumen,0.7437,0.8382,0.2828,-0.0884,0.0000,0.4795,0.0000,boundary,low,1
Lumen,0.7435,0.8381,0.2708,-0.0890,0.1499,0.4795,0.0749,boundary,low,1
Lumen,0.7433,0.8380,0.2556,-0.0896,0.0000,0.4795,0.1942,boundary,low,1
Lumen,0.7432,0.8380,0.2426,-0.0901,0.0000,0.4795,0.2931,high,low,1
Lumen,0.7437,0.8382,0.2342,-0.0906,0.0000,0.4795,0.3551,high,low,1
Lumen,0.7436,0.8378,0.2292,-0.0909,0.1499,0.4795,0.3924,high,low,1
Lumen,0.7435,0.8376,0.2247,-0.0912,0.0000,0.4796,0.4261,high,boundary,1
Lumen,0.7434,0.8373,0.2210,-0.0915,0.0000,0.4796,0.4529,high,high,0
Lumen,0.7433,0.8371,0.2179,-0.0917,0.0000,0.4796,0.4755,high,high,0
Lumen,0.7432,0.8369,0.2149,-0.0919,0.0000,0.4796,0.4960,high,high,0
Lumen,0.7431,0.8367,0.2128,-0.0921,0.0000,0.4796,0.5114,high,high,0
Lumen,0.7431,0.8365,0.2107,-0.0922,0.0000,0.4795,0.5254,high,high,0
Lumen,0.7430,0.8363,0.2091,-0.0923,0.0000,0.4795,0.5366,high,high,0
Lumen,0.7430,0.8362,0.2030,-0.0924,0.0000,0.4794,0.5747,high,high,0
Lumen,0.7429,0.8360,0.1979,-0.0925,0.0000,0.4793,0.6045,high,high,0
Lumen,0.7428,0.8359,0.1937,-0.0925,0.0000,0.4793,0.6274,high,high,0
Lumen,0.7428,0.8357,0.1900,-0.0926,0.0000,0.4792,0.6456,high,high,0
Lumen,0.7427,0.8355,0.1870,-0.0926,0.0000,0.4791,0.6596,high,high,0
Lumen,0.7426,0.8353,0.1844,-0.0926,0.0000,0.4791,0.6709,high,high,0
Lumen,0.7426,0.8352,0.1823,-0.0926,0.0000,0.4791,0.6796,high,high,0
Lumen,0.7425,0.8349,0.1806,-0.0926,0.0000,0.4790,0.6862,high,high,0
Lumen,0.7424,0.8348,0.1791,-0.0926,0.0000,0.4790,0.6917,high,high,0
Lumen,0.7423,0.8346,0.1778,-0.0926,0.0000,0.4790,0.6961,high,high,0
Lumen,0.7423,0.8345,0.1767,-0.0925,0.0000,0.4790,0.6996,high,high,0
Lumen,0.7426,0.8347,0.1743,-0.0925,0.1500,0.4789,0.7025,high,high,0
Lumen,0.7425,0.8346,0.1737,-0.0924,0.0000,0.4789,0.7044,high,high,0
Lumen,0.7424,0.8344,0.1733,-0.0924,0.1499,0.4789,0.7061,high,high,0
Lumen,0.7424,0.8344,0.1727,-0.0923,0.0000,0.4789,0.7074,high,high,0
Lumen,0.7426,0.8345,0.1712,-0.0923,0.1495,0.4789,0.7078,high,high,0
Lumen,0.7426,0.8345,0.1708,-0.0923,0.0000,0.4789,0.7085,high,high,0
Lumen,0.7426,0.8344,0.1703,-0.0922,0.0000,0.4789,0.7090,high,high,0
Lumen,0.7426,0.8344,0.1698,-0.0922,0.1495,0.4789,0.7094,high,high,0
Lumen,0.7426,0.8344,0.1696,-0.0921,0.0000,0.4789,0.7097,high,high,0
Lumen,0.7426,0.8344,0.1694,-0.0921,0.0000,0.4789,0.7101,high,high,0
Lumen,0.7426,0.8343,0.1693,-0.0921,0.0000,0.4789,0.7105,high,high,0
Lumen,0.7425,0.8342,0.1694,-0.0920,0.0000,0.4789,0.7112,high,high,0
Lumen,0.7425,0.8342,0.1693,-0.0920,0.0000,0.4789,0.7114,high,high,0
Lumen,0.7424,0.8341,0.1693,-0.0920,0.0000,0.4789,0.7118,high,high,0
Lumen,0.7424,0.8341,0.1691,-0.0919,0.0000,0.4789,0.7120,high,high,0
Lumen,0.7424,0.8341,0.1692,-0.0919,0.0000,0.4789,0.7124,high,high,0
Lumen,0.7423,0.8340,0.1693,-0.0919,0.0000,0.4789,0.7128,high,high,0
Lumen,0.7423,0.8339,0.1695,-0.0919,0.0000,0.4789,0.7133,high,high,0
Lumen,0.7422,0.8339,0.1696,-0.0919,0.0000,0.4789,0.7137,high,high,0
Lumen,0.7421,0.8338,0.1697,-0.0918,0.0000,0.4789,0.7141,high,high,0
Lumen,0.7421,0.8338,0.1698,-0.0918,0.0000,0.4789,0.7145,high,high,0
Lumen,0.7421,0.8337,0.1699,-0.0918,0.0000,0.4789,0.7148,high,high,0
Lumen,0.7420,0.8336,0.1701,-0.0918,0.0000,0.4789,0.7153,high,high,0
Lumen,0.7419,0.8336,0.1703,-0.0918,0.0000,0.4789,0.7157,high,high,0
Lumen,0.7419,0.8335,0.1704,-0.0918,0.0000,0.4789,0.7160,high,high,0
Lumen,0.7418,0.8335,0.1705,-0.0917,0.0000,0.4789,0.7164,high,high,0
Lumen,0.7418,0.8334,0.1704,-0.0917,0.0000,0.4789,0.7166,high,high,0
Lumen,0.7418,0.8334,0.1705,-0.0917,0.0000,0.4789,0.7169,high,high,0
Lumen,0.7608,0.7795,0.1638,-0.0403,0.2989,0.4799,0.7808,high,high,0
Lumen,0.7611,0.7803,0.1647,-0.0388,0.2739,0.4806,0.7859,high,high,0
Lumen,0.7481,0.7977,0.1659,-0.0236,0.0000,0.4815,0.9656,high,high,0
Lumen,0.7453,0.8134,0.1833,-0.0436,0.1500,0.4817,0.8280,high,high,0
Lumen,0.7440,0.8214,0.1913,-0.0571,0.1000,0.4816,0.7325,high,high,0
Lumen,0.7436,0.8261,0.2071,-0.0660,0.1500,0.4814,0.6032,high,high,0
Lumen,0.7437,0.8291,0.2143,-0.0718,0.1500,0.4812,0.5383,high,high,0
Lumen,0.7436,0.8307,0.2188,-0.0756,0.0000,0.4810,0.4990,high,high,0
Lumen,0.7442,0.8321,0.2196,-0.0781,0.0000,0.4809,0.4866,high,high,0
Lumen,0.7440,0.8325,0.2280,-0.0796,0.0000,0.4807,0.4244,high,boundary,1
Lumen,0.7440,0.8326,0.2376,-0.0805,0.0000,0.4806,0.3511,high,low,1
Lumen,0.7439,0.8327,0.2459,-0.0814,0.0000,0.4805,0.2867,high,low,1
Lumen,0.7439,0.8328,0.2481,-0.0821,0.0000,0.4805,0.2697,high,low,1
Lumen,0.7442,0.8331,0.2488,-0.0828,0.0000,0.4804,0.2626,high,low,1
Lumen,0.7442,0.8333,0.2501,-0.0834,0.1500,0.4804,0.2525,boundary,low,1
Lumen,0.7441,0.8333,0.2563,-0.0840,0.0000,0.4803,0.2032,boundary,low,1
Lumen,0.7446,0.8338,0.2644,-0.0845,0.0000,0.4803,0.1381,boundary,low,1
Lumen,0.7445,0.8338,0.2730,-0.0850,0.1440,0.4802,0.0691,boundary,low,1
Lumen,0.7444,0.8337,0.2760,-0.0854,0.0000,0.4802,0.0454,boundary,low,1
Lumen,0.7445,0.8339,0.2728,-0.0858,0.0000,0.4802,0.0706,boundary,low,1
Lumen,0.7443,0.8338,0.2759,-0.0862,0.0000,0.4802,0.0461,boundary,low,1
Lumen,0.7442,0.8338,0.2829,-0.0865,0.0000,0.4802,0.0000,boundary,low,1
Lumen,0.7441,0.8337,0.2890,-0.0868,0.0000,0.4801,0.0000,boundary,low,1
Lumen,0.7439,0.8336,0.2895,-0.0871,0.0000,0.4801,0.0000,boundary,low,1
Lumen,0.7439,0.8335,0.2899,-0.0874,0.0000,0.4801,0.0000,boundary,low,1
Lumen,0.7438,0.8334,0.2855,-0.0876,0.0000,0.4801,0.0000,boundary,low,1
Lumen,0.7437,0.8333,0.2818,-0.0878,0.0000,0.4800,0.0000,boundary,low,1
Lumen,0.7436,0.8331,0.2787,-0.0880,0.0000,0.4800,0.0247,boundary,low,1
Lumen,0.7435,0.8330,0.2763,-0.0881,0.0000,0.4800,0.0450,boundary,low,1
Lumen,0.7434,0.8328,0.2695,-0.0882,0.0000,0.4799,0.0996,boundary,low,1
Lumen,0.7434,0.8327,0.2590,-0.0883,0.0000,0.4799,0.1837,boundary,low,1
Lumen,0.7434,0.8327,0.2499,-0.0884,0.0000,0.4799,0.2558,high,low,1
Lumen,0.7433,0.8325,0.2471,-0.0885,0.0000,0.4799,0.2782,high,low,1
Lumen,0.7432,0.8325,0.2399,-0.0886,0.0000,0.4799,0.3340,high,low,1
Lumen,0.7432,0.8324,0.2339,-0.0887,0.0000,0.4799,0.3802,high,low,1
Lumen,0.7431,0.8323,0.2288,-0.0887,0.0000,0.4799,0.4184,high,boundary,1
Lumen,0.7431,0.8322,0.2244,-0.0887,0.0000,0.4799,0.4512,high,high,0
Lumen,0.7431,0.8322,0.2206,-0.0888,0.0000,0.4799,0.4791,high,high,0
Lumen,0.7435,0.8325,0.2157,-0.0888,0.0000,0.4799,0.5125,high,high,0
Lumen,0.7438,0.8327,0.2121,-0.0888,0.0000,0.4799,0.5360,high,high,0
Lumen,0.7437,0.8327,0.2101,-0.0888,0.0000,0.4800,0.5499,high,high,0
Lumen,0.7436,0.8326,0.2039,-0.0889,0.0000,0.4800,0.5905,high,high,0
Lumen,0.7434,0.8324,0.1989,-0.0889,0.0000,0.4801,0.6219,high,high,0
Lumen,0.7532,0.7804,0.1691,-0.0400,0.2720,0.4800,0.8212,high,high,0
Lumen,0.7570,0.7797,0.1680,-0.0396,0.2815,0.4802,0.8022,high,high,0
Lumen,0.7591,0.7792,0.1673,-0.0389,0.2763,0.4805,0.7896,high,high,0
Lumen,0.7600,0.7805,0.1643,-0.0369,0.2804,0.4816,0.7919,high,high,0
Lumen,0.7501,0.7970,0.1617,-0.0210,0.0000,0.4821,0.9300,high,high,0
Lumen,0.7589,0.7817,0.1654,-0.0358,0.2694,0.4821,0.8065,high,high,0
Lumen,0.7597,0.7816,0.1661,-0.0357,0.2699,0.4822,0.8026,high,high,0
Lumen,0.7609,0.7824,0.1715,-0.0347,0.2843,0.4827,0.7991,high,high,0
Lumen,0.7487,0.7959,0.2441,-0.0214,0.0000,0.4829,0.3552,high,low,1
Lumen,0.7464,0.8120,0.2526,-0.0413,0.1500,0.4827,0.2790,boundary,low,1
Lumen,0.7452,0.8199,0.2566,-0.0546,0.0000,0.4824,0.2338,boundary,low,1
Lumen,0.7447,0.8241,0.2708,-0.0633,0.0000,0.4820,0.1091,boundary,low,1
Lumen,0.7445,0.8265,0.2780,-0.0689,0.0000,0.4817,0.0451,boundary,low,1
Lumen,0.7445,0.8279,0.2820,-0.0725,0.0000,0.4814,0.0095,boundary,low,1
Lumen,0.7445,0.8289,0.2764,-0.0749,0.0000,0.4812,0.0536,boundary,low,1
Lumen,0.7444,0.8294,0.2733,-0.0764,0.0000,0.4810,0.0774,boundary,low,1
Lumen,0.7443,0.8297,0.2714,-0.0773,0.0000,0.4808,0.0919,boundary,low,1
Lumen,0.7442,0.8299,0.2654,-0.0782,0.0000,0.4806,0.1406,boundary,low,1
Lumen,0.7441,0.8300,0.2602,-0.0789,0.0000,0.4805,0.1818,boundary,low,1
Lumen,0.7441,0.8302,0.2557,-0.0797,0.0000,0.4804,0.2173,boundary,low,1
Lumen,0.7440,0.8304,0.2473,-0.0803,0.0000,0.4804,0.2833,high,low,1
Lumen,0.7439,0.8305,0.2449,-0.0810,0.0000,0.4803,0.3017,high,low,1
Lumen,0.7441,0.8309,0.2417,-0.0815,0.0000,0.4802,0.3258,high,low,1
Lumen,0.7440,0.8311,0.2398,-0.0821,0.0000,0.4802,0.3395,high,low,1
Lumen,0.7439,0.8312,0.2337,-0.0826,0.0000,0.4801,0.3860,high,low,1
Lumen,0.7438,0.8314,0.2285,-0.0831,0.0000,0.4801,0.4245,high,boundary,1
Lumen,0.7440,0.8317,0.2233,-0.0836,0.0000,0.4801,0.4622,high,high,0
Lumen,0.7438,0.8317,0.2201,-0.0840,0.0000,0.4801,0.4854,high,high,0
Lumen,0.7436,0.8317,0.2171,-0.0844,0.0000,0.4801,0.5062,high,high,0
Lumen,0.7436,0.8318,0.2144,-0.0848,0.0000,0.4801,0.5244,high,high,0
Lumen,0.7437,0.8321,0.2067,-0.0852,0.0000,0.4801,0.5753,high,high,0
Lumen,0.7531,0.7807,0.1658,-0.0400,0.2715,0.4800,0.8236,high,high,0
Lumen,0.7569,0.7813,0.1670,-0.0393,0.2810,0.4803,0.8145,high,high,0
Lumen,0.7402,0.8018,0.1706,-0.0452,0.0000,0.4807,0.9479,high,high,0
Lumen,0.7559,0.7813,0.1675,-0.0387,0.2702,0.4807,0.8190,high,high,0
Lumen,0.7569,0.7812,0.1682,-0.0386,0.2729,0.4807,0.8134,high,high,0
Lumen,0.7589,0.7815,0.1730,-0.0375,0.2858,0.4813,0.8014,high,high,0
Lumen,0.7480,0.7959,0.2456,-0.0220,0.0000,0.4816,0.3429,high,low,1
Lumen,0.7583,0.7809,0.1777,-0.0366,0.2751,0.4817,0.7879,high,high,0
Lumen,0.7595,0.7815,0.1813,-0.0357,0.2838,0.4822,0.7723,high,high,0
Lumen,0.7499,0.7987,0.2974,-0.0229,0.0000,0.4824,0.0000,boundary,low,1
Lumen,0.7465,0.8135,0.3118,-0.0428,0.0000,0.4823,0.0000,boundary,low,1
Lumen,0.7450,0.8211,0.3178,-0.0561,0.0000,0.4821,0.0000,boundary,low,1
Lumen,0.7443,0.8251,0.3207,-0.0647,0.0000,0.4818,0.0000,boundary,low,1
Lumen,0.7440,0.8274,0.3113,-0.0703,0.0000,0.4815,0.0000,boundary,low,1
Lumen,0.7438,0.8287,0.3152,-0.0740,0.0000,0.4812,0.0000,boundary,low,1
Lumen,0.7438,0.8295,0.3173,-0.0763,0.0000,0.4809,0.0000,boundary,low,1
Lumen,0.7437,0.8299,0.3188,-0.0778,0.0000,0.4807,0.0000,boundary,low,1
Lumen,0.7436,0.8300,0.3199,-0.0787,0.0000,0.4805,0.0000,boundary,low,1
Lumen,0.7441,0.8306,0.3144,-0.0794,0.0000,0.4804,0.0000,boundary,low,1
Lumen,0.7440,0.8307,0.3113,-0.0802,0.0000,0.4803,0.0000,boundary,low,1
Lumen,0.7503,0.7743,0.1897,-0.0392,0.2876,0.4804,0.7120,high,high,0
Lumen,0.7517,0.7745,0.1893,-0.0380,0.2833,0.4810,0.7129,high,high,0
Lumen,0.7487,0.7953,0.2874,-0.0209,0.0000,0.4814,0.0000,boundary,low,1
Lumen,0.7462,0.8115,0.2896,-0.0409,0.1500,0.4814,0.0000,boundary,low,1
Lumen,0.7450,0.8197,0.2769,-0.0544,0.1000,0.4812,0.0661,boundary,low,1
Lumen,0.7446,0.8244,0.2825,-0.0633,0.1500,0.4810,0.0118,boundary,low,1
Lumen,0.7445,0.8273,0.2850,-0.0692,0.1500,0.4807,0.0000,boundary,low,1
Lumen,0.7444,0.8290,0.2865,-0.0730,0.0000,0.4805,0.0000,boundary,low,1
Lumen,0.7445,0.8300,0.2948,-0.0755,0.0000,0.4803,0.0000,boundary,low,1
Lumen,0.7444,0.8306,0.3061,-0.0771,0.0000,0.4802,0.0000,boundary,low,1
Lumen,0.7445,0.8309,0.3082,-0.0781,0.0000,0.4801,0.0000,boundary,low,1
Lumen,0.7445,0.8311,0.3098,-0.0789,0.0000,0.4800,0.0000,boundary,low,1
Lumen,0.7444,0.8313,0.3116,-0.0797,0.0000,0.4800,0.0000,boundary,low,1
Lumen,0.7444,0.8315,0.3130,-0.0805,0.0000,0.4799,0.0000,boundary,low,1
Lumen,0.7443,0.8316,0.3096,-0.0811,0.0000,0.4799,0.0000,boundary,low,1
Lumen,0.7447,0.8321,0.3006,-0.0818,0.1499,0.4798,0.0000,boundary,low,1
Lumen,0.7446,0.8323,0.2943,-0.0824,0.0000,0.4798,0.0000,boundary,low,1
Lumen,0.7445,0.8324,0.2842,-0.0829,0.0000,0.4797,0.0000,boundary,low,1
Lumen,0.7445,0.8326,0.2708,-0.0834,0.0000,0.4797,0.0902,boundary,low,1
Lumen,0.7447,0.8330,0.2586,-0.0839,0.0000,0.4797,0.1863,boundary,low,1
Lumen,0.7446,0.8331,0.2492,-0.0844,0.0000,0.4797,0.2601,high,low,1
Lumen,0.7446,0.8332,0.2412,-0.0848,0.0000,0.4796,0.3220,high,low,1
Lumen,0.7446,0.8333,0.2340,-0.0852,0.0000,0.4797,0.3762,high,low,1
Lumen,0.7446,0.8335,0.2279,-0.0855,0.0000,0.4797,0.4204,high,boundary,1
Lumen,0.7449,0.8339,0.2218,-0.0859,0.0000,0.4797,0.4634,high,high,0
Lumen,0.7449,0.8340,0.2176,-0.0862,0.0000,0.4798,0.4926,high,high,0
Lumen,0.7448,0.8341,0.2142,-0.0865,0.0000,0.4798,0.5158,high,high,0
Lumen,0.7449,0.8342,0.2110,-0.0868,0.0000,0.4799,0.5364,high,high,0
Lumen,0.7448,0.8343,0.2084,-0.0871,0.0000,0.4799,0.5527,high,high,0
Lumen,0.7449,0.8344,0.2061,-0.0873,0.0000,0.4800,0.5667,high,high,0
Lumen,0.7451,0.8347,0.1985,-0.0875,0.0000,0.4800,0.6098,high,high,0
Lumen,0.7452,0.8349,0.1928,-0.0877,0.0000,0.4800,0.6391,high,high,0
Lumen,0.7453,0.8350,0.1878,-0.0879,0.0000,0.4801,0.6607,high,high,0
Lumen,0.7454,0.8352,0.1835,-0.0881,0.0000,0.4801,0.6760,high,high,0
Lumen,0.7456,0.8355,0.1793,-0.0883,0.0000,0.4801,0.6865,high,high,0
Lumen,0.7458,0.8357,0.1759,-0.0885,0.0000,0.4801,0.6924,high,high,0
Lumen,0.7461,0.8360,0.1724,-0.0886,0.0000,0.4802,0.6946,high,high,0
Lumen,0.7463,0.8363,0.1698,-0.0888,0.0000,0.4802,0.6946,high,high,0
Lumen,0.7465,0.8365,0.1675,-0.0889,0.0000,0.4802,0.6932,high,high,0
Lumen,0.7467,0.8367,0.1655,-0.0890,0.0000,0.4803,0.6906,high,high,0
Lumen,0.7469,0.8370,0.1636,-0.0891,0.0000,0.4803,0.6868,high,high,0
Lumen,0.7471,0.8373,0.1619,-0.0892,0.0000,0.4803,0.6826,high,high,0
Lumen,0.7473,0.8375,0.1604,-0.0893,0.0000,0.4804,0.6785,high,high,0
Lumen,0.7475,0.8377,0.1591,-0.0894,0.0000,0.4804,0.6740,high,high,0
Lumen,0.7477,0.8380,0.1580,-0.0895,0.0000,0.4804,0.6697,high,high,0
Lumen,0.7479,0.8382,0.1568,-0.0896,0.0000,0.4804,0.6649,high,high,0
Lumen,0.7481,0.8385,0.1559,-0.0897,0.0000,0.4805,0.6606,high,high,0
Lumen,0.7483,0.8387,0.1551,-0.0897,0.0000,0.4805,0.6570,high,high,0
Lumen,0.7484,0.8388,0.1545,-0.0898,0.0000,0.4805,0.6541,high,high,0
Lumen,0.7484,0.8389,0.1544,-0.0899,0.0000,0.4805,0.6533,high,high,0
Lumen,0.7484,0.8390,0.1542,-0.0899,0.0000,0.4806,0.6523,high,high,0
Lumen,0.7484,0.8391,0.1539,-0.0900,0.0000,0.4806,0.6507,high,high,0
Lumen,0.7485,0.8391,0.1537,-0.0901,0.0000,0.4806,0.6497,high,high,0
Lumen,0.7485,0.8392,0.1536,-0.0901,0.0000,0.4806,0.6487,high,high,0
Lumen,0.7485,0.8392,0.1536,-0.0902,0.1478,0.4806,0.6485,high,high,0
Lumen,0.7485,0.8393,0.1534,-0.0903,0.0000,0.4806,0.6476,high,high,0
Lumen,0.7485,0.8393,0.1533,-0.0903,0.0000,0.4806,0.6469,high,high,0
Lumen,0.7485,0.8394,0.1533,-0.0904,0.1488,0.4806,0.6465,high,high,0
Lumen,0.7491,0.8399,0.1516,-0.0904,0.0000,0.4806,0.6370,high,high,0
Lumen,0.7491,0.8399,0.1518,-0.0904,0.0000,0.4806,0.6376,high,high,0
Lumen,0.7490,0.8399,0.1519,-0.0905,0.0000,0.4806,0.6377,high,high,0
Lumen,0.7490,0.8399,0.1519,-0.0905,0.0000,0.4806,0.6373,high,high,0
Lumen,0.7490,0.8400,0.1520,-0.0906,0.0000,0.4806,0.6375,high,high,0
Lumen,0.7490,0.8400,0.1519,-0.0906,0.0000,0.4806,0.6365,high,high,0
Lumen,0.7491,0.8401,0.1516,-0.0906,0.0000,0.4806,0.6349,high,high,0
Lumen,0.7492,0.8402,0.1514,-0.0907,0.0000,0.4806,0.6337,high,high,0
Lumen,0.7492,0.8402,0.1513,-0.0907,0.0000,0.4806,0.6333,high,high,0
Lumen,0.7492,0.8402,0.1513,-0.0907,0.1497,0.4806,0.6330,high,high,0
Lumen,0.7493,0.8403,0.1512,-0.0908,0.0000,0.4807,0.6326,high,high,0
Lumen,0.7490,0.8401,0.1520,-0.0908,0.0000,0.4807,0.6366,high,high,0
Lumen,0.7490,0.8400,0.1521,-0.0908,0.0000,0.4807,0.6370,high,high,0
Lumen,0.7495,0.8404,0.1507,-0.0908,0.0000,0.4807,0.6296,high,high,0
Lumen,0.7494,0.8403,0.1511,-0.0908,0.0000,0.4807,0.6314,high,high,0
Lumen,0.7491,0.8401,0.1521,-0.0908,0.1498,0.4807,0.6369,high,high,0
Lumen,0.7489,0.8399,0.1527,-0.0909,0.0000,0.4807,0.6404,high,high,0
Lumen,0.7489,0.8398,0.1528,-0.0909,0.0000,0.4807,0.6417,high,high,0
Lumen,0.7488,0.8396,0.1530,-0.0909,0.0000,0.4807,0.6430,high,high,0
Lumen,0.7487,0.8395,0.1531,-0.0908,0.0000,0.4808,0.6444,high,high,0
Lumen,0.7487,0.8395,0.1531,-0.0908,0.0000,0.4808,0.6450,high,high,0
Lumen,0.7487,0.8394,0.1531,-0.0908,0.0000,0.4808,0.6458,high,high,0
Lumen,0.7487,0.8393,0.1532,-0.0908,0.0000,0.4808,0.6466,high,high,0
Lumen,0.7488,0.8393,0.1529,-0.0908,0.0000,0.4808,0.6458,high,high,0
Lumen,0.7488,0.8392,0.1528,-0.0907,0.1496,0.4808,0.6456,high,high,0
Lumen,0.7488,0.8392,0.1526,-0.0907,0.0000,0.4808,0.6455,high,high,0
Lumen,0.7489,0.8392,0.1524,-0.0907,0.0000,0.4808,0.6449,high,high,0
Lumen,0.7489,0.8392,0.1523,-0.0906,0.0000,0.4808,0.6448,high,high,0
Lumen,0.7490,0.8392,0.1521,-0.0906,0.0000,0.4807,0.6440,high,high,0
Lumen,0.7491,0.8392,0.1518,-0.0905,0.0000,0.4807,0.6427,high,high,0
Lumen,0.7491,0.8392,0.1518,-0.0905,0.0000,0.4807,0.6427,high,high,0
Lumen,0.7491,0.8392,0.1519,-0.0904,0.0000,0.4807,0.6433,high,high,0
Lumen,0.7491,0.8392,0.1519,-0.0904,0.0000,0.4807,0.6430,high,high,0
Lumen,0.7491,0.8393,0.1519,-0.0904,0.1499,0.4807,0.6423,high,high,0
Lumen,0.7490,0.8393,0.1521,-0.0904,0.0000,0.4807,0.6428,high,high,0
Lumen,0.7490,0.8394,0.1523,-0.0904,0.0000,0.4807,0.6431,high,high,0
Lumen,0.7490,0.8394,0.1523,-0.0904,0.0000,0.4807,0.6426,high,high,0
Lumen,0.7489,0.8394,0.1525,-0.0904,0.0000,0.4807,0.6435,high,high,0
Lumen,0.7489,0.8394,0.1525,-0.0904,0.0000,0.4807,0.6435,high,high,0
Lumen,0.7488,0.8394,0.1526,-0.0904,0.0000,0.4807,0.6437,high,high,0
Lumen,0.7489,0.8395,0.1524,-0.0905,0.0000,0.4807,0.6419,high,high,0
Lumen,0.7489,0.8395,0.1526,-0.0905,0.0000,0.4807,0.6427,high,high,0
Lumen,0.7488,0.8395,0.1526,-0.0905,0.0000,0.4807,0.6427,high,high,0
Lumen,0.7489,0.8396,0.1525,-0.0905,0.0000,0.4807,0.6419,high,high,0
Lumen,0.7488,0.8396,0.1527,-0.0905,0.0000,0.4807,0.6430,high,high,0
Lumen,0.7488,0.8396,0.1528,-0.0906,0.0000,0.4807,0.6433,high,high,0
Lumen,0.7487,0.8396,0.1529,-0.0906,0.0000,0.4807,0.6434,high,high,0
Lumen,0.7488,0.8396,0.1528,-0.0906,0.0000,0.4807,0.6428,high,high,0
Lumen,0.7488,0.8396,0.1528,-0.0906,0.0000,0.4807,0.6428,high,high,0
Lumen,0.7487,0.8396,0.1529,-0.0907,0.1482,0.4806,0.6434,high,high,0
Lumen,0.7487,0.8396,0.1529,-0.0907,0.0000,0.4806,0.6430,high,high,0
Lumen,0.7488,0.8397,0.1527,-0.0907,0.0000,0.4806,0.6422,high,high,0
Lumen,0.7488,0.8397,0.1527,-0.0907,0.0000,0.4806,0.6419,high,high,0
Lumen,0.7488,0.8397,0.1526,-0.0908,0.0000,0.4806,0.6416,high,high,0
Lumen,0.7487,0.8397,0.1527,-0.0908,0.0000,0.4806,0.6420,high,high,0
Lumen,0.7488,0.8397,0.1527,-0.0908,0.0000,0.4806,0.6419,high,high,0
Lumen,0.7487,0.8397,0.1529,-0.0908,0.0000,0.4806,0.6425,high,high,0
Lumen,0.7487,0.8397,0.1527,-0.0908,0.0000,0.4806,0.6417,high,high,0
Lumen,0.7488,0.8398,0.1526,-0.0908,0.0000,0.4806,0.6410,high,high,0
Lumen,0.7488,0.8398,0.1524,-0.0909,0.0000,0.4806,0.6400,high,high,0
Lumen,0.7489,0.8399,0.1523,-0.0909,0.0000,0.4806,0.6390,high,high,0
Lumen,0.7489,0.8399,0.1522,-0.0909,0.0000,0.4806,0.6388,high,high,0
Lumen,0.7490,0.8400,0.1520,-0.0909,0.0000,0.4806,0.6375,high,high,0
Lumen,0.7489,0.8400,0.1521,-0.0909,0.0000,0.4806,0.6379,high,high,0
Lumen,0.7489,0.8400,0.1521,-0.0909,0.0000,0.4806,0.6379,high,high,0
Lumen,0.7490,0.8400,0.1520,-0.0909,0.0000,0.4806,0.6372,high,high,0
Lumen,0.7491,0.8401,0.1518,-0.0909,0.0000,0.4806,0.6359,high,high,0
Lumen,0.7491,0.8401,0.1517,-0.0909,0.0000,0.4806,0.6352,high,high,0
Lumen,0.7491,0.8401,0.1518,-0.0910,0.0000,0.4806,0.6354,high,high,0
Lumen,0.7491,0.8402,0.1517,-0.0910,0.0000,0.4806,0.6348,high,high,0
Lumen,0.7491,0.8402,0.1516,-0.0910,0.0000,0.4806,0.6342,high,high,0
Lumen,0.7491,0.8402,0.1516,-0.0910,0.0000,0.4807,0.6344,high,high,0
Lumen,0.7492,0.8402,0.1515,-0.0910,0.0000,0.4807,0.6338,high,high,0
Lumen,0.7492,0.8403,0.1515,-0.0910,0.0000,0.4807,0.6332,high,high,0
Lumen,0.7491,0.8402,0.1516,-0.0910,0.0000,0.4807,0.6341,high,high,0
Lumen,0.7491,0.8402,0.1518,-0.0910,0.0000,0.4807,0.6350,high,high,0
Lumen,0.7491,0.8402,0.1518,-0.0910,0.0000,0.4807,0.6348,high,high,0
Lumen,0.7490,0.8402,0.1520,-0.0910,0.0000,0.4807,0.6357,high,high,0
Lumen,0.7490,0.8402,0.1520,-0.0910,0.0000,0.4807,0.6359,high,high,0
Lumen,0.7490,0.8401,0.1522,-0.0911,0.0000,0.4807,0.6369,high,high,0
Lumen,0.7490,0.8401,0.1522,-0.0911,0.0000,0.4807,0.6369,high,high,0
Lumen,0.7489,0.8400,0.1524,-0.0911,0.0000,0.4807,0.6382,high,high,0
Lumen,0.7489,0.8400,0.1525,-0.0911,0.0000,0.4807,0.6385,high,high,0
Lumen,0.7488,0.8400,0.1526,-0.0911,0.0000,0.4807,0.6392,high,high,0
Lumen,0.7489,0.8400,0.1525,-0.0911,0.0000,0.4807,0.6385,high,high,0
Lumen,0.7489,0.8400,0.1525,-0.0911,0.0000,0.4807,0.6387,high,high,0
Lumen,0.7489,0.8400,0.1525,-0.0911,0.0000,0.4807,0.6386,high,high,0
Lumen,0.7488,0.8400,0.1525,-0.0911,0.0000,0.4807,0.6389,high,high,0
Lumen,0.7489,0.8400,0.1525,-0.0911,0.0000,0.4807,0.6388,high,high,0
Lumen,0.7489,0.8400,0.1524,-0.0911,0.0000,0.4806,0.6387,high,high,0
Lumen,0.7489,0.8400,0.1524,-0.0911,0.0000,0.4806,0.6385,high,high,0
Lumen,0.7490,0.8401,0.1521,-0.0911,0.1492,0.4806,0.6367,high,high,0
Lumen,0.7490,0.8401,0.1521,-0.0911,0.0000,0.4806,0.6367,high,high,0
Lumen,0.7490,0.8401,0.1521,-0.0911,0.1495,0.4806,0.6368,high,high,0
Lumen,0.7490,0.8401,0.1520,-0.0911,0.0000,0.4806,0.6362,high,high,0
Lumen,0.7490,0.8401,0.1521,-0.0911,0.0000,0.4806,0.6366,high,high,0
Lumen,0.7490,0.8401,0.1521,-0.0911,0.0000,0.4806,0.6366,high,high,0
Lumen,0.7490,0.8401,0.1522,-0.0911,0.0000,0.4807,0.6370,high,high,0
Lumen,0.7490,0.8401,0.1521,-0.0911,0.0000,0.4807,0.6367,high,high,0
Lumen,0.7489,0.8401,0.1523,-0.0911,0.0000,0.4807,0.6378,high,high,0
Lumen,0.7488,0.8400,0.1527,-0.0911,0.0000,0.4807,0.6397,high,high,0
Lumen,0.7487,0.8399,0.1528,-0.0911,0.0000,0.4807,0.6407,high,high,0
Lumen,0.7487,0.8398,0.1531,-0.0911,0.0000,0.4807,0.6419,high,high,0
Lumen,0.7486,0.8398,0.1532,-0.0911,0.0000,0.4807,0.6426,high,high,0
Lumen,0.7485,0.8397,0.1534,-0.0911,0.0000,0.4807,0.6439,high,high,0
Lumen,0.7485,0.8397,0.1536,-0.0911,0.0000,0.4807,0.6448,high,high,0
Lumen,0.7484,0.8396,0.1537,-0.0911,0.0000,0.4807,0.6458,high,high,0
Lumen,0.7484,0.8395,0.1539,-0.0911,0.0000,0.4807,0.6468,high,high,0
Lumen,0.7483,0.8395,0.1541,-0.0911,0.0000,0.4807,0.6481,high,high,0
Lumen,0.7482,0.8394,0.1543,-0.0911,0.0000,0.4807,0.6490,high,high,0
Lumen,0.7482,0.8393,0.1544,-0.0911,0.0000,0.4807,0.6500,high,high,0
Lumen,0.7481,0.8393,0.1546,-0.0911,0.0000,0.4806,0.6513,high,high,0
Lumen,0.7481,0.8392,0.1546,-0.0911,0.0000,0.4806,0.6513,high,high,0
Lumen,0.7480,0.8392,0.1548,-0.0911,0.0000,0.4806,0.6526,high,high,0
Lumen,0.7480,0.8391,0.1550,-0.0911,0.0000,0.4806,0.6539,high,high,0
Lumen,0.7479,0.8390,0.1553,-0.0911,0.0000,0.4806,0.6554,high,high,0
Lumen,0.7478,0.8389,0.1556,-0.0911,0.0000,0.4806,0.6568,high,high,0
Lumen,0.7477,0.8388,0.1557,-0.0911,0.0000,0.4806,0.6579,high,high,0
Lumen,0.7477,0.8388,0.1556,-0.0911,0.0000,0.4806,0.6577,high,high,0
Lumen,0.7477,0.8388,0.1556,-0.0911,0.0000,0.4806,0.6579,high,high,0
Lumen,0.7476,0.8387,0.1558,-0.0911,0.0000,0.4806,0.6591,high,high,0
Lumen,0.7476,0.8386,0.1559,-0.0911,0.0000,0.4806,0.6598,high,high,0
Lumen,0.7475,0.8386,0.1561,-0.0911,0.0000,0.4806,0.6607,high,high,0
Lumen,0.7475,0.8385,0.1562,-0.0911,0.0000,0.4806,0.6617,high,high,0
Lumen,0.7475,0.8385,0.1563,-0.0911,0.0000,0.4806,0.6620,high,high,0
Lumen,0.7474,0.8384,0.1564,-0.0911,0.0000,0.4806,0.6630,high,high,0
Lumen,0.7473,0.8383,0.1566,-0.0911,0.0000,0.4806,0.6639,high,high,0
Lumen,0.7473,0.8383,0.1566,-0.0911,0.0000,0.4806,0.6644,high,high,0
Lumen,0.7473,0.8383,0.1567,-0.0910,0.0000,0.4806,0.6648,high,high,0
Lumen,0.7473,0.8382,0.1567,-0.0910,0.0000,0.4806,0.6651,high,high,0
Lumen,0.7472,0.8382,0.1568,-0.0910,0.0000,0.4806,0.6658,high,high,0
Lumen,0.7473,0.8382,0.1566,-0.0910,0.0000,0.4806,0.6652,high,high,0
Lumen,0.7473,0.8382,0.1566,-0.0910,0.0000,0.4806,0.6655,high,high,0
Lumen,0.7473,0.8382,0.1566,-0.0910,0.0000,0.4806,0.6653,high,high,0
Lumen,0.7473,0.8382,0.1565,-0.0910,0.0000,0.4806,0.6649,high,high,0
Lumen,0.7473,0.8381,0.1567,-0.0910,0.0000,0.4806,0.6660,high,high,0
Lumen,0.7473,0.8381,0.1566,-0.0909,0.0000,0.4806,0.6657,high,high,0
Lumen,0.7472,0.8380,0.1569,-0.0909,0.0000,0.4806,0.6676,high,high,0
Lumen,0.7472,0.8379,0.1569,-0.0909,0.0000,0.4806,0.6680,high,high,0
Lumen,0.7472,0.8379,0.1569,-0.0909,0.0000,0.4806,0.6679,high,high,0
Lumen,0.7472,0.8379,0.1568,-0.0909,0.1495,0.4806,0.6678,high,high,0
Lumen,0.7472,0.8379,0.1568,-0.0909,0.0000,0.4806,0.6683,high,high,0
Lumen,0.7471,0.8378,0.1570,-0.0908,0.0000,0.4806,0.6690,high,high,0
Lumen,0.7471,0.8378,0.1570,-0.0908,0.0000,0.4806,0.6694,high,high,0
Lumen,0.7471,0.8378,0.1570,-0.0908,0.0000,0.4806,0.6694,high,high,0
Lumen,0.7471,0.8378,0.1569,-0.0908,0.0000,0.4806,0.6694,high,high,0
Lumen,0.7471,0.8377,0.1569,-0.0908,0.0000,0.4806,0.6696,high,high,0
Lumen,0.7471,0.8377,0.1569,-0.0908,0.1471,0.4806,0.6694,high,high,0
Lumen,0.7472,0.8377,0.1568,-0.0907,0.0000,0.4806,0.6694,high,high,0
Lumen,0.7472,0.8378,0.1567,-0.0907,0.0000,0.4806,0.6690,high,high,0
Lumen,0.7472,0.8378,0.1567,-0.0907,0.0000,0.4806,0.6689,high,high,0
Lumen,0.7472,0.8377,0.1567,-0.0907,0.0000,0.4806,0.6692,high,high,0
Lumen,0.7472,0.8377,0.1567,-0.0907,0.0000,0.4806,0.6693,high,high,0
Lumen,0.7472,0.8377,0.1568,-0.0907,0.1473,0.4806,0.6695,high,high,0
Lumen,0.7472,0.8377,0.1568,-0.0906,0.0000,0.4806,0.6696,high,high,0
Lumen,0.7472,0.8377,0.1568,-0.0906,0.1494,0.4806,0.6699,high,high,0
Lumen,0.7471,0.8376,0.1571,-0.0906,0.0000,0.4806,0.6710,high,high,0
Lumen,0.7472,0.8377,0.1568,-0.0906,0.0000,0.4806,0.6701,high,high,0
Lumen,0.7473,0.8378,0.1563,-0.0906,0.0000,0.4806,0.6676,high,high,0
Lumen,0.7475,0.8380,0.1556,-0.0906,0.0000,0.4806,0.6640,high,high,0
Lumen,0.7476,0.8380,0.1556,-0.0906,0.0000,0.4806,0.6638,high,high,0
Lumen,0.7478,0.8383,0.1548,-0.0906,0.0000,0.4805,0.6596,high,high,0
Lumen,0.7481,0.8385,0.1539,-0.0905,0.0000,0.4805,0.6549,high,high,0
Lumen,0.7484,0.8388,0.1531,-0.0905,0.0000,0.4805,0.6508,high,high,0
Lumen,0.7486,0.8390,0.1526,-0.0905,0.0000,0.4806,0.6473,high,high,0
Lumen,0.7488,0.8392,0.1519,-0.0905,0.0000,0.4806,0.6433,high,high,0
Lumen,0.7491,0.8394,0.1512,-0.0905,0.0000,0.4806,0.6391,high,high,0
Lumen,0.7493,0.8397,0.1507,-0.0905,0.0000,0.4806,0.6356,high,high,0
Lumen,0.7495,0.8399,0.1502,-0.0905,0.0000,0.4806,0.6318,high,high,0
Lumen,0.7497,0.8401,0.1496,-0.0905,0.0000,0.4806,0.6282,high,high,0
Lumen,0.7499,0.8404,0.1489,-0.0905,0.0000,0.4806,0.6236,high,high,0
Lumen,0.7501,0.8405,0.1486,-0.0905,0.0000,0.4806,0.6207,high,high,0
Lumen,0.7503,0.8407,0.1483,-0.0905,0.0000,0.4807,0.6183,high,high,0
Lumen,0.7504,0.8408,0.1480,-0.0905,0.0000,0.4807,0.6165,high,high,0
Lumen,0.7504,0.8409,0.1479,-0.0905,0.0000,0.4807,0.6152,high,high,0
Lumen,0.7505,0.8410,0.1477,-0.0905,0.1473,0.4807,0.6135,high,high,0
Lumen,0.7506,0.8411,0.1476,-0.0905,0.0000,0.4807,0.6124,high,high,0
Lumen,0.7506,0.8412,0.1476,-0.0905,0.0000,0.4807,0.6118,high,high,0
Lumen,0.7506,0.8412,0.1476,-0.0905,0.0000,0.4807,0.6114,high,high,0
Lumen,0.7506,0.8412,0.1478,-0.0905,0.0000,0.4808,0.6121,high,high,0
Lumen,0.7505,0.8412,0.1481,-0.0905,0.0000,0.4808,0.6139,high,high,0
Lumen,0.7504,0.8411,0.1484,-0.0905,0.0000,0.4808,0.6152,high,high,0
Lumen,0.7504,0.8411,0.1486,-0.0906,0.0000,0.4808,0.6164,high,high,0
Lumen,0.7503,0.8411,0.1488,-0.0906,0.0000,0.4808,0.6176,high,high,0
Lumen,0.7502,0.8410,0.1491,-0.0906,0.0000,0.4808,0.6191,high,high,0
Lumen,0.7502,0.8409,0.1493,-0.0906,0.0000,0.4808,0.6202,high,high,0
Lumen,0.7499,0.8408,0.1500,-0.0906,0.0000,0.4808,0.6242,high,high,0
Lumen,0.7498,0.8406,0.1506,-0.0907,0.0000,0.4808,0.6275,high,high,0
Lumen,0.7497,0.8405,0.1508,-0.0907,0.0000,0.4808,0.6287,high,high,0
Lumen,0.7496,0.8404,0.1510,-0.0907,0.0000,0.4808,0.6300,high,high,0
Lumen,0.7496,0.8404,0.1510,-0.0907,0.0000,0.4808,0.6303,high,high,0
Lumen,0.7496,0.8404,0.1510,-0.0907,0.0000,0.4808,0.6305,high,high,0
Lumen,0.7495,0.8404,0.1511,-0.0907,0.0000,0.4808,0.6311,high,high,0
Lumen,0.7495,0.8403,0.1512,-0.0907,0.0000,0.4808,0.6319,high,high,0
Lumen,0.7495,0.8404,0.1512,-0.0908,0.0000,0.4808,0.6314,high,high,0
Lumen,0.7487,0.8372,0.1518,-0.0903,0.0000,0.4811,0.6583,high,high,0
Lumen,0.7488,0.8375,0.1517,-0.0901,0.1500,0.4812,0.6555,high,high,0
Lumen,0.7488,0.8378,0.1519,-0.0900,0.0000,0.4811,0.6543,high,high,0
Lumen,0.7488,0.8380,0.1520,-0.0899,0.0000,0.4810,0.6528,high,high,0
Lumen,0.7488,0.8382,0.1521,-0.0899,0.0000,0.4809,0.6516,high,high,0
Lumen,0.7488,0.8384,0.1524,-0.0899,0.0000,0.4808,0.6511,high,high,0
Lumen,0.7488,0.8386,0.1523,-0.0899,0.0000,0.4807,0.6494,high,high,0
Lumen,0.7488,0.8387,0.1525,-0.0899,0.0000,0.4807,0.6490,high,high,0
Lumen,0.7487,0.8388,0.1527,-0.0899,0.1499,0.4807,0.6487,high,high,0
Lumen,0.7487,0.8389,0.1529,-0.0899,0.0000,0.4807,0.6491,high,high,0
Lumen,0.7486,0.8389,0.1531,-0.0900,0.0000,0.4806,0.6490,high,high,0
Lumen,0.7486,0.8390,0.1531,-0.0900,0.0000,0.4806,0.6486,high,high,0
Lumen,0.7486,0.8391,0.1533,-0.0900,0.0000,0.4806,0.6488,high,high,0
Lumen,0.7486,0.8392,0.1531,-0.0901,0.1489,0.4806,0.6469,high,high,0
Lumen,0.7486,0.8392,0.1533,-0.0902,0.0000,0.4806,0.6471,high,high,0
Lumen,0.7485,0.8393,0.1535,-0.0902,0.0000,0.4806,0.6479,high,high,0
Lumen,0.7484,0.8393,0.1537,-0.0903,0.0000,0.4806,0.6482,high,high,0
Lumen,0.7484,0.8393,0.1538,-0.0903,0.0000,0.4806,0.6483,high,high,0
Lumen,0.7483,0.8393,0.1540,-0.0904,0.0000,0.4806,0.6487,high,high,0
Lumen,0.7483,0.8393,0.1541,-0.0905,0.0000,0.4806,0.6492,high,high,0
Lumen,0.7482,0.8393,0.1543,-0.0905,0.0000,0.4806,0.6499,high,high,0
Lumen,0.7482,0.8393,0.1542,-0.0906,0.0000,0.4806,0.6496,high,high,0
Lumen,0.7482,0.8393,0.1544,-0.0906,0.0000,0.4806,0.6506,high,high,0
Lumen,0.7481,0.8392,0.1546,-0.0907,0.0000,0.4806,0.6514,high,high,0
Lumen,0.7481,0.8392,0.1547,-0.0907,0.0000,0.4806,0.6521,high,high,0
Lumen,0.7480,0.8391,0.1547,-0.0908,0.0000,0.4806,0.6526,high,high,0
Lumen,0.7480,0.8390,0.1549,-0.0908,0.0000,0.4806,0.6537,high,high,0
Lumen,0.7480,0.8390,0.1548,-0.0908,0.0000,0.4806,0.6537,high,high,0
Lumen,0.7479,0.8389,0.1551,-0.0908,0.1494,0.4807,0.6558,high,high,0
Lumen,0.7478,0.8387,0.1554,-0.0908,0.0000,0.4807,0.6577,high,high,0
Lumen,0.7478,0.8386,0.1555,-0.0908,0.0000,0.4807,0.6584,high,high,0
Lumen,0.7477,0.8385,0.1556,-0.0908,0.0000,0.4807,0.6597,high,high,0
Lumen,0.7476,0.8384,0.1559,-0.0908,0.0000,0.4807,0.6614,high,high,0
Lumen,0.7476,0.8383,0.1560,-0.0908,0.0000,0.4807,0.6624,high,high,0
Lumen,0.7476,0.8383,0.1559,-0.0908,0.0000,0.4807,0.6624,high,high,0
Lumen,0.7476,0.8382,0.1559,-0.0908,0.0000,0.4807,0.6629,high,high,0
Lumen,0.7476,0.8382,0.1560,-0.0908,0.0000,0.4807,0.6637,high,high,0
Lumen,0.7475,0.8380,0.1561,-0.0907,0.1498,0.4807,0.6651,high,high,0
Lumen,0.7475,0.8379,0.1563,-0.0907,0.0000,0.4807,0.6666,high,high,0
Lumen,0.7474,0.8378,0.1563,-0.0907,0.0000,0.4807,0.6677,high,high,0
Lumen,0.7474,0.8376,0.1565,-0.0906,0.0000,0.4807,0.6693,high,high,0
Lumen,0.7648,0.7838,0.1643,-0.0375,0.2842,0.4812,0.7848,high,high,0
Lumen,0.7353,0.7815,0.1730,-0.0356,0.3584,0.4822,0.8167,high,high,0
Lumen,0.4783,0.7743,0.2502,-0.1993,0.0116,0.4802,0.0000,boundary,low,1
Lumen,0.4353,0.7821,0.2587,-0.2657,0.0272,0.4769,0.0000,boundary,low,1
Lumen,0.4150,0.7860,0.2626,-0.3078,0.0371,0.4732,0.0000,low,low,0
Lumen,0.4163,0.7937,0.2660,-0.3321,0.0429,0.4699,0.0000,low,low,0
Lumen,0.4146,0.7996,0.2670,-0.3480,0.0466,0.4669,0.0000,low,low,0
Lumen,0.4136,0.8031,0.2677,-0.3584,0.0490,0.4644,0.0000,low,low,0
Lumen,0.4091,0.8019,0.2672,-0.3653,0.0506,0.4624,0.0000,low,low,0
Lumen,0.4063,0.8012,0.2670,-0.3697,0.0517,0.4622,0.0000,low,low,0
Lumen,0.4047,0.8009,0.2668,-0.3724,0.0523,0.4606,0.0000,low,low,0
Lumen,0.6762,0.7542,0.1805,-0.0797,0.3930,0.4603,0.2923,high,low,1
Lumen,0.7005,0.7540,0.1792,-0.0823,0.3819,0.4590,0.4491,high,boundary,1
Lumen,0.5490,0.7703,0.2429,-0.1104,0.1500,0.4609,0.0000,boundary,low,1
Lumen,0.4665,0.7773,0.2535,-0.2006,0.0119,0.4610,0.0000,boundary,low,1
Lumen,0.4389,0.7730,0.3102,-0.2540,0.0245,0.4603,0.0000,boundary,low,1
Lumen,0.4098,0.7793,0.2922,-0.2944,0.0340,0.4594,0.0000,boundary,low,1
Lumen,0.3940,0.7829,0.2828,-0.3228,0.0452,0.4580,0.0000,low,low,0
Lumen,0.3826,0.7850,0.2775,-0.3427,0.0584,0.4565,0.0000,low,low,0
Lumen,0.3758,0.7863,0.2745,-0.3562,0.0666,0.4550,0.0000,low,low,0
Lumen,0.3640,0.7781,0.2788,-0.3649,0.0776,0.4534,0.0000,low,low,0
Lumen,0.3655,0.7804,0.2779,-0.3699,0.0776,0.4525,0.0000,low,low,0
Lumen,0.3669,0.7825,0.2772,-0.3745,0.0777,0.4517,0.0000,low,low,0
Lumen,0.3664,0.7848,0.2764,-0.3789,0.0790,0.4509,0.0000,low,low,0
Lumen,0.3660,0.7869,0.2758,-0.3831,0.2303,0.4502,0.0000,low,low,0
Lumen,0.3627,0.7876,0.2747,-0.3873,0.2338,0.4495,0.0000,low,low,0
Lumen,0.3607,0.7883,0.2749,-0.3913,0.0862,0.4490,0.0000,low,low,0
Lumen,0.3589,0.7886,0.2748,-0.3951,0.0885,0.4485,0.0000,low,low,0
Lumen,0.3580,0.7891,0.2749,-0.3987,0.0901,0.4483,0.0000,low,low,0
Lumen,0.3571,0.7896,0.2750,-0.4021,0.0915,0.4481,0.0000,low,low,0
Lumen,0.3570,0.7891,0.2742,-0.4051,0.0922,0.4481,0.0000,low,low,0
Lumen,0.6536,0.7280,0.1799,-0.1061,0.6129,0.4472,0.0115,boundary,low,1
Lumen,0.6705,0.7317,0.1766,-0.1047,0.5543,0.4478,0.1425,boundary,low,1
Lumen,0.4946,0.7779,0.2281,-0.1894,0.0093,0.4508,0.0000,boundary,low,1
Lumen,0.4337,0.7882,0.2496,-0.2637,0.0267,0.4519,0.0000,boundary,low,1
Lumen,0.4048,0.7933,0.2593,-0.3136,0.1885,0.4520,0.0000,low,low,0
Lumen,0.3859,0.7944,0.2639,-0.3468,0.2069,0.4516,0.0000,low,low,0
Lumen,0.3756,0.7950,0.2663,-0.3686,0.0697,0.4509,0.0000,low,low,0
Lumen,0.3697,0.7932,0.2679,-0.3823,0.0774,0.4502,0.0000,low,low,0
Lumen,0.3658,0.7936,0.2691,-0.3914,0.0825,0.4495,0.0000,low,low,0
Lumen,0.3635,0.7939,0.2698,-0.3973,0.0856,0.4490,0.0000,low,low,0
Lumen,0.3637,0.7925,0.2704,-0.4004,0.0862,0.4486,0.0000,low,low,0
Lumen,0.6434,0.7273,0.1859,-0.1037,0.6123,0.4483,0.0000,boundary,low,1
Lumen,0.6409,0.7265,0.1823,-0.1034,0.6126,0.4485,0.0000,boundary,low,1
Lumen,0.6396,0.7273,0.1820,-0.1038,0.6110,0.4483,0.0000,boundary,low,1
Lumen,0.3688,0.7671,0.2659,-0.3313,0.2161,0.4482,0.0000,low,low,0
Lumen,0.3635,0.7812,0.2681,-0.3701,0.2291,0.4478,0.0000,low,low,0
Lumen,0.3604,0.7850,0.2699,-0.3919,0.2366,0.4474,0.0000,low,low,0
Lumen,0.3589,0.7871,0.2708,-0.4046,0.0907,0.4470,0.0000,low,low,0
Lumen,0.3552,0.7878,0.2694,-0.4130,0.0955,0.4466,0.0000,low,low,0
Lumen,0.3563,0.7916,0.2680,-0.4186,0.0960,0.4462,0.0000,low,low,0
Lumen,0.3570,0.7939,0.2672,-0.4223,0.2463,0.4458,0.0000,low,low,0
Lumen,0.3560,0.7940,0.2676,-0.4246,0.0976,0.4454,0.0000,low,low,0
Lumen,0.3569,0.7937,0.2509,-0.4258,0.0972,0.4449,0.0000,low,low,0
Lumen,0.3580,0.7949,0.2532,-0.4269,0.2466,0.4448,0.0000,low,low,0
Lumen,0.3590,0.7961,0.2552,-0.4280,0.0961,0.4446,0.0000,low,low,0
Lumen,0.3585,0.7960,0.2565,-0.4289,0.0967,0.4446,0.0000,low,low,0
Lumen,0.3580,0.7959,0.2576,-0.4298,0.0973,0.4446,0.0000,low,low,0
Lumen,0.3569,0.7953,0.2575,-0.4307,0.0984,0.4445,0.0000,low,low,0
Lumen,0.3556,0.7947,0.2574,-0.4315,0.0996,0.4445,0.0000,low,low,0
Lumen,0.3544,0.7941,0.2573,-0.4323,0.1007,0.4444,0.0000,low,low,0
Lumen,0.3535,0.7943,0.2566,-0.4332,0.1015,0.4443,0.0000,low,low,0
Lumen,0.3527,0.7944,0.2560,-0.4340,0.1023,0.4442,0.0000,low,low,0
Lumen,0.3537,0.7935,0.2560,-0.4346,0.1017,0.4442,0.0000,low,low,0
Lumen,0.3538,0.7937,0.2560,-0.4351,0.2518,0.4443,0.0000,low,low,0
Lumen,0.3539,0.7938,0.2561,-0.4356,0.1018,0.4443,0.0000,low,low,0
Lumen,0.3521,0.7942,0.2553,-0.4363,0.1032,0.4442,0.0000,low,low,0
Lumen,0.3524,0.7940,0.2546,-0.4368,0.1500,0.4441,0.0000,low,low,0
Lumen,0.3526,0.7938,0.2540,-0.4372,0.1500,0.4442,0.0000,low,low,0
Lumen,0.3534,0.7929,0.2538,-0.4374,0.0000,0.4444,0.0000,low,low,0
Lumen,0.3541,0.7920,0.2536,-0.4375,0.1500,0.4447,0.0000,low,low,0
Lumen,0.3539,0.7915,0.2533,-0.4375,0.0000,0.4449,0.0000,low,low,0
Lumen,0.3537,0.7909,0.2530,-0.4375,0.1500,0.4450,0.0000,low,low,0
Lumen,0.3526,0.7916,0.2529,-0.4376,0.0000,0.4450,0.0000,low,low,0
Lumen,0.6478,0.7243,0.1646,-0.1117,0.6013,0.4444,0.0000,boundary,low,1
Lumen,0.6420,0.7357,0.1643,-0.1105,0.5893,0.4450,0.0000,boundary,low,1
Lumen,0.3819,0.8393,0.2378,-0.3113,0.2015,0.4441,0.0000,low,low,0
Lumen,0.3655,0.8202,0.2443,-0.3758,0.2290,0.4431,0.0000,low,low,0
Lumen,0.3578,0.8105,0.2472,-0.4066,0.2420,0.4428,0.0000,low,low,0
Lumen,0.3536,0.8042,0.2491,-0.4220,0.2488,0.4429,0.0000,low,low,0
Lumen,0.3513,0.8006,0.2501,-0.4302,0.1025,0.4431,0.0000,low,low,0
Lumen,0.3585,0.7959,0.2329,-0.4320,0.0975,0.4430,0.0000,low,low,0
Lumen,0.3583,0.7981,0.2381,-0.4336,0.2480,0.4435,0.0000,low,low,0
Lumen,0.3581,0.7995,0.2412,-0.4347,0.2484,0.4436,0.0000,low,low,0
Lumen,0.3561,0.7994,0.2432,-0.4356,0.2501,0.4436,0.0000,low,low,0
Lumen,0.3543,0.7994,0.2449,-0.4365,0.1017,0.4435,0.0000,low,low,0
Lumen,0.3540,0.8002,0.2464,-0.4375,0.1021,0.4434,0.0000,low,low,0
Lumen,0.3517,0.7999,0.2470,-0.4386,0.1041,0.4433,0.0000,low,low,0
Lumen,0.3497,0.7997,0.2476,-0.4397,0.1059,0.4432,0.0000,low,low,0
Lumen,0.3499,0.8005,0.2483,-0.4408,0.1060,0.4430,0.0000,low,low,0
Lumen,0.3500,0.8013,0.2489,-0.4419,0.1062,0.4429,0.0000,low,low,0
Lumen,0.3487,0.8008,0.2494,-0.4429,0.1074,0.4429,0.0000,low,low,0
Lumen,0.3490,0.8012,0.2498,-0.4438,0.1074,0.4430,0.0000,low,low,0
Lumen,0.3492,0.8015,0.2502,-0.4447,0.1074,0.4431,0.0000,low,low,0
Lumen,0.3383,0.8050,0.2434,-0.4469,0.1161,0.4432,0.0000,low,low,0
Lumen,0.3396,0.8048,0.2446,-0.4487,0.2656,0.4423,0.0000,low,low,0
Lumen,0.3407,0.8047,0.2455,-0.4502,0.2651,0.4421,0.0000,low,low,0
Lumen,0.3412,0.8034,0.2464,-0.4514,0.2650,0.4423,0.0000,low,low,0
Lumen,0.3417,0.8021,0.2471,-0.4523,0.1500,0.4427,0.0000,low,low,0
Lumen,0.3418,0.8017,0.2479,-0.4531,0.0000,0.4431,0.0000,low,low,0
Lumen,0.3406,0.8009,0.2485,-0.4538,0.1500,0.4433,0.0000,low,low,0
Lumen,0.3395,0.8002,0.2490,-0.4545,0.0000,0.4434,0.0000,low,low,0
Lumen,0.3401,0.8009,0.2495,-0.4551,0.0000,0.4433,0.0000,low,low,0
Lumen,0.3407,0.8015,0.2499,-0.4557,0.0000,0.4433,0.0000,low,low,0
Lumen,0.3410,0.8021,0.2501,-0.4562,0.0000,0.4432,0.0000,low,low,0
Lumen,0.3401,0.8015,0.2500,-0.4567,0.0000,0.4433,0.0000,low,low,0
Lumen,0.3393,0.8011,0.2499,-0.4572,0.0000,0.4433,0.0000,low,low,0
Lumen,0.3393,0.8006,0.2497,-0.4577,0.0000,0.4434,0.0000,low,low,0
Lumen,0.3382,0.8000,0.2497,-0.4581,0.1500,0.4435,0.0000,low,low,0
Lumen,0.3373,0.7995,0.2496,-0.4585,0.1500,0.4435,0.0000,low,low,0
Lumen,0.3286,0.8026,0.2469,-0.4600,0.0000,0.4428,0.0000,low,low,0
Lumen,0.3209,0.8053,0.2446,-0.4625,0.1500,0.4414,0.0000,low,low,0
Lumen,0.3221,0.8044,0.2455,-0.4645,0.1500,0.4407,0.0000,low,low,0
Lumen,0.3236,0.8034,0.2465,-0.4660,0.1500,0.4409,0.0000,low,low,0
Lumen,0.6810,0.7340,0.1355,-0.1174,0.4990,0.4416,0.1768,boundary,low,1
Lumen,0.6671,0.7364,0.1355,-0.1088,0.4814,0.4458,0.1072,boundary,low,1
Lumen,0.4063,0.7613,0.2485,-0.2399,0.1712,0.4475,0.0000,boundary,low,1
Lumen,0.3734,0.7720,0.2480,-0.3114,0.2080,0.4480,0.0000,low,low,0
Lumen,0.3577,0.7774,0.2477,-0.3547,0.2299,0.4478,0.0000,low,low,0
Lumen,0.3522,0.7817,0.2508,-0.3809,0.2402,0.4473,0.0000,low,low,0
Lumen,0.3492,0.7842,0.2524,-0.3971,0.2462,0.4470,0.0000,low,low,0
Lumen,0.3475,0.7856,0.2533,-0.4074,0.0999,0.4464,0.0000,low,low,0
Lumen,0.3462,0.7876,0.2551,-0.4142,0.1025,0.4459,0.0000,low,low,0
Lumen,0.3458,0.7883,0.2531,-0.4184,0.1038,0.4454,0.0000,low,low,0
Lumen,0.3456,0.7887,0.2518,-0.4209,0.1046,0.4450,0.0000,low,low,0
Lumen,0.3467,0.7893,0.2516,-0.4231,0.1042,0.4448,0.0000,low,low,0
Lumen,0.3478,0.7897,0.2514,-0.4249,0.1039,0.4448,0.0000,low,low,0
Lumen,0.3501,0.7907,0.2497,-0.4265,0.1025,0.4448,0.0000,low,low,0
Lumen,0.3524,0.7907,0.2508,-0.4277,0.1010,0.4451,0.0000,low,low,0
Lumen,0.3544,0.7907,0.2516,-0.4285,0.2497,0.4457,0.0000,low,low,0
Lumen,0.3579,0.7901,0.2510,-0.4289,0.2472,0.4464,0.0000,low,low,0
Lumen,0.3586,0.7917,0.2517,-0.4293,0.2467,0.4469,0.0000,low,low,0
Lumen,0.3593,0.7932,0.2522,-0.4298,0.2463,0.4471,0.0000,low,low,0
Lumen,0.3598,0.7934,0.2531,-0.4302,0.0960,0.4473,0.0000,low,low,0
Lumen,0.3603,0.7936,0.2540,-0.4305,0.2457,0.4473,0.0000,low,low,0
Lumen,0.3603,0.7933,0.2536,-0.4307,0.2458,0.4474,0.0000,low,low,0
Lumen,0.6792,0.7419,0.1254,-0.1068,0.3828,0.4468,0.1763,boundary,low,1
Lumen,0.6982,0.7389,0.1257,-0.1020,0.3520,0.4492,0.2585,boundary,low,1
Lumen,0.5267,0.7398,0.2358,-0.0996,0.1500,0.4532,0.0000,boundary,low,1
Lumen,0.4458,0.7645,0.2472,-0.1982,0.1613,0.4543,0.0000,boundary,low,1
Lumen,0.4074,0.7770,0.2523,-0.2668,0.1775,0.4539,0.0000,boundary,low,1
Lumen,0.3888,0.7832,0.2481,-0.3114,0.1964,0.4529,0.0000,low,low,0
Lumen,0.3786,0.7867,0.2458,-0.3404,0.2109,0.4516,0.0000,low,low,0
Lumen,0.4794,0.7765,0.2487,-0.3296,0.1923,0.4505,0.0000,low,low,0
Lumen,0.4443,0.7891,0.2728,-0.3326,0.1930,0.4524,0.0000,low,low,0
Lumen,0.4271,0.7892,0.2645,-0.3371,0.1940,0.4522,0.0000,low,low,0
Lumen,0.4171,0.7893,0.2595,-0.3406,0.0448,0.4514,0.0000,low,low,0
Lumen,0.4085,0.7903,0.2541,-0.3447,0.0458,0.4503,0.0000,low,low,0
Lumen,0.6876,0.7460,0.1286,-0.1015,0.3778,0.4494,0.2560,boundary,low,1
Lumen,0.7078,0.7415,0.1340,-0.0962,0.3679,0.4520,0.3476,high,low,1
Lumen,0.7500,0.7078,0.2843,0.0519,0.1500,0.4567,0.0000,boundary,low,1
Lumen,0.7509,0.7193,0.2753,0.0428,0.1500,0.4617,0.0000,boundary,low,1
Lumen,0.7543,0.7266,0.2849,0.0368,0.1000,0.4664,0.0000,boundary,low,1
Lumen,0.7569,0.7312,0.2904,0.0329,0.0000,0.4704,0.0000,boundary,low,1
Lumen,0.7589,0.7348,0.2937,0.0303,0.0000,0.4737,0.0000,boundary,low,1
Lumen,0.7614,0.7375,0.2873,0.0287,0.0000,0.4764,0.0000,boundary,low,1
Lumen,0.7634,0.7397,0.2905,0.0277,0.0000,0.4785,0.0000,boundary,low,1
Lumen,0.7648,0.7410,0.2990,0.0271,0.0000,0.4802,0.0000,boundary,low,1
Lumen,0.7662,0.7420,0.2979,0.0268,0.0000,0.4813,0.0000,boundary,low,1
Lumen,0.7674,0.7426,0.2980,0.0266,0.0000,0.4823,0.0000,boundary,low,1
Lumen,0.7688,0.7432,0.2971,0.0265,0.0000,0.4833,0.0000,boundary,low,1
Lumen,0.7702,0.7436,0.2916,0.0265,0.0000,0.4841,0.0000,boundary,low,1
Lumen,0.7715,0.7438,0.2822,0.0266,0.0000,0.4848,0.0000,boundary,low,1
Lumen,0.7728,0.7439,0.2741,0.0269,0.0000,0.4855,0.0000,boundary,low,1
Lumen,0.7739,0.7440,0.2674,0.0272,0.0000,0.4861,0.0072,boundary,low,1
Lumen,0.7750,0.7440,0.2570,0.0276,0.0000,0.4867,0.0778,boundary,low,1
Lumen,0.7760,0.7440,0.2434,0.0280,0.0000,0.4871,0.1664,high,low,1
Lumen,0.7769,0.7440,0.2363,0.0285,0.0000,0.4876,0.2082,high,low,1
Lumen,0.7777,0.7439,0.2308,0.0290,0.0000,0.4880,0.2387,high,low,1
Lumen,0.7784,0.7438,0.2257,0.0296,0.0000,0.4883,0.2648,high,low,1
Lumen,0.7792,0.7437,0.2213,0.0302,0.0000,0.4887,0.2863,high,low,1
Lumen,0.7800,0.7438,0.2170,0.0308,0.0000,0.4889,0.3061,high,low,1
Lumen,0.7807,0.7438,0.2130,0.0314,0.0000,0.4892,0.3228,high,low,1
Lumen,0.7815,0.7439,0.2095,0.0320,0.0000,0.4894,0.3370,high,low,1
Lumen,0.7822,0.7441,0.2064,0.0326,0.0000,0.4896,0.3483,high,low,1
Lumen,0.7829,0.7442,0.2036,0.0332,0.0000,0.4898,0.3581,high,low,1
Lumen,0.7835,0.7444,0.1966,0.0338,0.0000,0.4900,0.3818,high,low,1
Lumen,0.7840,0.7445,0.1907,0.0344,0.0000,0.4901,0.3981,high,low,1
Lumen,0.7845,0.7446,0.1853,0.0349,0.0000,0.4902,0.4093,high,boundary,1
Lumen,0.7852,0.7449,0.1803,0.0355,0.0000,0.4904,0.4172,high,boundary,1
Lumen,0.7859,0.7452,0.1764,0.0360,0.0000,0.4905,0.4211,high,boundary,1
Lumen,0.7865,0.7456,0.1726,0.0365,0.0000,0.4907,0.4232,high,boundary,1
Lumen,0.7871,0.7458,0.1694,0.0370,0.0000,0.4908,0.4234,high,boundary,1
Lumen,0.7876,0.7461,0.1666,0.0374,0.0000,0.4909,0.4226,high,boundary,1
Lumen,0.7881,0.7465,0.1639,0.0378,0.0000,0.4910,0.4213,high,boundary,1
Lumen,0.7886,0.7468,0.1613,0.0382,0.0000,0.4911,0.4195,high,boundary,1
Lumen,0.7891,0.7471,0.1592,0.0386,0.0000,0.4912,0.4173,high,boundary,1
Lumen,0.7894,0.7473,0.1577,0.0389,0.0000,0.4913,0.4152,high,boundary,1
Lumen,0.7896,0.7475,0.1564,0.0393,0.0000,0.4914,0.4133,high,boundary,1
Lumen,0.7899,0.7477,0.1551,0.0395,0.0000,0.4915,0.4111,high,boundary,1
Lumen,0.7901,0.7479,0.1540,0.0398,0.0000,0.4915,0.4092,high,boundary,1
Lumen,0.7903,0.7480,0.1531,0.0401,0.0000,0.4916,0.4074,high,boundary,1
Lumen,0.7905,0.7481,0.1524,0.0403,0.0000,0.4917,0.4060,high,boundary,1
Lumen,0.7906,0.7482,0.1519,0.0405,0.0000,0.4918,0.4052,high,boundary,1
Lumen,0.7908,0.7484,0.1513,0.0407,0.0000,0.4918,0.4041,high,boundary,1
Lumen,0.7909,0.7485,0.1509,0.0409,0.0000,0.4918,0.4033,high,boundary,1
Lumen,0.7910,0.7486,0.1504,0.0410,0.0000,0.4919,0.4023,high,boundary,1
Lumen,0.7911,0.7487,0.1500,0.0411,0.0000,0.4919,0.4017,high,boundary,1
Lumen,0.7911,0.7488,0.1499,0.0413,0.0000,0.4920,0.4014,high,boundary,1
Lumen,0.7912,0.7489,0.1495,0.0414,0.0000,0.4920,0.4007,high,boundary,1
Lumen,0.7913,0.7489,0.1493,0.0415,0.0000,0.4921,0.4001,high,boundary,1
Lumen,0.7914,0.7490,0.1492,0.0416,0.0000,0.4921,0.3998,high,low,1
Lumen,0.7914,0.7490,0.1491,0.0417,0.0000,0.4921,0.3996,high,low,1
Lumen,0.7914,0.7490,0.1490,0.0417,0.0000,0.4922,0.3997,high,low,1
Lumen,0.7915,0.7491,0.1490,0.0418,0.0000,0.4922,0.3998,high,low,1
Lumen,0.7916,0.7492,0.1487,0.0418,0.0000,0.4922,0.3994,high,low,1
Lumen,0.7916,0.7493,0.1486,0.0419,0.0000,0.4922,0.3993,high,low,1
Lumen,0.7916,0.7493,0.1486,0.0419,0.0000,0.4922,0.3994,high,low,1
Lumen,0.7916,0.7494,0.1486,0.0420,0.0000,0.4923,0.3995,high,low,1
Lumen,0.7917,0.7494,0.1484,0.0420,0.0000,0.4923,0.3990,high,low,1
Lumen,0.7917,0.7495,0.1484,0.0420,0.0000,0.4923,0.3991,high,low,1
Lumen,0.7917,0.7494,0.1486,0.0420,0.0000,0.4924,0.3996,high,low,1
Lumen,0.7917,0.7494,0.1487,0.0421,0.0000,0.4924,0.3998,high,low,1
Lumen,0.7916,0.7494,0.1490,0.0421,0.0000,0.4924,0.4008,high,boundary,1
Lumen,0.7915,0.7494,0.1492,0.0421,0.0000,0.4924,0.4016,high,boundary,1
Lumen,0.7915,0.7493,0.1495,0.0421,0.0000,0.4925,0.4024,high,boundary,1
Lumen,0.7914,0.7493,0.1496,0.0421,0.0000,0.4925,0.4026,high,boundary,1
Lumen,0.7915,0.7494,0.1496,0.0421,0.0000,0.4925,0.4027,high,boundary,1
Lumen,0.7914,0.7494,0.1497,0.0421,0.0000,0.4925,0.4030,high,boundary,1
Lumen,0.7916,0.7495,0.1491,0.0421,0.0000,0.4925,0.4017,high,boundary,1
Lumen,0.7916,0.7495,0.1492,0.0421,0.0000,0.4925,0.4019,high,boundary,1
Lumen,0.7916,0.7495,0.1491,0.0421,0.0000,0.4925,0.4018,high,boundary,1
Lumen,0.7916,0.7495,0.1492,0.0421,0.0000,0.4926,0.4020,high,boundary,1
Lumen,0.7916,0.7496,0.1493,0.0421,0.0000,0.4926,0.4028,high,boundary,1
Lumen,0.7915,0.7496,0.1495,0.0421,0.0000,0.4926,0.4038,high,boundary,1
Lumen,0.7915,0.7497,0.1496,0.0420,0.0000,0.4926,0.4048,high,boundary,1
Lumen,0.7915,0.7499,0.1497,0.0420,0.0000,0.4926,0.4058,high,boundary,1
Lumen,0.7915,0.7501,0.1496,0.0419,0.0000,0.4926,0.4064,high,boundary,1
Lumen,0.7915,0.7502,0.1496,0.0419,0.0000,0.4926,0.4075,high,boundary,1
Lumen,0.7915,0.7504,0.1496,0.0418,0.0000,0.4926,0.4085,high,boundary,1
Lumen,0.7915,0.7506,0.1496,0.0417,0.0000,0.4926,0.4095,high,boundary,1
Lumen,0.7915,0.7507,0.1497,0.0416,0.0000,0.4926,0.4108,high,boundary,1
Lumen,0.7915,0.7509,0.1497,0.0415,0.0000,0.4927,0.4120,high,boundary,1
Lumen,0.7915,0.7512,0.1496,0.0414,0.0000,0.4927,0.4130,high,boundary,1
Lumen,0.7916,0.7514,0.1494,0.0413,0.0000,0.4927,0.4138,high,boundary,1
Lumen,0.7916,0.7517,0.1494,0.0411,0.0000,0.4928,0.4150,high,boundary,1
Lumen,0.7916,0.7519,0.1494,0.0410,0.0000,0.4928,0.4163,high,boundary,1
Lumen,0.7916,0.7521,0.1493,0.0409,0.0000,0.4929,0.4173,high,boundary,1
Lumen,0.7916,0.7523,0.1493,0.0407,0.0000,0.4929,0.4186,high,boundary,1
Lumen,0.7916,0.7525,0.1493,0.0405,0.0000,0.4930,0.4197,high,boundary,1
Lumen,0.7916,0.7526,0.1494,0.0404,0.0000,0.4931,0.4208,high,boundary,1
Lumen,0.7916,0.7527,0.1496,0.0402,0.0000,0.4931,0.4219,high,boundary,1
Lumen,0.7915,0.7528,0.1498,0.0401,0.0000,0.4932,0.4229,high,boundary,1
Lumen,0.7915,0.7528,0.1500,0.0399,0.0000,0.4933,0.4238,high,boundary,1
Lumen,0.7914,0.7528,0.1503,0.0398,0.0000,0.4934,0.4246,high,boundary,1
Lumen,0.7913,0.7527,0.1508,0.0397,0.0000,0.4934,0.4259,high,boundary,1
Lumen,0.7913,0.7527,0.1511,0.0396,0.0000,0.4935,0.4267,high,boundary,1
Lumen,0.7912,0.7526,0.1515,0.0395,0.0000,0.4936,0.4275,high,boundary,1
Lumen,0.7911,0.7526,0.1518,0.0394,0.0000,0.4936,0.4280,high,boundary,1
Lumen,0.7911,0.7525,0.1521,0.0393,0.0000,0.4937,0.4285,high,boundary,1
Lumen,0.7910,0.7523,0.1524,0.0392,0.0000,0.4937,0.4289,high,boundary,1
Lumen,0.7909,0.7523,0.1526,0.0392,0.0000,0.4937,0.4290,high,boundary,1
Lumen,0.7909,0.7521,0.1527,0.0391,0.0000,0.4938,0.4289,high,boundary,1
Lumen,0.7908,0.7520,0.1530,0.0391,0.0000,0.4938,0.4290,high,boundary,1
Lumen,0.7907,0.7518,0.1534,0.0391,0.0000,0.4938,0.4291,high,boundary,1
Lumen,0.7906,0.7516,0.1537,0.0391,0.0000,0.4938,0.4290,high,boundary,1
Lumen,0.7905,0.7514,0.1541,0.0391,0.0000,0.4939,0.4291,high,boundary,1
Lumen,0.7904,0.7512,0.1546,0.0391,0.0000,0.4939,0.4295,high,boundary,1
Lumen,0.7902,0.7510,0.1552,0.0391,0.0000,0.4939,0.4298,high,boundary,1
Lumen,0.7901,0.7508,0.1555,0.0391,0.0000,0.4939,0.4295,high,boundary,1
Lumen,0.7901,0.7506,0.1557,0.0392,0.0000,0.4939,0.4292,high,boundary,1
Lumen,0.7900,0.7505,0.1557,0.0392,0.0000,0.4939,0.4285,high,boundary,1
Lumen,0.7900,0.7503,0.1557,0.0393,0.0000,0.4939,0.4276,high,boundary,1
Lumen,0.7901,0.7502,0.1556,0.0393,0.0000,0.4939,0.4267,high,boundary,1
Lumen,0.7900,0.7501,0.1556,0.0394,0.0000,0.4939,0.4261,high,boundary,1
Lumen,0.7900,0.7500,0.1557,0.0394,0.0000,0.4939,0.4254,high,boundary,1
Lumen,0.7901,0.7499,0.1554,0.0395,0.0000,0.4939,0.4243,high,boundary,1
Lumen,0.7901,0.7498,0.1552,0.0396,0.0000,0.4939,0.4234,high,boundary,1
Lumen,0.7901,0.7497,0.1552,0.0397,0.0000,0.4939,0.4226,high,boundary,1
Lumen,0.7902,0.7497,0.1550,0.0398,0.0000,0.4939,0.4218,high,boundary,1
Lumen,0.7902,0.7496,0.1550,0.0398,0.0000,0.4939,0.4212,high,boundary,1
Lumen,0.7902,0.7495,0.1550,0.0399,0.1495,0.4939,0.4206,high,boundary,1
Lumen,0.7902,0.7494,0.1551,0.0400,0.1482,0.4939,0.4202,high,boundary,1
Lumen,0.7901,0.7493,0.1552,0.0401,0.0000,0.4939,0.4198,high,boundary,1
Lumen,0.7901,0.7492,0.1553,0.0402,0.0000,0.4940,0.4194,high,boundary,1
Lumen,0.7901,0.7491,0.1552,0.0403,0.0000,0.4940,0.4188,high,boundary,1
Lumen,0.7901,0.7490,0.1552,0.0403,0.0000,0.4940,0.4183,high,boundary,1
Lumen,0.7902,0.7490,0.1549,0.0404,0.0000,0.4940,0.4173,high,boundary,1
Lumen,0.7902,0.7490,0.1548,0.0405,0.0000,0.4940,0.4167,high,boundary,1
Lumen,0.7903,0.7489,0.1547,0.0406,0.0000,0.4940,0.4161,high,boundary,1
Lumen,0.7903,0.7488,0.1547,0.0407,0.0000,0.4940,0.4156,high,boundary,1
Lumen,0.7903,0.7488,0.1546,0.0408,0.0000,0.4940,0.4150,high,boundary,1
Lumen,0.7903,0.7487,0.1546,0.0408,0.0000,0.4940,0.4145,high,boundary,1
Lumen,0.7903,0.7487,0.1546,0.0409,0.1492,0.4940,0.4141,high,boundary,1
Lumen,0.7903,0.7486,0.1547,0.0410,0.0000,0.4940,0.4138,high,boundary,1
Lumen,0.7903,0.7485,0.1546,0.0411,0.0000,0.4940,0.4133,high,boundary,1
Lumen,0.7903,0.7484,0.1547,0.0412,0.0000,0.4940,0.4130,high,boundary,1
Lumen,0.7902,0.7483,0.1549,0.0412,0.0000,0.4940,0.4129,high,boundary,1
Lumen,0.7902,0.7482,0.1551,0.0413,0.0000,0.4940,0.4128,high,boundary,1
Lumen,0.7902,0.7482,0.1551,0.0414,0.0000,0.4940,0.4124,high,boundary,1
Lumen,0.7902,0.7481,0.1551,0.0415,0.0000,0.4940,0.4120,high,boundary,1
Lumen,0.7902,0.7480,0.1551,0.0415,0.0000,0.4940,0.4115,high,boundary,1
Lumen,0.7902,0.7480,0.1550,0.0416,0.0000,0.4940,0.4110,high,boundary,1
Lumen,0.7902,0.7479,0.1549,0.0417,0.0000,0.4940,0.4104,high,boundary,1
Lumen,0.7903,0.7479,0.1548,0.0417,0.0000,0.4940,0.4099,high,boundary,1
Lumen,0.7903,0.7479,0.1547,0.0418,0.0000,0.4941,0.4094,high,boundary,1
Lumen,0.7902,0.7478,0.1550,0.0419,0.0000,0.4941,0.4093,high,boundary,1
Lumen,0.7903,0.7477,0.1549,0.0419,0.0000,0.4941,0.4088,high,boundary,1
Lumen,0.7903,0.7476,0.1549,0.0420,0.0000,0.4941,0.4085,high,boundary,1
Lumen,0.7902,0.7475,0.1550,0.0421,0.0000,0.4941,0.4082,high,boundary,1
Lumen,0.7901,0.7473,0.1555,0.0421,0.0000,0.4941,0.4082,high,boundary,1
Lumen,0.7901,0.7472,0.1556,0.0422,0.0000,0.4941,0.4075,high,boundary,1
Lumen,0.7901,0.7471,0.1556,0.0423,0.0000,0.4941,0.4067,high,boundary,1
Lumen,0.7901,0.7469,0.1556,0.0424,0.0000,0.4941,0.4060,high,boundary,1
Lumen,0.7901,0.7468,0.1556,0.0425,0.0000,0.4941,0.4052,high,boundary,1
Lumen,0.7901,0.7467,0.1555,0.0426,0.0000,0.4941,0.4043,high,boundary,1
Lumen,0.7902,0.7467,0.1552,0.0427,0.1493,0.4941,0.4033,high,boundary,1
Lumen,0.7902,0.7465,0.1553,0.0428,0.0000,0.4942,0.4025,high,boundary,1
Lumen,0.7900,0.7463,0.1558,0.0429,0.1499,0.4942,0.4026,high,boundary,1
Lumen,0.7899,0.7461,0.1561,0.0429,0.0000,0.4942,0.4023,high,boundary,1
Lumen,0.7900,0.7461,0.1559,0.0430,0.0000,0.4942,0.4013,high,boundary,1
Lumen,0.7900,0.7460,0.1558,0.0431,0.1498,0.4942,0.4004,high,boundary,1
Lumen,0.7905,0.7463,0.1541,0.0433,0.1499,0.4942,0.3974,high,low,1
Lumen,0.7906,0.7463,0.1539,0.0434,0.0000,0.4941,0.3967,high,low,1
Lumen,0.7906,0.7462,0.1539,0.0435,0.0000,0.4941,0.3961,high,low,1
Lumen,0.7906,0.7462,0.1538,0.0436,0.1495,0.4942,0.3956,high,low,1
Lumen,0.7906,0.7461,0.1537,0.0437,0.1497,0.4942,0.3949,high,low,1
Lumen,0.7906,0.7461,0.1537,0.0437,0.1496,0.4942,0.3945,high,low,1
Lumen,0.7907,0.7460,0.1537,0.0438,0.0000,0.4942,0.3940,high,low,1
Lumen,0.7907,0.7460,0.1535,0.0439,0.0000,0.4942,0.3933,high,low,1
Lumen,0.8036,0.8032,0.0802,-0.0103,0.2853,0.4948,0.1136,high,low,1
Lumen,0.8010,0.8013,0.0962,-0.0082,0.2730,0.4959,0.2366,high,low,1
Lumen,0.7844,0.7124,0.1954,0.0759,0.0000,0.4964,0.1590,high,low,1
Lumen,0.7841,0.7230,0.2181,0.0693,0.0000,0.4965,0.1584,high,low,1
Lumen,0.7846,0.7290,0.2261,0.0638,0.0000,0.4962,0.1579,high,low,1
Lumen,0.7845,0.7318,0.2313,0.0599,0.0000,0.4958,0.1478,high,low,1
Lumen,0.7844,0.7333,0.2344,0.0573,0.0000,0.4954,0.1403,high,low,1
Lumen,0.7844,0.7344,0.2358,0.0554,0.0000,0.4949,0.1387,high,low,1
Lumen,0.7843,0.7349,0.2448,0.0542,0.0000,0.4945,0.0891,high,low,1
Lumen,0.7842,0.7350,0.2564,0.0535,0.0000,0.4941,0.0179,boundary,low,1
Lumen,0.7842,0.7350,0.2589,0.0530,0.0000,0.4938,0.0022,boundary,low,1
Lumen,0.7842,0.7350,0.2607,0.0527,0.0000,0.4935,0.0000,boundary,low,1
Lumen,0.7841,0.7350,0.2624,0.0523,0.0000,0.4932,0.0000,boundary,low,1
Lumen,0.7841,0.7350,0.2635,0.0520,0.0000,0.4930,0.0000,boundary,low,1
Lumen,0.7842,0.7351,0.2642,0.0517,0.0000,0.4928,0.0000,boundary,low,1
Lumen,0.7842,0.7351,0.2649,0.0514,0.0000,0.4926,0.0000,boundary,low,1
Lumen,0.7842,0.7351,0.2657,0.0512,0.0000,0.4924,0.0000,boundary,low,1
Lumen,0.7842,0.7353,0.2612,0.0510,0.0000,0.4923,0.0000,boundary,low,1
Lumen,0.7844,0.7356,0.2520,0.0507,0.1500,0.4921,0.0479,boundary,low,1
Lumen,0.7847,0.7360,0.2436,0.0505,0.0000,0.4919,0.1006,high,low,1
Lumen,0.7849,0.7363,0.2413,0.0504,0.0000,0.4918,0.1148,high,low,1
Lumen,0.7851,0.7366,0.2345,0.0502,0.0000,0.4917,0.1550,high,low,1
Lumen,0.7853,0.7369,0.2288,0.0500,0.0000,0.4916,0.1871,high,low,1
Lumen,0.7854,0.7372,0.2239,0.0498,0.0000,0.4916,0.2137,high,low,1
Lumen,0.7856,0.7374,0.2198,0.0496,0.0000,0.4916,0.2352,high,low,1
Lumen,0.7857,0.7377,0.2162,0.0495,0.0000,0.4916,0.2529,high,low,1
Lumen,0.7857,0.7379,0.2133,0.0493,0.0000,0.4917,0.2670,high,low,1
Lumen,0.7858,0.7381,0.2109,0.0492,0.0000,0.4917,0.2788,high,low,1
Lumen,0.7858,0.7384,0.2088,0.0490,0.0000,0.4917,0.2889,high,low,1
Lumen,0.7859,0.7386,0.2021,0.0488,0.0000,0.4917,0.3155,high,low,1
Lumen,0.7860,0.7388,0.1966,0.0486,0.0000,0.4918,0.3353,high,low,1
Lumen,0.7861,0.7391,0.1917,0.0485,0.0000,0.4918,0.3503,high,low,1
Lumen,0.7861,0.7393,0.1876,0.0483,0.0000,0.4918,0.3612,high,low,1
Lumen,0.7862,0.7395,0.1841,0.0482,0.0000,0.4918,0.3693,high,low,1
Lumen,0.7863,0.7397,0.1810,0.0480,0.0000,0.4919,0.3754,high,low,1
Lumen,0.7863,0.7398,0.1784,0.0479,0.0000,0.4919,0.3797,high,low,1
Lumen,0.7863,0.7400,0.1763,0.0477,0.0000,0.4920,0.3832,high,low,1
Lumen,0.7864,0.7402,0.1745,0.0476,0.0000,0.4920,0.3859,high,low,1
Lumen,0.7864,0.7404,0.1729,0.0474,0.0000,0.4921,0.3879,high,low,1
Lumen,0.7866,0.7406,0.1713,0.0473,0.0000,0.4921,0.3897,high,low,1
Lumen,0.7866,0.7408,0.1699,0.0471,0.0000,0.4921,0.3910,high,low,1
Lumen,0.7868,0.7410,0.1686,0.0470,0.0000,0.4922,0.3920,high,low,1
Lumen,0.7868,0.7411,0.1678,0.0469,0.0000,0.4922,0.3927,high,low,1
Lumen,0.7867,0.7411,0.1674,0.0467,0.0000,0.4923,0.3932,high,low,1
Lumen,0.7866,0.7411,0.1676,0.0466,0.0000,0.4923,0.3935,high,low,1
Lumen,0.7863,0.7409,0.1685,0.0465,0.0000,0.4924,0.3934,high,low,1
Lumen,0.7861,0.7408,0.1691,0.0464,0.0000,0.4925,0.3937,high,low,1
Lumen,0.7858,0.7406,0.1699,0.0463,0.0000,0.4925,0.3937,high,low,1
Lumen,0.7854,0.7403,0.1715,0.0462,0.0000,0.4926,0.3929,high,low,1
Lumen,0.7852,0.7401,0.1722,0.0461,0.0000,0.4926,0.3925,high,low,1
Lumen,0.7851,0.7400,0.1725,0.0460,0.0000,0.4926,0.3922,high,low,1
Lumen,0.7850,0.7400,0.1724,0.0459,0.1499,0.4926,0.3922,high,low,1
Lumen,0.7849,0.7399,0.1726,0.0458,0.0000,0.4926,0.3919,high,low,1
Lumen,0.7847,0.7397,0.1735,0.0457,0.0000,0.4926,0.3909,high,low,1
Lumen,0.7845,0.7394,0.1744,0.0456,0.0000,0.4927,0.3896,high,low,1
Lumen,0.7843,0.7393,0.1750,0.0456,0.0000,0.4927,0.3886,high,low,1
Lumen,0.7841,0.7391,0.1757,0.0455,0.0000,0.4927,0.3877,high,low,1
Lumen,0.7839,0.7389,0.1764,0.0455,0.0000,0.4927,0.3866,high,low,1
Lumen,0.7838,0.7388,0.1766,0.0454,0.1499,0.4927,0.3862,high,low,1
Lumen,0.7838,0.7387,0.1767,0.0454,0.0000,0.4927,0.3856,high,low,1
Lumen,0.7837,0.7386,0.1769,0.0454,0.0000,0.4927,0.3851,high,low,1
Lumen,0.7836,0.7385,0.1771,0.0453,0.0000,0.4927,0.3844,high,low,1
Lumen,0.7835,0.7384,0.1775,0.0453,0.0000,0.4927,0.3834,high,low,1
Lumen,0.7836,0.7384,0.1772,0.0453,0.1495,0.4927,0.3834,high,low,1
Lumen,0.7837,0.7384,0.1764,0.0453,0.0000,0.4927,0.3841,high,low,1
Lumen,0.7840,0.7386,0.1751,0.0453,0.0000,0.4926,0.3854,high,low,1
Lumen,0.7843,0.7389,0.1737,0.0453,0.0000,0.4926,0.3872,high,low,1
Lumen,0.7846,0.7392,0.1725,0.0453,0.0000,0.4926,0.3888,high,low,1
Lumen,0.7847,0.7395,0.1717,0.0453,0.0000,0.4926,0.3901,high,low,1
Lumen,0.7849,0.7397,0.1711,0.0453,0.0000,0.4926,0.3915,high,low,1
Lumen,0.7850,0.7400,0.1705,0.0453,0.0000,0.4926,0.3929,high,low,1
Lumen,0.7851,0.7402,0.1700,0.0452,0.0000,0.4926,0.3944,high,low,1
Lumen,0.7852,0.7405,0.1699,0.0452,0.0000,0.4926,0.3958,high,low,1
Lumen,0.7854,0.7409,0.1689,0.0451,0.0000,0.4926,0.3976,high,low,1
Lumen,0.7854,0.7411,0.1689,0.0450,0.0000,0.4926,0.3991,high,low,1
Lumen,0.7855,0.7413,0.1688,0.0450,0.0000,0.4927,0.4005,high,boundary,1
Lumen,0.7855,0.7416,0.1688,0.0449,0.0000,0.4927,0.4022,high,boundary,1
Lumen,0.7855,0.7418,0.1688,0.0447,0.0000,0.4928,0.4037,high,boundary,1
Lumen,0.7855,0.7421,0.1687,0.0446,0.0000,0.4929,0.4054,high,boundary,1
Lumen,0.7856,0.7423,0.1685,0.0445,0.0000,0.4929,0.4071,high,boundary,1
Lumen,0.7857,0.7427,0.1681,0.0443,0.0000,0.4930,0.4087,high,boundary,1
Lumen,0.7859,0.7430,0.1675,0.0442,0.0000,0.4930,0.4104,high,boundary,1
Lumen,0.7860,0.7433,0.1671,0.0440,0.0000,0.4931,0.4118,high,boundary,1
Lumen,0.7861,0.7436,0.1665,0.0439,0.0000,0.4931,0.4132,high,boundary,1
Lumen,0.7863,0.7439,0.1660,0.0437,0.0000,0.4932,0.4142,high,boundary,1
Lumen,0.7865,0.7442,0.1654,0.0436,0.0000,0.4932,0.4150,high,boundary,1
Lumen,0.7866,0.7444,0.1650,0.0435,0.0000,0.4933,0.4156,high,boundary,1
Lumen,0.7867,0.7446,0.1645,0.0433,0.0000,0.4934,0.4161,high,boundary,1
Lumen,0.7869,0.7448,0.1639,0.0432,0.0000,0.4934,0.4164,high,boundary,1
Lumen,0.7870,0.7449,0.1635,0.0431,0.0000,0.4935,0.4167,high,boundary,1
Lumen,0.7871,0.7451,0.1632,0.0430,0.0000,0.4935,0.4169,high,boundary,1
Lumen,0.7872,0.7452,0.1632,0.0429,0.0000,0.4936,0.4172,high,boundary,1
Lumen,0.7873,0.7452,0.1630,0.0428,0.0000,0.4937,0.4172,high,boundary,1
Lumen,0.7874,0.7454,0.1626,0.0427,0.0000,0.4937,0.4172,high,boundary,1
Lumen,0.7875,0.7455,0.1622,0.0427,0.0000,0.4937,0.4171,high,boundary,1
Lumen,0.7876,0.7455,0.1621,0.0426,0.0000,0.4938,0.4170,high,boundary,1
Lumen,0.7877,0.7456,0.1619,0.0425,0.0000,0.4938,0.4167,high,boundary,1
Lumen,0.7878,0.7456,0.1617,0.0425,0.0000,0.4938,0.4164,high,boundary,1
Lumen,0.7878,0.7456,0.1617,0.0425,0.0000,0.4939,0.4162,high,boundary,1
Lumen,0.7878,0.7456,0.1616,0.0425,0.1492,0.4939,0.4155,high,boundary,1
Lumen,0.7879,0.7455,0.1617,0.0424,0.0000,0.4939,0.4149,high,boundary,1
Lumen,0.7879,0.7454,0.1618,0.0425,0.0000,0.4940,0.4142,high,boundary,1
Lumen,0.7879,0.7453,0.1617,0.0425,0.0000,0.4940,0.4134,high,boundary,1
Lumen,0.7878,0.7451,0.1621,0.0425,0.1498,0.4940,0.4129,high,boundary,1
Lumen,0.7878,0.7450,0.1622,0.0425,0.0000,0.4941,0.4122,high,boundary,1
Lumen,0.7879,0.7449,0.1621,0.0426,0.0000,0.4941,0.4113,high,boundary,1
Lumen,0.7878,0.7447,0.1623,0.0426,0.0000,0.4941,0.4105,high,boundary,1
Lumen,0.7878,0.7446,0.1624,0.0427,0.0000,0.4941,0.4098,high,boundary,1
Lumen,0.7879,0.7445,0.1624,0.0427,0.0000,0.4941,0.4089,high,boundary,1
Lumen,0.7878,0.7444,0.1626,0.0428,0.0000,0.4941,0.4082,high,boundary,1
Lumen,0.7877,0.7441,0.1631,0.0429,0.0000,0.4941,0.4077,high,boundary,1
Lumen,0.7876,0.7440,0.1634,0.0430,0.0000,0.4942,0.4070,high,boundary,1
Lumen,0.7876,0.7438,0.1638,0.0431,0.0000,0.4942,0.4063,high,boundary,1
Lumen,0.7875,0.7436,0.1639,0.0431,0.0000,0.4942,0.4056,high,boundary,1
Lumen,0.7875,0.7434,0.1639,0.0433,0.0000,0.4942,0.4041,high,boundary,1
Lumen,0.7877,0.7434,0.1634,0.0434,0.1493,0.4942,0.4033,high,boundary,1
Lumen,0.7876,0.7433,0.1635,0.0435,0.0000,0.4941,0.4027,high,boundary,1
Lumen,0.7876,0.7432,0.1636,0.0436,0.1497,0.4941,0.4021,high,boundary,1
Lumen,0.7876,0.7431,0.1637,0.0437,0.0000,0.4941,0.4016,high,boundary,1
Lumen,0.7875,0.7430,0.1639,0.0438,0.0000,0.4942,0.4010,high,boundary,1
Lumen,0.7875,0.7429,0.1640,0.0439,0.0000,0.4942,0.4005,high,boundary,1
Lumen,0.7876,0.7428,0.1636,0.0439,0.0000,0.4942,0.3997,high,low,1
Lumen,0.7876,0.7427,0.1637,0.0440,0.0000,0.4942,0.3991,high,low,1
Lumen,0.7876,0.7427,0.1637,0.0441,0.0000,0.4942,0.3986,high,low,1
Lumen,0.7877,0.7427,0.1633,0.0442,0.0000,0.4942,0.3979,high,low,1
Lumen,0.7878,0.7426,0.1630,0.0443,0.0000,0.4941,0.3973,high,low,1
Lumen,0.7878,0.7426,0.1629,0.0444,0.0000,0.4941,0.3967,high,low,1
Lumen,0.7879,0.7426,0.1626,0.0445,0.0000,0.4941,0.3961,high,low,1
Lumen,0.7879,0.7425,0.1624,0.0446,0.0000,0.4941,0.3955,high,low,1
Lumen,0.7880,0.7425,0.1622,0.0447,0.0000,0.4942,0.3950,high,low,1
Lumen,0.7880,0.7425,0.1621,0.0447,0.0000,0.4942,0.3944,high,low,1
Lumen,0.7997,0.8033,0.0604,-0.0113,0.2296,0.4943,0.0000,high,low,1
Lumen,0.8007,0.8035,0.0613,-0.0100,0.2252,0.4950,0.0000,high,low,1
Lumen,0.7850,0.7127,0.1664,0.0765,0.0000,0.4954,0.1916,high,low,1
Lumen,0.8008,0.8032,0.0609,-0.0088,0.2257,0.4956,0.0000,high,low,1
Lumen,0.8015,0.8038,0.0613,-0.0077,0.2229,0.4962,0.0000,high,low,1
Lumen,0.8020,0.8037,0.0609,-0.0076,0.2207,0.4962,0.0000,high,low,1
Lumen,0.8043,0.8030,0.0589,-0.0067,0.2275,0.4966,0.0000,high,low,1
Lumen,0.8040,0.8038,0.0595,-0.0058,0.2212,0.4971,0.0000,high,low,1
Lumen,0.7860,0.7149,0.1639,0.0754,0.1500,0.4974,0.2043,high,low,1
Lumen,0.8008,0.8056,0.0594,-0.0052,0.2195,0.4974,0.0000,high,low,1
Lumen,0.8024,0.8063,0.0603,-0.0054,0.2222,0.4973,0.0000,high,low,1
Lumen,0.7796,0.7339,0.1667,0.0338,0.0000,0.4971,0.3724,high,low,1
Lumen,0.7838,0.7376,0.1808,0.0393,0.1500,0.4967,0.3728,high,low,1
Lumen,0.7858,0.7394,0.2009,0.0422,0.1000,0.4963,0.3253,high,low,1
Lumen,0.7869,0.7402,0.2107,0.0438,0.0000,0.4959,0.2875,high,low,1
Lumen,0.8005,0.8046,0.0694,-0.0082,0.2279,0.4959,0.0489,high,low,1
Lumen,0.8010,0.8041,0.0726,-0.0076,0.2298,0.4962,0.0702,high,low,1
Lumen,0.8040,0.8014,0.0776,-0.0061,0.2450,0.4969,0.0936,high,low,1
Lumen,0.8017,0.8013,0.0793,-0.0045,0.2331,0.4978,0.1168,high,low,1
Lumen,0.7868,0.7134,0.3004,0.0775,0.0000,0.4979,0.0000,boundary,low,1
Lumen,0.7878,0.7259,0.3244,0.0705,0.0000,0.4976,0.0000,boundary,low,1
Lumen,0.7979,0.7985,0.0862,-0.0048,0.2374,0.4976,0.1823,high,low,1
Lumen,0.7969,0.7988,0.0861,-0.0043,0.2288,0.4979,0.1861,high,low,1
Lumen,0.7870,0.7148,0.3120,0.0764,0.1500,0.4977,0.0000,boundary,low,1
Lumen,0.7949,0.7981,0.0881,-0.0046,0.2348,0.4977,0.2097,high,low,1
Lumen,0.7976,0.7959,0.0919,-0.0039,0.2458,0.4981,0.2233,high,low,1
Lumen,0.7954,0.7963,0.0917,-0.0030,0.2344,0.4985,0.2323,high,low,1
Lumen,0.7874,0.7137,0.3593,0.0776,0.1500,0.4983,0.0000,boundary,low,1
Lumen,0.7885,0.7259,0.3689,0.0709,0.1500,0.4977,0.0000,boundary,low,1
Lumen,0.7890,0.7319,0.3593,0.0653,0.0000,0.4970,0.0000,boundary,low,1
Lumen,0.7892,0.7351,0.3672,0.0614,0.0000,0.4963,0.0000,boundary,low,1
Lumen,0.7888,0.7361,0.3734,0.0588,0.0000,0.4956,0.0000,boundary,low,1
Lumen,0.7887,0.7368,0.3760,0.0571,0.0000,0.4951,0.0000,boundary,low,1
Lumen,0.7886,0.7370,0.3701,0.0560,0.0000,0.4947,0.0000,boundary,low,1
Lumen,0.7888,0.7374,0.3654,0.0553,0.0000,0.4944,0.0000,boundary,low,1
Lumen,0.7887,0.7375,0.3585,0.0549,0.0000,0.4941,0.0000,boundary,low,1
Lumen,0.7887,0.7376,0.3477,0.0545,0.0000,0.4939,0.0000,boundary,low,1
Lumen,0.7887,0.7376,0.3340,0.0542,0.0000,0.4938,0.0000,boundary,low,1
Lumen,0.7885,0.7376,0.3227,0.0538,0.0000,0.4936,0.0000,boundary,low,1
Lumen,0.7883,0.7375,0.3088,0.0535,0.0000,0.4935,0.0000,boundary,low,1
Lumen,0.7882,0.7375,0.2920,0.0532,0.0000,0.4935,0.0000,boundary,low,1
Lumen,0.7880,0.7375,0.2778,0.0530,0.0000,0.4934,0.0000,boundary,low,1
Lumen,0.7879,0.7375,0.2659,0.0527,0.0000,0.4934,0.0000,boundary,low,1
Lumen,0.7877,0.7375,0.2512,0.0525,0.0000,0.4934,0.0520,boundary,low,1
Lumen,0.7875,0.7374,0.2387,0.0522,0.0000,0.4934,0.1272,high,low,1
Lumen,0.7873,0.7374,0.2329,0.0520,0.0000,0.4934,0.1606,high,low,1
Lumen,0.7872,0.7373,0.2278,0.0518,0.0000,0.4935,0.1883,high,low,1
Lumen,0.7870,0.7372,0.2238,0.0516,0.0000,0.4936,0.2087,high,low,1
Lumen,0.7868,0.7371,0.2204,0.0514,0.0000,0.4936,0.2254,high,low,1
Lumen,0.7865,0.7368,0.2185,0.0512,0.0000,0.4937,0.2344,high,low,1
Lumen,0.7862,0.7367,0.2165,0.0511,0.0000,0.4938,0.2434,high,low,1
Lumen,0.7864,0.7368,0.2131,0.0509,0.1499,0.4938,0.2587,high,low,1
Lumen,0.7863,0.7367,0.2112,0.0508,0.0000,0.4938,0.2667,high,low,1
Lumen,0.7864,0.7367,0.2092,0.0507,0.0000,0.4938,0.2750,high,low,1
Lumen,0.7869,0.7372,0.2008,0.0506,0.0000,0.4938,0.3070,high,low,1
Lumen,0.7872,0.7375,0.1942,0.0505,0.0000,0.4938,0.3276,high,low,1
Lumen,0.7872,0.7374,0.1898,0.0504,0.0000,0.4939,0.3388,high,low,1
Lumen,0.7872,0.7374,0.1859,0.0504,0.0000,0.4939,0.3471,high,low,1
Lumen,0.7873,0.7374,0.1825,0.0503,0.0000,0.4939,0.3531,high,low,1
Lumen,0.7876,0.7377,0.1784,0.0503,0.0000,0.4939,0.3591,high,low,1
Lumen,0.7879,0.7379,0.1752,0.0502,0.0000,0.4939,0.3624,high,low,1
Lumen,0.7879,0.7379,0.1731,0.0502,0.0000,0.4940,0.3637,high,low,1
Lumen,0.7879,0.7378,0.1717,0.0502,0.0000,0.4940,0.3640,high,low,1
Lumen,0.7878,0.7377,0.1707,0.0502,0.0000,0.4941,0.3639,high,low,1
Lumen,0.7947,0.8016,0.0614,-0.0118,0.2232,0.4941,0.0117,high,low,1
Lumen,0.7972,0.8017,0.0616,-0.0111,0.2272,0.4945,0.0044,high,low,1
Lumen,0.7852,0.7085,0.1654,0.0802,0.0000,0.4948,0.1585,high,low,1
Lumen,0.7861,0.7205,0.1654,0.0737,0.1500,0.4950,0.2465,high,low,1
Lumen,0.7865,0.7265,0.1655,0.0682,0.1000,0.4949,0.2894,high,low,1
Lumen,0.7868,0.7298,0.1652,0.0643,0.1500,0.4949,0.3125,high,low,1
Lumen,0.7870,0.7318,0.1649,0.0616,0.1500,0.4948,0.3256,high,low,1
Lumen,0.7870,0.7327,0.1654,0.0597,0.1498,0.4947,0.3327,high,low,1
Lumen,0.7870,0.7333,0.1657,0.0585,0.0000,0.4946,0.3366,high,low,1
Lumen,0.7871,0.7337,0.1654,0.0578,0.0000,0.4946,0.3389,high,low,1
Lumen,0.7871,0.7338,0.1653,0.0573,0.1490,0.4945,0.3399,high,low,1
Lumen,0.7872,0.7340,0.1653,0.0569,0.0000,0.4945,0.3408,high,low,1
Lumen,0.7963,0.8016,0.0613,-0.0109,0.2260,0.4946,0.0051,high,low,1
Lumen,0.7982,0.8018,0.0614,-0.0099,0.2257,0.4950,0.0000,high,low,1
Lumen,0.7856,0.7080,0.1649,0.0811,0.0000,0.4954,0.1532,high,low,1
Lumen,0.7863,0.7199,0.1653,0.0745,0.1500,0.4954,0.2411,high,low,1
Lumen,0.7868,0.7260,0.1652,0.0690,0.1000,0.4954,0.2849,high,low,1
Lumen,0.7869,0.7292,0.1656,0.0651,0.1500,0.4952,0.3077,high,low,1
Lumen,0.7871,0.7311,0.1655,0.0623,0.1500,0.4951,0.3207,high,low,1
Lumen,0.7872,0.7322,0.1654,0.0605,0.1499,0.4949,0.3278,high,low,1
Lumen,0.7872,0.7327,0.1657,0.0593,0.0000,0.4948,0.3316,high,low,1
Lumen,0.7872,0.7330,0.1656,0.0585,0.0000,0.4948,0.3336,high,low,1
Lumen,0.7873,0.7332,0.1655,0.0581,0.0000,0.4947,0.3346,high,low,1
Lumen,0.7873,0.7333,0.1653,0.0577,0.0000,0.4946,0.3354,high,low,1
Lumen,0.7873,0.7334,0.1653,0.0573,0.0000,0.4946,0.3361,high,low,1
Lumen,0.7873,0.7335,0.1654,0.0570,0.0000,0.4946,0.3366,high,low,1
Lumen,0.7874,0.7336,0.1652,0.0566,0.0000,0.4946,0.3371,high,low,1
Lumen,0.7877,0.7340,0.1637,0.0564,0.1499,0.4946,0.3377,high,low,1
Lumen,0.7984,0.8012,0.0592,-0.0105,0.2304,0.4947,0.0000,high,low,1
Lumen,0.8018,0.8000,0.0590,-0.0090,0.2309,0.4955,0.0000,high,low,1
Lumen,0.8012,0.8010,0.0602,-0.0069,0.2276,0.4966,0.0000,high,low,1
Lumen,0.7855,0.7073,0.1651,0.0817,0.1500,0.4970,0.1476,high,low,1
Lumen,0.7863,0.7191,0.1658,0.0752,0.1500,0.4969,0.2354,high,low,1
Lumen,0.7867,0.7253,0.1659,0.0697,0.1000,0.4966,0.2795,high,low,1
Lumen,0.7871,0.7287,0.1657,0.0657,0.1500,0.4962,0.3033,high,low,1
Lumen,0.7873,0.7307,0.1653,0.0630,0.1500,0.4959,0.3166,high,low,1
Lumen,0.7875,0.7318,0.1651,0.0612,0.1500,0.4956,0.3239,high,low,1
Lumen,0.7876,0.7324,0.1648,0.0600,0.0000,0.4953,0.3275,high,low,1
Lumen,0.7877,0.7327,0.1646,0.0592,0.0000,0.4951,0.3291,high,low,1
Lumen,0.7878,0.7328,0.1645,0.0588,0.0000,0.4950,0.3296,high,low,1
Lumen,0.7878,0.7329,0.1644,0.0584,0.0000,0.4949,0.3300,high,low,1
Lumen,0.7878,0.7330,0.1645,0.0581,0.0000,0.4949,0.3303,high,low,1
Lumen,0.7879,0.7331,0.1643,0.0577,0.0000,0.4948,0.3306,high,low,1
Lumen,0.7879,0.7331,0.1644,0.0574,0.0000,0.4948,0.3311,high,low,1
Lumen,0.7878,0.7331,0.1645,0.0572,0.0000,0.4948,0.3315,high,low,1
Lumen,0.7878,0.7332,0.1647,0.0569,0.0000,0.4947,0.3320,high,low,1
Lumen,0.7878,0.7333,0.1645,0.0565,0.0000,0.4947,0.3329,high,low,1
Lumen,0.7880,0.7336,0.1635,0.0563,0.1498,0.4947,0.3334,high,low,1
Lumen,0.7879,0.7335,0.1638,0.0561,0.0000,0.4947,0.3338,high,low,1
Lumen,0.7878,0.7335,0.1641,0.0559,0.0000,0.4946,0.3340,high,low,1
Lumen,0.7878,0.7335,0.1643,0.0557,0.0000,0.4946,0.3342,high,low,1
Lumen,0.7878,0.7335,0.1641,0.0556,0.0000,0.4946,0.3343,high,low,1
Lumen,0.7877,0.7335,0.1642,0.0555,0.0000,0.4946,0.3343,high,low,1
Lumen,0.7877,0.7335,0.1642,0.0553,0.0000,0.4946,0.3342,high,low,1
Lumen,0.7878,0.7335,0.1640,0.0552,0.0000,0.4946,0.3341,high,low,1
Lumen,0.7878,0.7335,0.1640,0.0551,0.0000,0.4946,0.3339,high,low,1
Lumen,0.7878,0.7334,0.1640,0.0551,0.0000,0.4946,0.3338,high,low,1
Lumen,0.7877,0.7333,0.1643,0.0550,0.0000,0.4946,0.3336,high,low,1
Lumen,0.7876,0.7333,0.1644,0.0549,0.0000,0.4946,0.3334,high,low,1
Lumen,0.7877,0.7333,0.1643,0.0549,0.0000,0.4946,0.3332,high,low,1
Lumen,0.7945,0.8010,0.0612,-0.0107,0.2230,0.4946,0.0113,high,low,1
Lumen,0.7984,0.7997,0.0603,-0.0100,0.2331,0.4950,0.0000,high,low,1
Lumen,0.7990,0.8004,0.0605,-0.0084,0.2249,0.4958,0.0000,high,low,1
Lumen,0.7864,0.7062,0.1620,0.0833,0.0000,0.4962,0.1357,high,low,1
Lumen,0.7874,0.7183,0.1617,0.0769,0.1500,0.4962,0.2232,high,low,1
Lumen,0.7881,0.7246,0.1610,0.0716,0.1000,0.4960,0.2668,high,low,1
Lumen,0.7886,0.7282,0.1601,0.0677,0.1500,0.4958,0.2903,high,low,1
Lumen,0.7890,0.7303,0.1593,0.0649,0.1500,0.4955,0.3034,high,low,1
Lumen,0.7894,0.7318,0.1581,0.0631,0.0000,0.4953,0.3106,high,low,1
Lumen,0.7896,0.7325,0.1577,0.0619,0.0000,0.4951,0.3143,high,low,1
Lumen,0.7898,0.7329,0.1572,0.0612,0.0000,0.4950,0.3159,high,low,1
Lumen,0.7899,0.7332,0.1569,0.0607,0.0000,0.4949,0.3165,high,low,1
Lumen,0.7900,0.7333,0.1567,0.0603,0.1491,0.4949,0.3170,high,low,1
Lumen,0.7901,0.7335,0.1564,0.0599,0.1499,0.4948,0.3174,high,low,1
Lumen,0.7901,0.7336,0.1564,0.0596,0.1499,0.4948,0.3179,high,low,1
Lumen,0.7902,0.7337,0.1561,0.0593,0.0000,0.4948,0.3182,high,low,1
Lumen,0.7903,0.7339,0.1555,0.0590,0.1496,0.4948,0.3184,high,low,1
Lumen,0.7906,0.7342,0.1551,0.0587,0.0000,0.4948,0.3188,high,low,1
Lumen,0.7907,0.7345,0.1548,0.0585,0.0000,0.4948,0.3192,high,low,1
Lumen,0.7909,0.7347,0.1544,0.0583,0.0000,0.4948,0.3196,high,low,1
Lumen,0.7910,0.7349,0.1541,0.0580,0.0000,0.4948,0.3200,high,low,1
Lumen,0.7911,0.7351,0.1539,0.0578,0.0000,0.4948,0.3205,high,low,1
Lumen,0.7913,0.7353,0.1537,0.0576,0.0000,0.4948,0.3209,high,low,1
Lumen,0.7914,0.7355,0.1533,0.0575,0.0000,0.4948,0.3211,high,low,1
Lumen,0.7915,0.7357,0.1529,0.0573,0.0000,0.4948,0.3211,high,low,1
Lumen,0.7916,0.7359,0.1525,0.0571,0.0000,0.4948,0.3210,high,low,1
Lumen,0.7916,0.7360,0.1526,0.0570,0.0000,0.4948,0.3218,high,low,1
Lumen,0.7917,0.7360,0.1528,0.0569,0.1499,0.4949,0.3224,high,low,1
Lumen,0.7917,0.7361,0.1529,0.0567,0.0000,0.4949,0.3230,high,low,1
Lumen,0.7917,0.7362,0.1529,0.0566,0.0000,0.4949,0.3233,high,low,1
Lumen,0.7918,0.7363,0.1524,0.0565,0.1496,0.4949,0.3230,high,low,1
Lumen,0.7918,0.7364,0.1526,0.0564,0.0000,0.4949,0.3235,high,low,1
Lumen,0.7919,0.7365,0.1526,0.0563,0.1460,0.4949,0.3237,high,low,1
Lumen,0.7920,0.7365,0.1522,0.0562,0.1499,0.4949,0.3234,high,low,1
Lumen,0.7920,0.7366,0.1519,0.0561,0.1495,0.4949,0.3230,high,low,1
Lumen,0.7921,0.7367,0.1514,0.0561,0.0000,0.4949,0.3224,high,low,1
Lumen,0.7922,0.7368,0.1510,0.0560,0.0000,0.4949,0.3219,high,low,1
Lumen,0.7922,0.7368,0.1508,0.0559,0.0000,0.4949,0.3216,high,low,1
Lumen,0.7923,0.7369,0.1504,0.0559,0.0000,0.4949,0.3211,high,low,1
Lumen,0.7923,0.7369,0.1502,0.0558,0.0000,0.4949,0.3208,high,low,1
Lumen,0.7924,0.7370,0.1500,0.0558,0.0000,0.4949,0.3205,high,low,1
Lumen,0.7924,0.7370,0.1499,0.0557,0.0000,0.4949,0.3203,high,low,1
Lumen,0.7923,0.7369,0.1507,0.0557,0.1499,0.4949,0.3217,high,low,1
Lumen,0.7923,0.7369,0.1512,0.0557,0.0000,0.4950,0.3225,high,low,1
Lumen,0.7923,0.7369,0.1509,0.0556,0.0000,0.4950,0.3219,high,low,1
Lumen,0.7923,0.7369,0.1508,0.0556,0.0000,0.4950,0.3216,high,low,1
Lumen,0.7923,0.7368,0.1507,0.0556,0.0000,0.4950,0.3211,high,low,1
Lumen,0.7923,0.7368,0.1510,0.0556,0.1492,0.4950,0.3216,high,low,1
Lumen,0.7923,0.7368,0.1512,0.0556,0.0000,0.4950,0.3217,high,low,1
Lumen,0.7924,0.7368,0.1507,0.0556,0.0000,0.4950,0.3207,high,low,1
Lumen,0.7924,0.7368,0.1504,0.0556,0.0000,0.4950,0.3200,high,low,1
Lumen,0.7924,0.7368,0.1501,0.0556,0.0000,0.4949,0.3194,high,low,1
Lumen,0.7925,0.7368,0.1499,0.0556,0.0000,0.4949,0.3188,high,low,1
Lumen,0.7925,0.7368,0.1497,0.0556,0.0000,0.4949,0.3183,high,low,1
Lumen,0.7925,0.7368,0.1496,0.0556,0.0000,0.4949,0.3179,high,low,1
Lumen,0.7925,0.7368,0.1495,0.0556,0.1493,0.4949,0.3176,high,low,1
Lumen,0.7925,0.7367,0.1495,0.0556,0.0000,0.4949,0.3174,high,low,1
Lumen,0.7925,0.7367,0.1496,0.0556,0.0000,0.4949,0.3173,high,low,1
Lumen,0.7924,0.7366,0.1496,0.0557,0.0000,0.4949,0.3171,high,low,1
Lumen,0.7924,0.7366,0.1497,0.0557,0.0000,0.4950,0.3170,high,low,1
Lumen,0.7923,0.7365,0.1504,0.0557,0.1499,0.4950,0.3180,high,low,1
Lumen,0.7923,0.7364,0.1509,0.0557,0.0000,0.4950,0.3186,high,low,1
Lumen,0.7923,0.7363,0.1513,0.0557,0.0000,0.4950,0.3191,high,low,1
Lumen,0.7923,0.7363,0.1516,0.0558,0.0000,0.4950,0.3193,high,low,1
Lumen,0.7923,0.7363,0.1512,0.0558,0.0000,0.4950,0.3185,high,low,1
Lumen,0.7923,0.7363,0.1510,0.0558,0.1499,0.4950,0.3179,high,low,1
Lumen,0.7923,0.7363,0.1508,0.0558,0.1498,0.4950,0.3173,high,low,1
Lumen,0.7923,0.7362,0.1512,0.0559,0.0000,0.4950,0.3176,high,low,1
Lumen,0.7924,0.7362,0.1514,0.0559,0.1499,0.4950,0.3178,high,low,1
Lumen,0.7924,0.7361,0.1511,0.0559,0.0000,0.4950,0.3169,high,low,1
Lumen,0.7924,0.7361,0.1509,0.0560,0.0000,0.4950,0.3162,high,low,1
Lumen,0.7924,0.7361,0.1507,0.0560,0.1496,0.4950,0.3155,high,low,1
Lumen,0.7924,0.7360,0.1505,0.0560,0.1430,0.4950,0.3148,high,low,1
Lumen,0.7924,0.7360,0.1504,0.0561,0.0000,0.4950,0.3144,high,low,1
Lumen,0.7924,0.7359,0.1503,0.0561,0.0000,0.4950,0.3138,high,low,1
Lumen,0.7924,0.7359,0.1502,0.0562,0.0000,0.4950,0.3133,high,low,1
Lumen,0.7924,0.7358,0.1501,0.0562,0.1494,0.4950,0.3129,high,low,1
Lumen,0.7924,0.7358,0.1499,0.0562,0.0000,0.4950,0.3122,high,low,1
Lumen,0.7925,0.7358,0.1496,0.0563,0.0000,0.4950,0.3115,high,low,1
Lumen,0.7925,0.7358,0.1495,0.0563,0.0000,0.4950,0.3110,high,low,1
Lumen,0.7925,0.7357,0.1494,0.0564,0.0000,0.4950,0.3106,high,low,1
Lumen,0.7925,0.7357,0.1494,0.0564,0.1495,0.4950,0.3101,high,low,1
Lumen,0.7926,0.7357,0.1492,0.0565,0.0000,0.4950,0.3095,high,low,1
Lumen,0.7926,0.7357,0.1489,0.0565,0.0000,0.4950,0.3089,high,low,1
Lumen,0.7927,0.7358,0.1487,0.0565,0.0000,0.4950,0.3082,high,low,1
Lumen,0.7927,0.7358,0.1485,0.0566,0.0000,0.4950,0.3078,high,low,1
Lumen,0.7927,0.7357,0.1487,0.0566,0.0000,0.4950,0.3078,high,low,1
Lumen,0.7927,0.7357,0.1485,0.0567,0.0000,0.4950,0.3073,high,low,1
Lumen,0.7928,0.7357,0.1484,0.0567,0.0000,0.4950,0.3070,high,low,1
Lumen,0.7928,0.7357,0.1484,0.0567,0.0000,0.4950,0.3068,high,low,1
Lumen,0.7928,0.7357,0.1483,0.0568,0.0000,0.4950,0.3065,high,low,1
Lumen,0.7928,0.7357,0.1483,0.0568,0.0000,0.4950,0.3062,high,low,1
Lumen,0.7928,0.7357,0.1482,0.0569,0.0000,0.4950,0.3059,high,low,1
Lumen,0.7928,0.7356,0.1483,0.0569,0.0000,0.4950,0.3060,high,low,1
Lumen,0.7928,0.7355,0.1484,0.0569,0.0000,0.4950,0.3060,high,low,1
Lumen,0.7927,0.7355,0.1486,0.0570,0.0000,0.4950,0.3061,high,low,1
Lumen,0.7927,0.7354,0.1487,0.0570,0.0000,0.4950,0.3060,high,low,1
Lumen,0.7927,0.7354,0.1486,0.0570,0.0000,0.4950,0.3056,high,low,1
Lumen,0.7927,0.7354,0.1487,0.0571,0.0000,0.4950,0.3056,high,low,1
Lumen,0.7926,0.7353,0.1489,0.0571,0.0000,0.4951,0.3058,high,low,1
Lumen,0.7926,0.7352,0.1490,0.0571,0.0000,0.4951,0.3057,high,low,1
Lumen,0.7926,0.7351,0.1492,0.0571,0.0000,0.4951,0.3058,high,low,1
Lumen,0.7925,0.7351,0.1493,0.0572,0.0000,0.4951,0.3057,high,low,1
Lumen,0.7925,0.7350,0.1504,0.0572,0.1500,0.4951,0.3073,high,low,1
Lumen,0.7925,0.7349,0.1514,0.0572,0.0000,0.4952,0.3086,high,low,1
Lumen,0.7924,0.7348,0.1523,0.0573,0.0000,0.4952,0.3095,high,low,1
Lumen,0.7924,0.7347,0.1530,0.0573,0.0000,0.4953,0.3102,high,low,1
Lumen,0.7923,0.7346,0.1538,0.0574,0.0000,0.4953,0.3107,high,low,1
Lumen,0.7924,0.7345,0.1543,0.0574,0.0000,0.4953,0.3110,high,low,1
Lumen,0.7924,0.7345,0.1536,0.0575,0.0000,0.4953,0.3095,high,low,1
Lumen,0.7924,0.7344,0.1531,0.0575,0.1500,0.4952,0.3083,high,low,1
Lumen,0.7924,0.7343,0.1526,0.0576,0.1499,0.4952,0.3071,high,low,1
Lumen,0.7924,0.7343,0.1522,0.0576,0.0000,0.4951,0.3059,high,low,1
Lumen,0.7926,0.7344,0.1512,0.0577,0.0000,0.4951,0.3040,high,low,1
Lumen,0.7925,0.7343,0.1511,0.0578,0.0000,0.4951,0.3034,high,low,1
Lumen,0.7925,0.7341,0.1523,0.0578,0.1500,0.4952,0.3047,high,low,1
Lumen,0.7924,0.7340,0.1533,0.0579,0.1499,0.4952,0.3057,high,low,1
Lumen,0.7924,0.7339,0.1529,0.0579,0.0000,0.4952,0.3044,high,low,1
Lumen,0.7925,0.7338,0.1524,0.0580,0.0000,0.4952,0.3031,high,low,1
Lumen,0.7924,0.7337,0.1522,0.0581,0.1499,0.4952,0.3023,high,low,1
Lumen,0.7923,0.7335,0.1537,0.0581,0.1500,0.4952,0.3037,high,low,1
Lumen,0.7921,0.7333,0.1544,0.0582,0.0000,0.4953,0.3039,high,low,1
Lumen,0.7920,0.7331,0.1551,0.0583,0.0000,0.4953,0.3038,high,low,1
Lumen,0.7919,0.7328,0.1554,0.0584,0.0000,0.4953,0.3033,high,low,1
Lumen,0.7919,0.7327,0.1552,0.0585,0.0000,0.4953,0.3021,high,low,1
Lumen,0.7920,0.7326,0.1562,0.0585,0.1500,0.4954,0.3024,high,low,1
Lumen,0.7920,0.7325,0.1571,0.0586,0.1499,0.4954,0.3025,high,low,1
Lumen,0.7920,0.7324,0.1564,0.0587,0.0000,0.4954,0.3008,high,low,1
Lumen,0.7921,0.7323,0.1570,0.0588,0.1499,0.4954,0.3006,high,low,1
Lumen,0.7921,0.7322,0.1564,0.0589,0.1498,0.4954,0.2991,high,low,1
Lumen,0.7922,0.7321,0.1558,0.0591,0.1499,0.4954,0.2976,high,low,1
Lumen,0.7919,0.7318,0.1579,0.0592,0.0201,0.4954,0.2987,high,low,1
Lumen,0.7915,0.7312,0.1643,0.0593,0.2000,0.4955,0.3013,high,low,1
Lumen,0.7910,0.7306,0.1701,0.0594,0.2000,0.4955,0.2997,high,low,1
Lumen,0.7906,0.7301,0.1745,0.0595,0.2000,0.4955,0.2958,high,low,1
Lumen,0.7904,0.7297,0.1774,0.0596,0.2000,0.4955,0.2917,high,low,1
Lumen,0.7903,0.7295,0.1794,0.0597,0.2000,0.4954,0.2881,high,low,1
Lumen,0.7903,0.7292,0.1811,0.0599,0.2000,0.4954,0.2845,high,low,1
Lumen,0.7902,0.7290,0.1871,0.0600,0.2000,0.4953,0.2735,high,low,1
Lumen,0.7903,0.7289,0.1964,0.0601,0.2000,0.4952,0.2508,high,low,1
Lumen,0.7904,0.7287,0.2041,0.0603,0.2000,0.4952,0.2262,high,low,1
Lumen,0.7905,0.7287,0.2058,0.0604,0.2000,0.4951,0.2197,high,low,1
Lumen,0.7906,0.7286,0.2119,0.0606,0.2000,0.4951,0.1963,high,low,1
Lumen,0.7908,0.7285,0.2242,0.0608,0.3500,0.4952,0.1427,high,low,1
Lumen,0.7910,0.7285,0.2344,0.0609,0.2000,0.4953,0.0913,high,low,1
Lumen,0.7911,0.7285,0.2432,0.0611,0.2000,0.4953,0.0429,high,low,1
Lumen,0.7913,0.7285,0.2495,0.0613,0.2000,0.4954,0.0069,high,low,1
Lumen,0.7914,0.7285,0.2516,0.0614,0.2000,0.4954,0.0000,boundary,low,1
Lumen,0.7915,0.7285,0.2487,0.0616,0.2000,0.4954,0.0103,high,low,1
Lumen,0.7915,0.7285,0.2510,0.0617,0.2000,0.4954,0.0000,boundary,low,1
Lumen,0.7917,0.7285,0.2576,0.0619,0.2000,0.4954,0.0000,boundary,low,1
Lumen,0.7918,0.7285,0.2565,0.0620,0.2000,0.4953,0.0000,boundary,low,1
Lumen,0.7919,0.7285,0.2554,0.0622,0.3500,0.4952,0.0000,boundary,low,1
Lumen,0.7920,0.7285,0.2542,0.0623,0.3500,0.4950,0.0000,boundary,low,1
Lumen,0.7921,0.7286,0.2529,0.0624,0.2000,0.4949,0.0000,boundary,low,1
Lumen,0.7922,0.7286,0.2517,0.0625,0.2000,0.4948,0.0000,boundary,low,1
Lumen,0.7923,0.7287,0.2505,0.0626,0.2000,0.4947,0.0000,boundary,low,1
Lumen,0.7925,0.7287,0.2493,0.0628,0.1852,0.4947,0.0049,high,low,1
Lumen,0.7926,0.7288,0.2482,0.0629,0.1696,0.4946,0.0112,high,low,1
Lumen,0.7928,0.7289,0.2424,0.0630,0.1360,0.4946,0.0438,high,low,1
Lumen,0.7929,0.7289,0.2375,0.0631,0.1084,0.4946,0.0704,high,low,1
Lumen,0.7929,0.7290,0.2287,0.0631,0.0666,0.4946,0.1153,high,low,1
Lumen,0.7930,0.7290,0.2212,0.0632,0.0315,0.4946,0.1507,high,low,1
Lumen,0.7931,0.7291,0.2146,0.0633,0.0017,0.4946,0.1789,high,low,1
Lumen,0.7931,0.7292,0.2091,0.0634,0.0000,0.4946,0.2002,high,low,1
Lumen,0.7932,0.7292,0.2044,0.0634,0.0000,0.4946,0.2170,high,low,1
Lumen,0.7932,0.7293,0.2002,0.0635,0.0000,0.4946,0.2302,high,low,1
Lumen,0.7933,0.7294,0.1921,0.0635,0.0000,0.4947,0.2522,high,low,1
Lumen,0.7934,0.7295,0.1850,0.0635,0.0000,0.4947,0.2665,high,low,1
Lumen,0.7934,0.7296,0.1790,0.0636,0.0000,0.4947,0.2751,high,low,1
Lumen,0.7935,0.7297,0.1739,0.0636,0.0000,0.4948,0.2798,high,low,1
Lumen,0.7936,0.7298,0.1695,0.0636,0.0000,0.4948,0.2819,high,low,1
Lumen,0.7937,0.7299,0.1657,0.0636,0.0000,0.4949,0.2822,high,low,1
Lumen,0.7937,0.7300,0.1626,0.0636,0.0000,0.4949,0.2813,high,low,1
Lumen,0.7937,0.7300,0.1600,0.0636,0.0000,0.4950,0.2799,high,low,1
Lumen,0.7937,0.7301,0.1578,0.0636,0.0000,0.4950,0.2782,high,low,1
Lumen,0.7937,0.7301,0.1560,0.0636,0.0000,0.4951,0.2764,high,low,1
Lumen,0.7937,0.7301,0.1544,0.0636,0.0000,0.4951,0.2746,high,low,1
Lumen,0.7937,0.7301,0.1532,0.0636,0.0000,0.4952,0.2730,high,low,1
Lumen,0.7936,0.7301,0.1523,0.0636,0.0000,0.4952,0.2717,high,low,1
Lumen,0.7935,0.7300,0.1517,0.0636,0.0000,0.4952,0.2706,high,low,1
Lumen,0.7935,0.7299,0.1512,0.0636,0.0000,0.4953,0.2697,high,low,1
Lumen,0.7934,0.7298,0.1509,0.0636,0.0000,0.4953,0.2689,high,low,1
Lumen,0.7933,0.7297,0.1506,0.0636,0.0000,0.4953,0.2682,high,low,1
Lumen,0.7932,0.7296,0.1504,0.0636,0.0000,0.4953,0.2675,high,low,1
Lumen,0.7931,0.7295,0.1501,0.0636,0.0000,0.4954,0.2668,high,low,1
Lumen,0.7925,0.7293,0.1537,0.0636,0.1500,0.4956,0.2738,high,low,1
Lumen,0.7920,0.7291,0.1616,0.0635,0.0000,0.4957,0.2829,high,low,1
Lumen,0.7915,0.7289,0.1686,0.0634,0.0000,0.4959,0.2856,high,low,1
Lumen,0.7911,0.7288,0.1744,0.0633,0.0000,0.4959,0.2841,high,low,1
Lumen,0.7937,0.7982,0.0697,-0.0082,0.2265,0.4959,0.0784,high,low,1
Lumen,0.7951,0.7982,0.0689,-0.0076,0.2268,0.4962,0.0676,high,low,1
Lumen,0.7868,0.6996,0.2060,0.0895,0.1500,0.4964,0.0295,boundary,low,1
Lumen,0.7884,0.7122,0.2227,0.0835,0.1500,0.4963,0.0547,high,low,1
Lumen,0.7890,0.7182,0.2307,0.0784,0.1000,0.4960,0.0562,high,low,1
Lumen,0.7890,0.7211,0.2353,0.0747,0.0000,0.4958,0.0509,high,low,1
Lumen,0.7890,0.7227,0.2269,0.0722,0.0000,0.4956,0.1010,high,low,1
Lumen,0.7888,0.7234,0.2321,0.0705,0.0000,0.4954,0.0808,high,low,1
Lumen,0.7878,0.7236,0.2500,0.0692,0.1500,0.4954,0.0000,boundary,low,1
Lumen,0.7870,0.7236,0.2596,0.0684,0.0000,0.4954,0.0000,boundary,low,1
Lumen,0.7866,0.7236,0.2600,0.0678,0.0000,0.4954,0.0000,boundary,low,1
Lumen,0.7862,0.7235,0.2648,0.0673,0.0000,0.4953,0.0000,boundary,low,1
Lumen,0.7859,0.7235,0.2682,0.0668,0.0000,0.4951,0.0000,boundary,low,1
Lumen,0.7857,0.7235,0.2706,0.0664,0.0000,0.4951,0.0000,boundary,low,1
Lumen,0.7850,0.7236,0.2759,0.0659,0.1499,0.4950,0.0000,boundary,low,1
Lumen,0.7844,0.7236,0.2807,0.0654,0.0000,0.4950,0.0000,boundary,low,1
Lumen,0.7839,0.7235,0.2764,0.0649,0.0000,0.4948,0.0000,boundary,low,1
Lumen,0.7839,0.7235,0.2725,0.0644,0.0000,0.4946,0.0000,boundary,low,1
Lumen,0.7838,0.7234,0.2692,0.0640,0.1499,0.4944,0.0000,boundary,low,1
Lumen,0.7838,0.7233,0.2662,0.0637,0.0000,0.4942,0.0000,boundary,low,1
Lumen,0.7838,0.7233,0.2589,0.0634,0.0000,0.4941,0.0000,boundary,low,1
Lumen,0.7837,0.7232,0.2479,0.0631,0.0000,0.4940,0.0101,high,low,1
Lumen,0.7837,0.7231,0.2432,0.0628,0.0000,0.4939,0.0365,high,low,1
Lumen,0.7837,0.7231,0.2390,0.0626,0.0000,0.4939,0.0597,high,low,1
Lumen,0.7836,0.7230,0.2355,0.0624,0.0000,0.4938,0.0776,high,low,1
Lumen,0.7835,0.7229,0.2326,0.0622,0.0000,0.4938,0.0925,high,low,1
Lumen,0.7835,0.7229,0.2254,0.0620,0.0000,0.4938,0.1274,high,low,1
Lumen,0.7834,0.7228,0.2193,0.0619,0.0000,0.4939,0.1543,high,low,1
Lumen,0.7838,0.7228,0.2141,0.0618,0.0000,0.4939,0.1744,high,low,1
Lumen,0.7842,0.7227,0.2098,0.0618,0.0000,0.4940,0.1894,high,low,1
Lumen,0.7845,0.7227,0.2061,0.0618,0.0000,0.4940,0.2013,high,low,1
Lumen,0.7848,0.7226,0.1982,0.0618,0.0000,0.4941,0.2246,high,low,1
Lumen,0.7850,0.7226,0.1916,0.0619,0.0000,0.4942,0.2398,high,low,1
Lumen,0.7851,0.7225,0.1862,0.0620,0.0000,0.4943,0.2493,high,low,1
Lumen,0.7857,0.7224,0.1816,0.0621,0.0000,0.4944,0.2535,high,low,1
Lumen,0.7862,0.7223,0.1778,0.0623,0.0000,0.4945,0.2551,high,low,1
Lumen,0.7867,0.7223,0.1743,0.0625,0.0000,0.4946,0.2559,high,low,1
Lumen,0.7873,0.7224,0.1710,0.0627,0.0000,0.4947,0.2558,high,low,1
Lumen,0.7877,0.7224,0.1685,0.0630,0.0000,0.4948,0.2546,high,low,1
Lumen,0.7880,0.7223,0.1666,0.0632,0.0000,0.4949,0.2529,high,low,1
Lumen,0.7882,0.7222,0.1650,0.0635,0.0000,0.4950,0.2510,high,low,1
Lumen,0.7884,0.7222,0.1637,0.0638,0.0000,0.4950,0.2491,high,low,1
Lumen,0.7886,0.7221,0.1627,0.0641,0.0000,0.4951,0.2472,high,low,1
Lumen,0.7888,0.7220,0.1618,0.0643,0.0000,0.4951,0.2454,high,low,1
Lumen,0.7889,0.7219,0.1611,0.0646,0.0000,0.4952,0.2437,high,low,1
Lumen,0.7890,0.7218,0.1605,0.0649,0.0000,0.4952,0.2420,high,low,1
Lumen,0.7891,0.7217,0.1600,0.0651,0.0000,0.4953,0.2405,high,low,1
Lumen,0.7892,0.7216,0.1595,0.0654,0.0000,0.4953,0.2390,high,low,1
Lumen,0.7894,0.7215,0.1590,0.0656,0.0000,0.4953,0.2376,high,low,1
Lumen,0.7894,0.7214,0.1587,0.0659,0.0000,0.4953,0.2363,high,low,1
Lumen,0.7895,0.7213,0.1586,0.0661,0.0000,0.4954,0.2351,high,low,1
Lumen,0.7895,0.7212,0.1584,0.0663,0.0000,0.4954,0.2340,high,low,1
Lumen,0.7896,0.7210,0.1583,0.0666,0.0000,0.4954,0.2329,high,low,1
Lumen,0.7896,0.7209,0.1582,0.0668,0.0000,0.4954,0.2319,high,low,1
Lumen,0.7896,0.7208,0.1583,0.0670,0.0000,0.4954,0.2310,high,low,1
Lumen,0.7896,0.7207,0.1581,0.0672,0.0000,0.4954,0.2299,high,low,1
Lumen,0.7897,0.7206,0.1578,0.0674,0.0000,0.4954,0.2290,high,low,1
Lumen,0.7897,0.7205,0.1578,0.0675,0.0000,0.4954,0.2282,high,low,1
Lumen,0.7897,0.7204,0.1579,0.0677,0.0000,0.4954,0.2274,high,low,1
Lumen,0.7897,0.7203,0.1580,0.0679,0.0000,0.4955,0.2266,high,low,1
Lumen,0.7897,0.7202,0.1582,0.0680,0.0000,0.4955,0.2259,high,low,1
Lumen,0.7897,0.7200,0.1582,0.0682,0.0000,0.4955,0.2251,high,low,1
Lumen,0.7897,0.7199,0.1583,0.0684,0.0000,0.4955,0.2244,high,low,1
Lumen,0.7896,0.7198,0.1583,0.0685,0.0000,0.4955,0.2237,high,low,1
Lumen,0.7896,0.7197,0.1585,0.0686,0.0000,0.4955,0.2230,high,low,1
Lumen,0.7896,0.7196,0.1585,0.0688,0.0000,0.4955,0.2224,high,low,1
Lumen,0.7896,0.7195,0.1584,0.0689,0.0000,0.4955,0.2217,high,low,1
Lumen,0.7897,0.7195,0.1583,0.0690,0.0000,0.4955,0.2210,high,low,1
Lumen,0.7897,0.7194,0.1582,0.0692,0.0000,0.4955,0.2204,high,low,1
Lumen,0.7897,0.7193,0.1581,0.0693,0.0000,0.4955,0.2198,high,low,1
Lumen,0.7897,0.7193,0.1580,0.0694,0.0000,0.4955,0.2191,high,low,1
Lumen,0.7897,0.7192,0.1580,0.0695,0.0000,0.4955,0.2186,high,low,1
Lumen,0.7898,0.7192,0.1579,0.0696,0.0000,0.4955,0.2180,high,low,1
Lumen,0.7898,0.7192,0.1576,0.0697,0.0000,0.4955,0.2174,high,low,1
Lumen,0.7899,0.7191,0.1576,0.0698,0.0000,0.4955,0.2170,high,low,1
Lumen,0.7898,0.7190,0.1577,0.0699,0.0000,0.4955,0.2165,high,low,1
Lumen,0.7899,0.7190,0.1576,0.0700,0.0000,0.4955,0.2161,high,low,1
Lumen,0.7899,0.7189,0.1576,0.0701,0.0000,0.4955,0.2156,high,low,1
Lumen,0.7897,0.7187,0.1583,0.0702,0.1499,0.4955,0.2154,high,low,1
Lumen,0.7897,0.7187,0.1583,0.0703,0.0000,0.4955,0.2149,high,low,1
Lumen,0.7897,0.7186,0.1583,0.0704,0.0000,0.4955,0.2144,high,low,1
Lumen,0.7898,0.7186,0.1580,0.0704,0.0000,0.4955,0.2139,high,low,1
Lumen,0.7898,0.7185,0.1580,0.0705,0.0000,0.4955,0.2134,high,low,1
Lumen,0.7898,0.7185,0.1578,0.0706,0.0000,0.4955,0.2129,high,low,1
Lumen,0.7899,0.7185,0.1577,0.0707,0.0000,0.4955,0.2124,high,low,1
Lumen,0.7899,0.7185,0.1576,0.0708,0.0000,0.4955,0.2120,high,low,1
Lumen,0.7899,0.7184,0.1575,0.0708,0.0000,0.4955,0.2115,high,low,1
Lumen,0.7899,0.7184,0.1575,0.0709,0.0000,0.4955,0.2112,high,low,1
Lumen,0.7900,0.7184,0.1573,0.0710,0.0000,0.4955,0.2107,high,low,1
Lumen,0.7900,0.7183,0.1572,0.0710,0.0000,0.4955,0.2103,high,low,1
Lumen,0.7900,0.7183,0.1573,0.0711,0.1495,0.4955,0.2100,high,low,1
Lumen,0.7900,0.7182,0.1574,0.0712,0.0000,0.4955,0.2097,high,low,1
Lumen,0.7900,0.7182,0.1571,0.0712,0.0000,0.4955,0.2093,high,low,1
Lumen,0.7900,0.7182,0.1572,0.0713,0.0000,0.4955,0.2090,high,low,1
Lumen,0.7900,0.7181,0.1574,0.0714,0.0000,0.4955,0.2087,high,low,1
Lumen,0.7900,0.7181,0.1573,0.0714,0.0000,0.4955,0.2084,high,low,1
Lumen,0.7900,0.7180,0.1573,0.0715,0.0000,0.4955,0.2080,high,low,1
Lumen,0.7900,0.7180,0.1573,0.0715,0.0000,0.4955,0.2077,high,low,1
Lumen,0.7900,0.7179,0.1573,0.0716,0.0000,0.4955,0.2074,high,low,1
Lumen,0.7901,0.7180,0.1570,0.0716,0.0000,0.4955,0.2070,high,low,1
Lumen,0.7900,0.7179,0.1571,0.0717,0.0000,0.4956,0.2068,high,low,1
Lumen,0.7901,0.7179,0.1571,0.0717,0.0000,0.4956,0.2065,high,low,1
Lumen,0.7901,0.7178,0.1570,0.0718,0.0000,0.4956,0.2062,high,low,1
Lumen,0.7901,0.7178,0.1572,0.0718,0.1495,0.4956,0.2059,high,low,1
Lumen,0.7901,0.7178,0.1570,0.0719,0.0000,0.4956,0.2056,high,low,1
Lumen,0.7901,0.7177,0.1570,0.0719,0.0000,0.4956,0.2053,high,low,1
Lumen,0.7901,0.7177,0.1569,0.0720,0.0000,0.4956,0.2050,high,low,1
Lumen,0.7901,0.7177,0.1569,0.0720,0.0000,0.4956,0.2048,high,low,1
Lumen,0.7902,0.7177,0.1567,0.0721,0.0000,0.4956,0.2045,high,low,1
Lumen,0.7902,0.7177,0.1567,0.0721,0.0000,0.4956,0.2042,high,low,1
Lumen,0.7901,0.7176,0.1569,0.0722,0.1497,0.4956,0.2041,high,low,1
Lumen,0.7901,0.7175,0.1570,0.0722,0.0000,0.4956,0.2038,high,low,1
Lumen,0.7901,0.7175,0.1569,0.0722,0.0000,0.4956,0.2035,high,low,1
Lumen,0.7901,0.7175,0.1570,0.0723,0.0000,0.4956,0.2033,high,low,1
Lumen,0.7901,0.7174,0.1571,0.0723,0.0000,0.4956,0.2031,high,low,1
Lumen,0.7900,0.7173,0.1573,0.0724,0.0000,0.4956,0.2029,high,low,1
Lumen,0.7900,0.7173,0.1574,0.0724,0.0000,0.4956,0.2026,high,low,1
Lumen,0.7900,0.7172,0.1574,0.0724,0.0000,0.4956,0.2023,high,low,1
Lumen,0.7901,0.7172,0.1572,0.0725,0.0000,0.4956,0.2020,high,low,1
Lumen,0.7900,0.7171,0.1576,0.0725,0.0000,0.4956,0.2018,high,low,1
Lumen,0.7900,0.7171,0.1576,0.0725,0.0000,0.4956,0.2015,high,low,1
Lumen,0.7899,0.7170,0.1577,0.0726,0.0000,0.4956,0.2012,high,low,1
Lumen,0.7900,0.7170,0.1574,0.0726,0.0000,0.4956,0.2008,high,low,1
Lumen,0.7900,0.7170,0.1573,0.0727,0.0000,0.4956,0.2004,high,low,1
Lumen,0.7900,0.7170,0.1573,0.0727,0.0000,0.4956,0.2002,high,low,1
Lumen,0.7901,0.7170,0.1570,0.0727,0.0000,0.4956,0.1998,high,low,1
Lumen,0.7902,0.7170,0.1568,0.0728,0.0000,0.4956,0.1994,high,low,1
Lumen,0.7902,0.7170,0.1567,0.0728,0.0000,0.4956,0.1991,high,low,1
Lumen,0.7902,0.7169,0.1568,0.0729,0.0000,0.4956,0.1989,high,low,1
Lumen,0.7902,0.7169,0.1568,0.0729,0.0000,0.4956,0.1987,high,low,1
default,0.7466,0.7900,0.1391,-0.0421,0.2834,0.4790,0.5074,high,high,0
default,0.7476,0.7896,0.1313,-0.0424,0.3036,0.4788,0.4682,high,high,0
default,0.7486,0.7885,0.1249,-0.0425,0.3007,0.4788,0.4359,high,boundary,1
default,0.7493,0.7872,0.1194,-0.0425,0.2968,0.4787,0.4083,high,boundary,1
default,0.7549,0.7791,0.1087,-0.0425,0.3307,0.4787,0.3477,high,low,1
default,0.7569,0.7793,0.1075,-0.0383,0.2977,0.4809,0.3399,high,low,1
default,0.7594,0.7806,0.1070,-0.0347,0.3010,0.4827,0.3352,high,low,1
default,0.7604,0.7851,0.1096,-0.0317,0.3040,0.4842,0.3479,high,low,1
default,0.7630,0.7892,0.1113,-0.0306,0.2989,0.4847,0.3539,high,low,1
default,0.7658,0.7923,0.1125,-0.0303,0.2938,0.4848,0.3555,high,low,1
default,0.7682,0.7946,0.1115,-0.0303,0.2891,0.4849,0.3472,high,low,1
default,0.7704,0.7964,0.1110,-0.0302,0.2855,0.4849,0.3411,high,low,1
default,0.7722,0.7978,0.1107,-0.0300,0.2826,0.4850,0.3365,high,low,1
default,0.7737,0.7988,0.1105,-0.0298,0.2803,0.4851,0.3328,high,low,1
default,0.7750,0.7995,0.1096,-0.0296,0.2805,0.4852,0.3264,high,low,1
default,0.7754,0.7997,0.1095,-0.0294,0.2756,0.4853,0.3253,high,low,1
default,0.7764,0.8001,0.1075,-0.0290,0.2821,0.4855,0.3142,high,low,1
default,0.7770,0.8002,0.1056,-0.0286,0.2800,0.4857,0.3043,high,low,1
default,0.7773,0.8002,0.0995,-0.0286,0.2750,0.4857,0.2753,high,low,1
default,0.7790,0.8020,0.0685,-0.0282,0.3233,0.4859,0.1270,high,low,1
default,0.7914,0.8083,0.0796,-0.0278,0.3109,0.4861,0.1555,high,low,1
default,0.7918,0.8115,0.0883,-0.0256,0.2809,0.4872,0.1930,high,low,1
default,0.7889,0.8134,0.0931,-0.0249,0.2750,0.4875,0.2192,high,low,1
default,0.7884,0.8144,0.0969,-0.0259,0.2703,0.4870,0.2363,high,low,1
default,0.7889,0.8146,0.1007,-0.0271,0.2738,0.4864,0.2524,high,low,1
default,0.7898,0.8142,0.1052,-0.0279,0.2802,0.4860,0.2707,high,low,1
default,0.7901,0.8139,0.0992,-0.0280,0.2676,0.4860,0.2435,high,low,1
default,0.7923,0.8133,0.0886,-0.0280,0.2800,0.4860,0.1919,high,low,1
default,0.7903,0.8128,0.0916,-0.0272,0.2692,0.4864,0.2098,high,low,1
default,0.7890,0.8119,0.0967,-0.0271,0.2739,0.4865,0.2360,high,low,1
default,0.7882,0.8106,0.1042,-0.0271,0.2831,0.4865,0.2718,high,low,1
default,0.7882,0.8094,0.1080,-0.0270,0.2817,0.4865,0.2893,high,low,1
default,0.7863,0.8076,0.1107,-0.0266,0.2858,0.4867,0.3064,high,low,1
default,0.7848,0.8062,0.1138,-0.0263,0.2879,0.4869,0.3242,high,low,1
default,0.7831,0.8049,0.1151,-0.0261,0.2843,0.4869,0.3339,high,low,1
default,0.7901,0.8057,0.1066,-0.0261,0.2902,0.4869,0.2811,high,low,1
default,0.7872,0.8069,0.1024,-0.0243,0.2775,0.4879,0.2676,high,low,1
default,0.7831,0.8085,0.1422,-0.0241,0.3609,0.4879,0.4501,high,high,0
default,0.7792,0.8057,0.1619,-0.0258,0.3351,0.4871,0.5434,high,high,0
default,0.7754,0.7969,0.1959,-0.0274,0.3907,0.4863,0.6843,high,high,0
default,0.7682,0.7862,0.2249,-0.0271,0.4565,0.4865,0.7823,boundary,boundary,0
default,0.7561,0.7755,0.2393,-0.0258,0.5003,0.4871,0.8276,boundary,boundary,0
default,0.7432,0.7664,0.2455,-0.0252,0.5198,0.4874,0.8360,boundary,boundary,0
default,0.7317,0.7591,0.2480,-0.0261,0.5372,0.4870,0.8187,boundary,boundary,0
default,0.7222,0.7534,0.2472,-0.0280,0.5518,0.4860,0.7935,boundary,boundary,0
default,0.7221,0.7472,0.1152,-0.0306,0.4427,0.4847,0.3571,high,low,1
default,0.7253,0.7566,0.0574,-0.0307,0.4168,0.4846,0.0944,high,low,1
default,0.7325,0.7693,0.0324,-0.0328,0.3604,0.4836,0.0000,high,low,1
default,0.7449,0.7807,0.0389,-0.0360,0.3341,0.4820,0.0151,high,low,1
default,0.7094,0.7984,0.1858,-0.0094,0.2973,0.4953,0.7342,high,high,0
default,0.7121,0.7979,0.1820,-0.0118,0.2972,0.4941,0.7203,high,high,0
default,0.7146,0.7974,0.1785,-0.0141,0.3159,0.4929,0.7066,high,high,0
default,0.7171,0.7959,0.1762,-0.0163,0.3227,0.4919,0.6981,high,high,0
default,0.7194,0.7949,0.1741,-0.0183,0.3408,0.4909,0.6893,high,high,0
default,0.7390,0.7852,0.1583,-0.0366,0.4565,0.4817,0.6060,boundary,boundary,0
default,0.7396,0.7844,0.1575,-0.0370,0.3361,0.4815,0.6011,high,high,0
default,0.7510,0.7743,0.1382,-0.0407,0.3779,0.4797,0.4894,high,high,0
default,0.7508,0.7738,0.1376,-0.0403,0.2928,0.4799,0.4862,high,high,0
default,0.7504,0.7733,0.1370,-0.0399,0.2946,0.4801,0.4836,high,high,0
default,0.7500,0.7726,0.1365,-0.0393,0.2976,0.4804,0.4809,high,high,0
default,0.7497,0.7717,0.1358,-0.0384,0.3013,0.4808,0.4771,high,high,0
default,0.7496,0.7713,0.1358,-0.0380,0.3008,0.4810,0.4767,high,high,0
default,0.7487,0.7708,0.1400,-0.0344,0.3158,0.4828,0.4972,high,high,0
default,0.7268,0.7954,0.1618,-0.0267,0.2921,0.4867,0.6299,high,high,0
default,0.7287,0.7949,0.1595,-0.0281,0.2919,0.4860,0.6185,high,high,0
default,0.7305,0.7945,0.1574,-0.0294,0.3039,0.4853,0.6077,high,high,0
default,0.7327,0.7927,0.1565,-0.0310,0.3045,0.4845,0.6028,high,high,0
default,0.7371,0.7909,0.1546,-0.0337,0.3152,0.4831,0.5908,high,high,0
default,0.7029,0.7995,0.1961,-0.0030,0.2964,0.4985,0.7668,high,high,0
default,0.7058,0.7990,0.1922,-0.0058,0.2973,0.4971,0.7567,high,high,0
default,0.7088,0.7984,0.1884,-0.0087,0.3173,0.4957,0.7453,high,high,0
default,0.7116,0.7971,0.1857,-0.0112,0.3191,0.4944,0.7374,high,high,0
default,0.7365,0.7889,0.1591,-0.0346,0.4490,0.4827,0.6132,high,high,0
default,0.7377,0.7882,0.1581,-0.0353,0.3313,0.4824,0.6069,high,high,0
default,0.7457,0.7804,0.1516,-0.0411,0.3576,0.4795,0.5643,high,high,0
default,0.7457,0.7750,0.1482,-0.0404,0.3190,0.4798,0.5433,high,high,0
default,0.7468,0.7748,0.1446,-0.0401,0.3120,0.4799,0.5252,high,high,0
default,0.7468,0.7747,0.1424,-0.0399,0.3045,0.4801,0.5146,high,high,0
default,0.7101,0.7983,0.1791,-0.0101,0.2946,0.4950,0.7038,high,high,0
default,0.7363,0.7939,0.1280,-0.0340,0.2828,0.4830,0.4604,high,high,0
default,0.7406,0.7934,0.1220,-0.0362,0.3083,0.4819,0.4285,high,boundary,1
default,0.7441,0.7920,0.1197,-0.0379,0.3006,0.4810,0.4148,high,boundary,1
default,0.7484,0.7917,0.1173,-0.0394,0.3001,0.4803,0.3999,high,low,1
default,0.7084,0.7986,0.1817,-0.0083,0.2976,0.4958,0.7138,high,high,0
default,0.7359,0.7942,0.1255,-0.0333,0.2845,0.4834,0.4484,high,boundary,1
default,0.7539,0.7924,0.0989,-0.0425,0.3887,0.4788,0.3052,high,low,1
default,0.7606,0.7889,0.1010,-0.0423,0.3027,0.4788,0.3079,high,low,1
default,0.7609,0.7890,0.1017,-0.0420,0.2815,0.4790,0.3106,high,low,1
default,0.7654,0.7905,0.1112,-0.0390,0.3194,0.4805,0.3498,high,low,1
default,0.7296,0.7948,0.1413,-0.0300,0.2846,0.4850,0.5283,high,high,0
default,0.7424,0.7928,0.1215,-0.0382,0.2802,0.4809,0.4253,high,boundary,1
default,0.7563,0.7909,0.1056,-0.0438,0.3487,0.4781,0.3352,high,low,1
default,0.7569,0.7909,0.1061,-0.0436,0.2792,0.4782,0.3369,high,low,1
Vigil,0.7028,0.7995,0.1924,-0.0030,0.2891,0.4985,0.6491,high,high,0
Vigil,0.7072,0.7987,0.1795,-0.0075,0.2857,0.4962,0.5986,high,high,0
Vigil,0.7105,0.7982,0.1712,-0.0108,0.3159,0.4946,0.5624,high,high,0
Vigil,0.7145,0.7975,0.1633,-0.0140,0.3168,0.4930,0.5264,high,high,0
Vigil,0.7178,0.7979,0.1556,-0.0172,0.3150,0.4914,0.4878,high,high,0
Vigil,0.7420,0.8000,0.1235,-0.0372,0.4307,0.4814,0.3114,high,low,1
Vigil,0.7546,0.7997,0.1144,-0.0449,0.3367,0.4776,0.2515,high,low,1
Vigil,0.7554,0.7997,0.1141,-0.0451,0.2795,0.4775,0.2494,high,low,1
Vigil,0.7564,0.7996,0.1137,-0.0452,0.2802,0.4774,0.2459,high,low,1
Vigil,0.7664,0.7984,0.1210,-0.0461,0.3280,0.4769,0.2770,high,low,1
Vigil,0.7641,0.7931,0.1213,-0.0434,0.2994,0.4783,0.2836,high,low,1
default,0.7028,0.7995,0.1942,-0.0030,0.2895,0.4985,0.7586,high,high,0
default,0.7028,0.7995,0.1942,-0.0030,0.2895,0.4985,0.7586,high,high,0
default,0.7028,0.7995,0.1943,-0.0030,0.2895,0.4985,0.7589,high,high,0
default,0.7028,0.7995,0.1943,-0.0030,0.2895,0.4985,0.7589,high,high,0
default,0.7028,0.7995,0.1943,-0.0030,0.2895,0.4985,0.7589,high,high,0
default,0.7028,0.7995,0.1943,-0.0030,0.2895,0.4985,0.7589,high,high,0
Vigil,0.7028,0.7995,0.1943,-0.0030,0.2895,0.4985,0.6580,high,high,0
Vigil,0.7302,0.7945,0.1407,-0.0312,0.2790,0.4844,0.4132,high,boundary,1
Vigil,0.7335,0.7939,0.1363,-0.0333,0.3020,0.4833,0.3886,high,low,1
Vigil,0.7354,0.7938,0.1368,-0.0343,0.2928,0.4829,0.3919,high,low,1
Vigil,0.7481,0.7959,0.1659,-0.0428,0.4016,0.4786,0.5569,high,high,0
Vigil,0.7621,0.7886,0.2325,-0.0458,0.8447,0.4771,0.8460,low,low,0
Vigil,0.7473,0.7747,0.2568,-0.0413,0.6286,0.4794,0.8568,boundary,boundary,0
Vigil,0.7323,0.7600,0.2604,-0.0383,0.6138,0.4809,0.7889,boundary,boundary,0
Vigil,0.7253,0.7548,0.2599,-0.0373,0.5714,0.4814,0.7559,boundary,boundary,0
Vigil,0.7131,0.7465,0.2575,-0.0361,0.6070,0.4819,0.6939,boundary,boundary,0
default,0.7034,0.7995,0.2013,-0.0030,0.4206,0.4985,0.7898,high,high,0
default,0.7028,0.7995,0.1923,-0.0030,0.2891,0.4985,0.7506,high,high,0
default,0.7149,0.7974,0.1604,-0.0151,0.2893,0.4925,0.6188,high,high,0
default,0.7399,0.7943,0.1021,-0.0360,0.2750,0.4820,0.3312,high,low,1
default,0.7573,0.7945,0.0829,-0.0434,0.3575,0.4783,0.2242,high,low,1
default,0.7668,0.7880,0.1021,-0.0426,0.3573,0.4787,0.3044,high,low,1
default,0.7657,0.7841,0.1595,-0.0372,0.4457,0.4814,0.5696,high,high,0
default,0.7655,0.7837,0.1506,-0.0368,0.3049,0.4816,0.5303,high,high,0
default,0.7594,0.7779,0.0770,-0.0322,0.4190,0.4839,0.1899,high,low,1
default,0.7591,0.7783,0.0737,-0.0318,0.2783,0.4841,0.1740,high,low,1
default,0.7590,0.7787,0.0724,-0.0316,0.2742,0.4842,0.1683,high,low,1
default,0.7594,0.7835,0.0720,-0.0289,0.2859,0.4855,0.1674,high,low,1
default,0.7598,0.7839,0.0728,-0.0289,0.2792,0.4856,0.1710,high,low,1
default,0.7710,0.7841,0.1176,-0.0285,0.3839,0.4858,0.3696,high,low,1
default,0.7695,0.7832,0.1251,-0.0271,0.2982,0.4865,0.4064,high,boundary,1
default,0.7615,0.7800,0.1414,-0.0240,0.3445,0.4880,0.4936,high,high,0
default,0.7557,0.7765,0.1511,-0.0232,0.3289,0.4884,0.5455,high,high,0
default,0.7519,0.7732,0.1563,-0.0234,0.3201,0.4883,0.5716,high,high,0
default,0.7493,0.7731,0.1614,-0.0237,0.3251,0.4882,0.5986,high,high,0
default,0.7453,0.7724,0.1639,-0.0247,0.3316,0.4877,0.6142,high,high,0
default,0.7415,0.7715,0.1650,-0.0265,0.3449,0.4868,0.6226,high,high,0
default,0.7028,0.7995,0.1923,-0.0030,0.2891,0.4985,0.7506,high,high,0
Vigil,0.7028,0.7995,0.1942,-0.0030,0.2895,0.4985,0.6575,high,high,0
Vigil,0.7059,0.7989,0.1880,-0.0062,0.2895,0.4969,0.6383,high,high,0
Vigil,0.7087,0.7984,0.1828,-0.0090,0.3146,0.4955,0.6197,high,high,0
Vigil,0.7395,0.7871,0.1486,-0.0342,0.4393,0.4829,0.4613,high,high,0
Vigil,0.7466,0.7832,0.1499,-0.0394,0.3304,0.4803,0.4652,high,high,0
Vigil,0.7483,0.7792,0.1766,-0.0397,0.4190,0.4802,0.6151,high,high,0
Vigil,0.7515,0.7674,0.2372,-0.0381,0.8754,0.4809,0.8436,low,low,0
Vigil,0.7517,0.7665,0.2282,-0.0377,0.7378,0.4812,0.8243,low,low,0
Vigil,0.7324,0.7597,0.1775,-0.0317,0.5389,0.4841,0.5906,boundary,boundary,0
Vigil,0.7212,0.7582,0.1473,-0.0314,0.4381,0.4843,0.4163,high,boundary,1
Vigil,0.7180,0.7608,0.1325,-0.0342,0.3709,0.4829,0.3356,high,low,1
Vigil,0.7189,0.7643,0.1250,-0.0381,0.3360,0.4810,0.2989,high,low,1
Vigil,0.7203,0.7646,0.1242,-0.0385,0.3048,0.4808,0.2960,high,low,1
Vigil,0.7280,0.7671,0.1252,-0.0418,0.3261,0.4791,0.3093,high,low,1
Vigil,0.7301,0.7658,0.1426,-0.0426,0.3480,0.4787,0.4080,high,boundary,1
Vigil,0.7287,0.7624,0.1548,-0.0422,0.3803,0.4789,0.4708,high,high,0
Vigil,0.7257,0.7584,0.1657,-0.0413,0.4204,0.4794,0.5206,high,high,0
Vigil,0.7216,0.7543,0.1729,-0.0403,0.4337,0.4798,0.5440,high,high,0
Vigil,0.7172,0.7509,0.1753,-0.0396,0.4304,0.4802,0.5407,high,high,0
Vigil,0.7176,0.7509,0.1748,-0.0397,0.4032,0.4802,0.5390,high,high,0
Vigil,0.7171,0.7488,0.1750,-0.0394,0.4063,0.4803,0.5329,high,high,0
Vigil,0.7118,0.7476,0.1745,-0.0387,0.4197,0.4807,0.5184,high,high,0
Vigil,0.7086,0.7470,0.1723,-0.0395,0.4185,0.4803,0.5002,high,high,0
Vigil,0.7073,0.7466,0.1710,-0.0409,0.4139,0.4796,0.4904,high,high,0
Vigil,0.7068,0.7463,0.1686,-0.0423,0.4117,0.4789,0.4775,high,high,0
Vigil,0.7071,0.7461,0.1678,-0.0434,0.4061,0.4783,0.4734,high,high,0
Vigil,0.7078,0.7462,0.1676,-0.0435,0.4008,0.4783,0.4740,high,high,0
Vigil,0.7120,0.7458,0.1670,-0.0440,0.4028,0.4780,0.4777,high,high,0
Vigil,0.7102,0.7459,0.1667,-0.0429,0.3975,0.4785,0.4731,high,high,0
Vigil,0.7094,0.7468,0.1648,-0.0428,0.3944,0.4786,0.4653,high,high,0
Vigil,0.7096,0.7478,0.1641,-0.0432,0.3887,0.4784,0.4647,high,high,0
Vigil,0.7101,0.7485,0.1637,-0.0438,0.3866,0.4781,0.4657,high,high,0
Vigil,0.7106,0.7491,0.1635,-0.0444,0.3843,0.4778,0.4671,high,high,0
Vigil,0.7185,0.7454,0.1627,-0.0448,0.3990,0.4776,0.4645,high,high,0
Vigil,0.7178,0.7474,0.1630,-0.0415,0.3791,0.4792,0.4706,high,high,0
Vigil,0.7147,0.7500,0.1632,-0.0400,0.3801,0.4800,0.4746,high,high,0
Vigil,0.7143,0.7522,0.1633,-0.0406,0.3696,0.4797,0.4797,high,high,0
Vigil,0.7155,0.7571,0.1633,-0.0419,0.3705,0.4790,0.4933,high,high,0
Vigil,0.7182,0.7604,0.1633,-0.0441,0.3658,0.4780,0.5040,high,high,0
Vigil,0.7208,0.7622,0.1634,-0.0459,0.3583,0.4771,0.5111,high,high,0
Vigil,0.7548,0.7731,0.1311,-0.0362,0.3105,0.4819,0.3435,high,low,1
Vigil,0.7560,0.7787,0.1215,-0.0355,0.2852,0.4823,0.2908,high,low,1
Vigil,0.7302,0.7880,0.1792,-0.0312,0.0000,0.4819,0.6388,high,high,0
Vigil,0.7272,0.8032,0.2033,-0.0514,0.0000,0.4812,0.7612,high,high,0
Vigil,0.7308,0.8243,0.2367,-0.0682,0.0000,0.4804,0.7918,high,high,0
Vigil,0.7327,0.8357,0.2606,-0.0804,0.0000,0.4797,0.7040,boundary,boundary,0
Vigil,0.7337,0.8419,0.2794,-0.0888,0.0000,0.4798,0.6165,boundary,boundary,0
Vigil,0.7299,0.8436,0.3205,-0.0950,0.0000,0.4804,0.4319,boundary,boundary,0
Vigil,0.7282,0.8417,0.3259,-0.0987,0.0000,0.4807,0.4106,boundary,boundary,0
Vigil,0.7274,0.8408,0.3210,-0.1009,0.0000,0.4810,0.4369,boundary,boundary,0
Vigil,0.7271,0.8405,0.3216,-0.1022,0.0000,0.4810,0.4347,boundary,boundary,0
Vigil,0.7270,0.8405,0.3211,-0.1033,0.0000,0.4809,0.4373,boundary,boundary,0
Vigil,0.7270,0.8405,0.3152,-0.1043,0.1500,0.4807,0.4659,boundary,boundary,0
Vigil,0.7271,0.8407,0.3048,-0.1052,0.1500,0.4804,0.5141,boundary,boundary,0
Vigil,0.7272,0.8410,0.2954,-0.1061,0.0000,0.4801,0.5548,boundary,boundary,0
Vigil,0.7274,0.8413,0.2869,-0.1069,0.0000,0.4798,0.5882,boundary,boundary,0
Vigil,0.7276,0.8416,0.2793,-0.1076,0.0000,0.4795,0.6151,boundary,boundary,0
Vigil,0.7685,0.7956,0.1330,-0.0411,0.2620,0.4795,0.3424,high,low,1
Vigil,0.7722,0.7966,0.1327,-0.0409,0.2674,0.4796,0.3341,high,low,1
Vigil,0.7725,0.7962,0.1323,-0.0409,0.2588,0.4796,0.3316,high,low,1
Vigil,0.7795,0.7967,0.1313,-0.0392,0.2743,0.4804,0.3123,high,low,1
Vigil,0.7790,0.7980,0.1323,-0.0372,0.2625,0.4814,0.3180,high,low,1
Vigil,0.7363,0.8104,0.2209,-0.0449,0.1500,0.4818,0.8327,high,high,0
Vigil,0.7336,0.8268,0.2395,-0.0667,0.1500,0.4816,0.7806,high,high,0
Vigil,0.7324,0.8354,0.2616,-0.0812,0.1500,0.4812,0.7027,boundary,boundary,0
Vigil,0.7318,0.8402,0.2722,-0.0907,0.1500,0.4808,0.6483,boundary,boundary,0
Vigil,0.7315,0.8429,0.2776,-0.0970,0.1500,0.4804,0.6172,boundary,boundary,0
Vigil,0.7313,0.8445,0.2712,-0.1010,0.1497,0.4800,0.6290,boundary,boundary,0
Vigil,0.7312,0.8454,0.2752,-0.1037,0.0000,0.4797,0.6125,boundary,boundary,0
Vigil,0.7311,0.8459,0.2838,-0.1053,0.0000,0.4794,0.5814,boundary,boundary,0
Vigil,0.7317,0.8466,0.2889,-0.1063,0.0000,0.4792,0.5598,boundary,boundary,0
Vigil,0.7321,0.8474,0.2933,-0.1072,0.0000,0.4791,0.5395,boundary,boundary,0
Vigil,0.7325,0.8482,0.2923,-0.1080,0.0000,0.4789,0.5403,boundary,boundary,0
Vigil,0.7329,0.8489,0.2914,-0.1088,0.0000,0.4788,0.5406,boundary,boundary,0
Vigil,0.7332,0.8495,0.2907,-0.1096,0.0000,0.4787,0.5405,boundary,boundary,0
Vigil,0.7334,0.8502,0.2901,-0.1103,0.0000,0.4787,0.5401,boundary,boundary,0
Vigil,0.7733,0.8003,0.1374,-0.0428,0.2593,0.4786,0.3565,high,low,1
Vigil,0.7737,0.7998,0.1367,-0.0429,0.2590,0.4786,0.3523,high,low,1
Vigil,0.7740,0.7993,0.1360,-0.0429,0.2586,0.4786,0.3483,high,low,1
Vigil,0.7765,0.8000,0.1356,-0.0419,0.2638,0.4790,0.3403,high,low,1
Vigil,0.7314,0.8188,0.2517,-0.0634,0.0000,0.4794,0.8133,boundary,boundary,0
Vigil,0.7331,0.8357,0.2690,-0.0811,0.1500,0.4794,0.6807,boundary,boundary,0
default,0.7304,0.7948,0.1566,-0.0300,0.2922,0.4850,0.6038,high,high,0
default,0.7321,0.7944,0.1548,-0.0312,0.2902,0.4844,0.5945,high,high,0
default,0.7293,0.7948,0.2167,-0.0300,0.3144,0.4850,0.9010,high,high,0
default,0.7307,0.7938,0.2176,-0.0312,0.3229,0.4844,0.9047,high,high,0
default,0.7320,0.7927,0.2184,-0.0323,0.3648,0.4838,0.9064,high,high,0
default,0.7321,0.7899,0.2199,-0.0333,0.3957,0.4833,0.9117,high,high,0
default,0.7320,0.7829,0.2269,-0.0371,0.4643,0.4815,0.9245,boundary,boundary,0
default,0.7318,0.7813,0.2288,-0.0376,0.4655,0.4812,0.9244,boundary,boundary,0
default,0.7029,0.7995,0.1894,-0.0030,0.2938,0.4985,0.7381,high,high,0
default,0.7297,0.7948,0.1719,-0.0300,0.2929,0.4850,0.6797,high,high,0
default,0.7463,0.7888,0.1589,-0.0420,0.2905,0.4790,0.6030,high,high,0
default,0.7547,0.7833,0.1514,-0.0443,0.3390,0.4779,0.5534,high,high,0
default,0.7528,0.7722,0.1606,-0.0407,0.3478,0.4797,0.5884,high,high,0
default,0.7491,0.7688,0.1689,-0.0353,0.3475,0.4824,0.6266,high,high,0
default,0.7489,0.7686,0.1598,-0.0350,0.3119,0.4825,0.5858,high,high,0
default,0.7029,0.7995,0.1944,-0.0029,0.2715,0.4985,0.7595,high,high,0
default,0.7057,0.7990,0.1891,-0.0057,0.2712,0.4972,0.7426,high,high,0
default,0.3415,0.7899,0.2829,-0.3518,0.2413,0.4959,0.0000,low,low,0
default,0.5195,0.7997,0.3785,-0.3196,0.1899,0.4946,0.0000,low,low,0
default,0.6037,0.8037,0.3859,-0.2717,0.1286,0.4935,0.0402,boundary,low,1
default,0.6466,0.8056,0.3770,-0.2323,0.1194,0.4924,0.1963,boundary,low,1
default,0.6698,0.8066,0.3877,-0.2036,0.1626,0.4914,0.1969,boundary,low,1
default,0.6831,0.8070,0.3983,-0.1837,0.1579,0.4905,0.1669,boundary,low,1
default,0.6910,0.8072,0.3971,-0.1702,0.1547,0.4896,0.1817,boundary,low,1
default,0.6964,0.8078,0.3967,-0.1614,0.1527,0.4888,0.1886,boundary,low,1
default,0.6997,0.8082,0.3929,-0.1561,0.1514,0.4880,0.2101,boundary,low,1
default,0.7011,0.8077,0.3894,-0.1511,0.1503,0.4873,0.2285,boundary,low,1
default,0.7023,0.8073,0.3815,-0.1465,0.1500,0.4867,0.2677,boundary,low,1
default,0.7032,0.8069,0.3747,-0.1422,0.1500,0.4861,0.3016,boundary,low,1
default,0.7053,0.8074,0.3646,-0.1382,0.1500,0.4855,0.3526,boundary,low,1
default,0.7058,0.8070,0.3554,-0.1345,0.1500,0.4835,0.3975,boundary,low,1
default,0.7030,0.7995,0.1961,-0.0029,0.2768,0.4985,0.7671,high,high,0
default,0.7067,0.7990,0.1950,-0.0056,0.5034,0.4972,0.7711,boundary,boundary,0
default,0.7092,0.7984,0.1919,-0.0082,0.2857,0.4959,0.7621,high,high,0
default,0.7332,0.7861,0.1769,-0.0249,0.4013,0.4875,0.7010,high,high,0
default,0.7203,0.7965,0.1625,-0.0188,0.2640,0.4906,0.6322,high,high,0
default,0.7224,0.7961,0.1588,-0.0206,0.2638,0.4897,0.6147,high,high,0
default,0.3415,0.7933,0.2810,-0.3535,0.2417,0.4889,0.0000,low,low,0
default,0.7248,0.7957,0.1561,-0.0223,0.2639,0.4889,0.6020,high,high,0
default,0.7268,0.7954,0.1529,-0.0238,0.2638,0.4881,0.5861,high,high,0
default,0.7315,0.7946,0.1462,-0.0271,0.2935,0.4864,0.5520,high,high,0
default,0.5576,0.7825,0.3079,-0.2375,0.1706,0.4852,0.0901,boundary,low,1
default,0.7370,0.7940,0.1408,-0.0307,0.2808,0.4847,0.5232,high,high,0
default,0.7388,0.7938,0.1390,-0.0316,0.2825,0.4842,0.5132,high,high,0
default,0.7405,0.7935,0.1372,-0.0324,0.2807,0.4838,0.5034,high,high,0
default,0.7454,0.7931,0.1355,-0.0343,0.2886,0.4829,0.4912,high,high,0
default,0.7468,0.7928,0.1338,-0.0348,0.2779,0.4826,0.4814,high,high,0
default,0.7480,0.7926,0.1325,-0.0353,0.2719,0.4823,0.4740,high,high,0
default,0.7551,0.7940,0.1303,-0.0369,0.2884,0.4816,0.4552,high,high,0
default,0.7562,0.7938,0.1286,-0.0371,0.2735,0.4814,0.4459,high,boundary,1
default,0.7611,0.7947,0.1257,-0.0375,0.2830,0.4812,0.4249,high,boundary,1
default,0.7620,0.7944,0.1243,-0.0376,0.2676,0.4812,0.4173,high,boundary,1
default,0.7629,0.7947,0.1236,-0.0376,0.2658,0.4812,0.4125,high,boundary,1
default,0.7041,0.7993,0.1941,-0.0039,0.2774,0.4980,0.7611,high,high,0
default,0.7068,0.7988,0.1903,-0.0066,0.2729,0.4967,0.7503,high,high,0
default,0.7098,0.7982,0.1858,-0.0094,0.2920,0.4953,0.7348,high,high,0
default,0.7030,0.7995,0.1963,-0.0029,0.2766,0.4985,0.7679,high,high,0
default,0.7244,0.7956,0.1581,-0.0223,0.2623,0.4888,0.6117,high,high,0
default,0.7264,0.7953,0.1550,-0.0238,0.2623,0.4881,0.5966,high,high,0
default,0.3416,0.7962,0.2796,-0.3570,0.2425,0.4874,0.0000,low,low,0
default,0.5183,0.8039,0.3734,-0.3248,0.1911,0.4867,0.0000,low,low,0
default,0.7029,0.7995,0.1947,-0.0029,0.2716,0.4985,0.7609,high,high,0
default,0.7266,0.7953,0.1546,-0.0238,0.2626,0.4881,0.5945,high,high,0
default,0.3415,0.7899,0.2829,-0.3518,0.2413,0.4830,0.0000,low,low,0
default,0.7039,0.7993,0.1928,-0.0039,0.2719,0.4981,0.7551,high,high,0
default,0.7104,0.7982,0.1813,-0.0101,0.2691,0.4949,0.7148,high,high,0
default,0.3415,0.7850,0.2855,-0.3482,0.2405,0.4863,0.0000,low,low,0
default,0.5177,0.7962,0.3805,-0.3169,0.1893,0.4854,0.0000,low,low,0
default,0.6078,0.8130,0.3840,-0.2722,0.1288,0.4819,0.0564,boundary,low,1
default,0.6530,0.8212,0.3743,-0.2358,0.0000,0.4811,0.2136,boundary,low,1
default,0.6780,0.8267,0.3824,-0.2097,0.0000,0.4807,0.2200,boundary,low,1
default,0.6914,0.8290,0.3952,-0.1917,0.0000,0.4806,0.1751,boundary,low,1
default,0.6993,0.8305,0.3957,-0.1796,0.0070,0.4805,0.1785,boundary,low,1
default,0.7043,0.8316,0.3977,-0.1717,0.0051,0.4805,0.1715,boundary,low,1
default,0.7072,0.8323,0.3958,-0.1671,0.0040,0.4805,0.1814,boundary,low,1
default,0.7099,0.8333,0.3881,-0.1627,0.0030,0.4805,0.2185,boundary,low,1
default,0.7123,0.8344,0.3768,-0.1586,0.0020,0.4807,0.2719,boundary,low,1
default,0.7141,0.8353,0.3685,-0.1549,0.0012,0.4808,0.3107,boundary,low,1
default,0.7156,0.8362,0.3614,-0.1515,0.0003,0.4809,0.3434,boundary,low,1
default,0.7165,0.8367,0.3525,-0.1483,0.0000,0.4810,0.3842,boundary,low,1
default,0.7171,0.8369,0.3415,-0.1455,0.0000,0.4811,0.4344,boundary,boundary,0
default,0.7184,0.8378,0.3283,-0.1429,0.0000,0.4815,0.4929,boundary,boundary,0
default,0.7196,0.8386,0.3123,-0.1405,0.0000,0.4818,0.5608,boundary,boundary,0
default,0.7201,0.8389,0.3014,-0.1383,0.0000,0.4820,0.6056,boundary,boundary,0
default,0.7207,0.8394,0.2910,-0.1364,0.0000,0.4820,0.6450,boundary,boundary,0
default,0.7250,0.7958,0.1553,-0.0222,0.2647,0.4889,0.5978,high,high,0
default,0.7366,0.7940,0.1370,-0.0301,0.2602,0.4850,0.5051,high,high,0
default,0.3414,0.7586,0.2995,-0.3281,0.2358,0.4818,0.0000,low,low,0
default,0.5121,0.7783,0.3997,-0.3002,0.1853,0.4817,0.0000,low,low,0
default,0.5928,0.7864,0.4072,-0.2576,0.0000,0.4811,0.0000,boundary,low,1
default,0.6416,0.8037,0.3934,-0.2241,0.1174,0.4811,0.1142,boundary,low,1
default,0.6687,0.8144,0.3984,-0.2006,0.0000,0.4812,0.1413,boundary,low,1
default,0.6832,0.8197,0.4109,-0.1846,0.0000,0.4812,0.0995,boundary,low,1
default,0.6918,0.8230,0.4113,-0.1739,0.0000,0.4816,0.1046,boundary,low,1
default,0.7679,0.7965,0.1231,-0.0368,0.2637,0.4816,0.4021,high,boundary,1
default,0.7686,0.7963,0.1220,-0.0367,0.2659,0.4817,0.3958,high,low,1
default,0.7692,0.7961,0.1212,-0.0366,0.2616,0.4817,0.3910,high,low,1
default,0.7698,0.7959,0.1204,-0.0365,0.2617,0.4818,0.3860,high,low,1
default,0.7748,0.7987,0.1213,-0.0346,0.2788,0.4827,0.3805,high,low,1
default,0.7250,0.7958,0.1553,-0.0222,0.2647,0.4889,0.5978,high,high,0
default,0.7422,0.7932,0.1287,-0.0332,0.2577,0.4834,0.4608,high,high,0
default,0.3414,0.7745,0.2904,-0.3360,0.2377,0.4823,0.0000,low,low,0
default,0.7618,0.7915,0.1449,-0.0367,0.3362,0.4816,0.5137,high,high,0
default,0.7643,0.7875,0.1442,-0.0348,0.2836,0.4826,0.5053,high,high,0
default,0.7181,0.7758,0.4857,-0.0267,0.1500,0.4836,0.0000,boundary,low,1
default,0.7032,0.7950,0.5120,-0.0560,0.1548,0.4837,0.0000,boundary,low,1
default,0.6988,0.8050,0.5223,-0.0761,0.1589,0.4838,0.0000,boundary,low,1
default,0.6989,0.8116,0.5075,-0.0889,0.1530,0.4839,0.0000,boundary,low,1
default,0.7000,0.8159,0.5007,-0.0970,0.1503,0.4839,0.0000,boundary,low,1
default,0.7028,0.7995,0.1952,-0.0029,0.2681,0.4985,0.7629,high,high,0
default,0.7257,0.7950,0.1591,-0.0239,0.2603,0.4880,0.6169,high,high,0
default,0.3419,0.8330,0.2604,-0.3871,0.2493,0.4829,0.0000,low,low,0
default,0.5235,0.8284,0.3482,-0.3501,0.1971,0.4810,0.0000,low,low,0
default,0.6137,0.8365,0.3516,-0.2992,0.1351,0.4804,0.1735,boundary,low,1
default,0.6597,0.8407,0.3407,-0.2578,0.0000,0.4804,0.3429,boundary,low,1
default,0.6846,0.8437,0.3505,-0.2282,0.0184,0.4809,0.3480,boundary,low,1
default,0.6988,0.8454,0.3612,-0.2078,0.0136,0.4814,0.3164,boundary,low,1
default,0.7072,0.8466,0.3604,-0.1941,0.0104,0.4819,0.3246,boundary,low,1
default,0.7123,0.8474,0.3627,-0.1853,0.0083,0.4823,0.3155,boundary,low,1
default,0.7152,0.8479,0.3658,-0.1800,0.0071,0.4826,0.3021,boundary,low,1
default,0.7177,0.8486,0.3636,-0.1751,0.0059,0.4828,0.3115,boundary,low,1
default,0.7199,0.8494,0.3617,-0.1706,0.0048,0.4830,0.3194,boundary,low,1
default,0.7219,0.8501,0.3599,-0.1663,0.0038,0.4830,0.3259,boundary,low,1
default,0.7236,0.8508,0.3584,-0.1624,0.0029,0.4831,0.3315,boundary,low,1
default,0.7251,0.8514,0.3525,-0.1588,0.0021,0.4831,0.3570,boundary,low,1
default,0.7264,0.8520,0.3427,-0.1555,0.0013,0.4831,0.3987,boundary,low,1
default,0.7276,0.8525,0.3343,-0.1524,0.0006,0.4832,0.4333,boundary,boundary,0
default,0.7287,0.8529,0.3225,-0.1496,0.0000,0.4832,0.4811,boundary,boundary,0
default,0.7296,0.8533,0.3078,-0.1470,0.0000,0.4832,0.5377,boundary,boundary,0
default,0.7305,0.8537,0.2953,-0.1446,0.0000,0.4833,0.5819,boundary,boundary,0
default,0.7312,0.8540,0.2800,-0.1424,0.0000,0.4833,0.6293,boundary,boundary,0
default,0.7319,0.8543,0.2670,-0.1404,0.0000,0.4833,0.6612,boundary,boundary,0
default,0.7324,0.8546,0.2559,-0.1386,0.0000,0.4833,0.6804,boundary,boundary,0
default,0.7329,0.8549,0.2465,-0.1369,0.0000,0.4834,0.6897,high,high,0
default,0.7334,0.8551,0.2431,-0.1354,0.0000,0.4834,0.6904,high,high,0
default,0.7338,0.8554,0.2403,-0.1340,0.0000,0.4834,0.6902,high,high,0
default,0.7341,0.8556,0.2378,-0.1328,0.0000,0.4834,0.6893,high,high,0
default,0.7344,0.8558,0.2358,-0.1316,0.0000,0.4835,0.6881,high,high,0
default,0.7347,0.8560,0.2340,-0.1306,0.0000,0.4835,0.6867,high,high,0
default,0.7350,0.8562,0.2325,-0.1297,0.0000,0.4835,0.6853,high,high,0
default,0.7352,0.8564,0.2312,-0.1288,0.0000,0.4836,0.6839,high,high,0
default,0.7331,0.8550,0.2392,-0.1281,0.1500,0.4837,0.6924,high,high,0
default,0.7330,0.8552,0.2427,-0.1275,0.0000,0.4837,0.6905,high,high,0
default,0.7328,0.8553,0.2399,-0.1270,0.1499,0.4836,0.6910,high,high,0
default,0.7327,0.8554,0.2421,-0.1266,0.1500,0.4835,0.6897,high,high,0
default,0.7327,0.8555,0.2488,-0.1262,0.1500,0.4833,0.6845,high,high,0
default,0.7326,0.8556,0.2544,-0.1259,0.1498,0.4833,0.6775,boundary,boundary,0
default,0.7302,0.8542,0.2677,-0.1257,0.1500,0.4833,0.6604,boundary,boundary,0
default,0.7299,0.8543,0.2710,-0.1256,0.0000,0.4832,0.6523,boundary,boundary,0
default,0.7295,0.8544,0.2733,-0.1255,0.0000,0.4831,0.6464,boundary,boundary,0
default,0.7293,0.8544,0.2752,-0.1255,0.1499,0.4829,0.6412,boundary,boundary,0
default,0.7290,0.8545,0.2769,-0.1255,0.1499,0.4827,0.6366,boundary,boundary,0
default,0.7288,0.8545,0.2783,-0.1255,0.1499,0.4825,0.6326,boundary,boundary,0
default,0.7286,0.8546,0.2748,-0.1256,0.0000,0.4824,0.6420,boundary,boundary,0
default,0.7284,0.8546,0.2672,-0.1256,0.0000,0.4823,0.6605,boundary,boundary,0
default,0.7282,0.8546,0.2607,-0.1257,0.0000,0.4822,0.6736,boundary,boundary,0
default,0.7280,0.8546,0.2552,-0.1258,0.0000,0.4822,0.6826,boundary,boundary,0
default,0.7279,0.8546,0.2505,-0.1259,0.0000,0.4821,0.6885,boundary,boundary,0
default,0.7278,0.8546,0.2465,-0.1260,0.0000,0.4821,0.6923,high,high,0
default,0.7276,0.8547,0.2478,-0.1261,0.0000,0.4820,0.6911,high,high,0
default,0.7275,0.8547,0.2443,-0.1262,0.0000,0.4820,0.6938,high,high,0
default,0.7280,0.8548,0.2412,-0.1263,0.0000,0.4820,0.6947,high,high,0
default,0.7284,0.8549,0.2386,-0.1263,0.0000,0.4820,0.6947,high,high,0
default,0.7288,0.8551,0.2364,-0.1263,0.0000,0.4820,0.6941,high,high,0
default,0.7291,0.8552,0.2346,-0.1263,0.0000,0.4821,0.6933,high,high,0
default,0.7294,0.8553,0.2330,-0.1262,0.0000,0.4821,0.6922,high,high,0
default,0.7296,0.8555,0.2316,-0.1262,0.0000,0.4821,0.6912,high,high,0
default,0.7304,0.8556,0.2305,-0.1261,0.0000,0.4821,0.6896,high,high,0
default,0.7311,0.8558,0.2248,-0.1260,0.0000,0.4822,0.6844,high,high,0
default,0.7317,0.8560,0.2201,-0.1258,0.0000,0.4822,0.6781,high,high,0
default,0.7323,0.8562,0.2160,-0.1256,0.0000,0.4822,0.6714,high,high,0
default,0.7327,0.8564,0.2125,-0.1254,0.0000,0.4823,0.6647,high,high,0
default,0.7331,0.8565,0.2096,-0.1252,0.0000,0.4823,0.6584,high,high,0
default,0.7335,0.8567,0.2071,-0.1250,0.0000,0.4823,0.6525,high,high,0
default,0.7338,0.8568,0.2049,-0.1248,0.0000,0.4823,0.6472,high,high,0
default,0.7341,0.8569,0.2031,-0.1246,0.0000,0.4824,0.6425,high,high,0
default,0.7344,0.8571,0.2016,-0.1244,0.0000,0.4824,0.6383,high,high,0
default,0.7346,0.8572,0.2003,-0.1242,0.0000,0.4824,0.6346,high,high,0
default,0.7924,0.8093,0.1070,-0.0336,0.2917,0.4832,0.2759,high,low,1
default,0.7923,0.8075,0.1006,-0.0308,0.2595,0.4846,0.2490,high,low,1
default,0.7425,0.7785,0.1877,-0.0151,0.0000,0.4856,0.7355,high,high,0
default,0.7892,0.8069,0.0962,-0.0287,0.2386,0.4856,0.2358,high,low,1
default,0.7245,0.7957,0.1575,-0.0223,0.2627,0.4889,0.6088,high,high,0
default,0.7417,0.7929,0.1302,-0.0333,0.2586,0.4834,0.4684,high,high,0
default,0.7245,0.7957,0.1575,-0.0223,0.2627,0.4889,0.6088,high,high,0
default,0.7411,0.7927,0.1330,-0.0334,0.2562,0.4833,0.4825,high,high,0
default,0.3415,0.7952,0.2800,-0.3555,0.2422,0.4828,0.0000,low,low,0
default,0.5175,0.8033,0.3740,-0.3241,0.1910,0.4824,0.0000,low,low,0
default,0.6070,0.8199,0.3804,-0.2796,0.1301,0.4808,0.0639,boundary,low,1
default,0.6530,0.8291,0.3693,-0.2434,0.0000,0.4804,0.2269,boundary,low,1
default,0.6780,0.8344,0.3789,-0.2173,0.0000,0.4807,0.2269,boundary,low,1
default,0.6899,0.8351,0.3988,-0.1993,0.0000,0.4808,0.1496,boundary,low,1
default,0.6987,0.8372,0.3959,-0.1871,0.0087,0.4808,0.1688,boundary,low,1
default,0.7040,0.8384,0.3968,-0.1792,0.0069,0.4809,0.1670,boundary,low,1
default,0.7071,0.8391,0.3988,-0.1745,0.0058,0.4809,0.1583,boundary,low,1
default,0.7097,0.8399,0.4004,-0.1701,0.0047,0.4810,0.1513,boundary,low,1
default,0.7114,0.8401,0.4048,-0.1659,0.0038,0.4811,0.1310,boundary,low,1
default,0.7135,0.8408,0.4098,-0.1621,0.0028,0.4811,0.1069,boundary,low,1
default,0.7147,0.8410,0.4172,-0.1585,0.0020,0.4816,0.0716,boundary,low,1
default,0.7160,0.8413,0.4178,-0.1552,0.0012,0.4817,0.0691,boundary,low,1
default,0.7167,0.8411,0.4204,-0.1521,0.0005,0.4817,0.0566,boundary,low,1
default,0.7177,0.8414,0.4250,-0.1493,0.0000,0.4822,0.0345,boundary,low,1
default,0.7136,0.7976,0.1757,-0.0131,0.2672,0.4935,0.6919,high,high,0
default,0.7237,0.7958,0.1586,-0.0215,0.2655,0.4893,0.6142,high,high,0
default,0.3415,0.7771,0.2899,-0.3429,0.2392,0.4858,0.0000,low,low,0
default,0.5159,0.7909,0.3881,-0.3124,0.1882,0.4821,0.0000,low,low,0
default,0.6042,0.8086,0.3995,-0.2692,0.1280,0.4807,0.0000,boundary,low,1
default,0.6508,0.8197,0.3853,-0.2341,0.0000,0.4806,0.1625,boundary,low,1
default,0.6768,0.8268,0.3905,-0.2088,0.0000,0.4810,0.1810,boundary,low,1
default,0.6910,0.8303,0.4002,-0.1914,0.0000,0.4810,0.1495,boundary,low,1
default,0.6989,0.8320,0.4011,-0.1798,0.0000,0.4816,0.1505,boundary,low,1
default,0.7036,0.8330,0.4035,-0.1722,0.0052,0.4822,0.1415,boundary,low,1
default,0.7069,0.8341,0.4038,-0.1677,0.0042,0.4826,0.1411,boundary,low,1
default,0.7095,0.8350,0.4050,-0.1635,0.0032,0.4826,0.1353,boundary,low,1
default,0.7115,0.8357,0.4029,-0.1596,0.0023,0.4830,0.1456,boundary,low,1
default,0.7132,0.8365,0.4007,-0.1559,0.0014,0.4830,0.1558,boundary,low,1
default,0.7147,0.8372,0.3988,-0.1526,0.0006,0.4830,0.1646,boundary,low,1
default,0.7160,0.8379,0.3925,-0.1495,0.0000,0.4832,0.1942,boundary,low,1
default,0.7170,0.8383,0.3836,-0.1467,0.0000,0.4833,0.2362,boundary,low,1
default,0.7176,0.8384,0.3773,-0.1441,0.0000,0.4833,0.2659,boundary,low,1
default,0.7182,0.8386,0.3672,-0.1417,0.0000,0.4833,0.3130,boundary,low,1
default,0.7187,0.8387,0.3540,-0.1396,0.0000,0.4834,0.3745,boundary,low,1
default,0.7202,0.8396,0.3329,-0.1376,0.0000,0.4835,0.4688,boundary,boundary,0
default,0.7215,0.8405,0.3151,-0.1357,0.0000,0.4835,0.5451,boundary,boundary,0
default,0.7224,0.8411,0.3011,-0.1340,0.0000,0.4835,0.6014,boundary,boundary,0
default,0.7228,0.8413,0.2908,-0.1324,0.0000,0.4835,0.6405,boundary,boundary,0
default,0.7237,0.8419,0.2797,-0.1310,0.0000,0.4835,0.6773,boundary,boundary,0
default,0.7246,0.8426,0.2698,-0.1297,0.0000,0.4835,0.7053,boundary,boundary,0
default,0.7177,0.7970,0.1677,-0.0164,0.2678,0.4918,0.6565,high,high,0
default,0.7253,0.7958,0.1543,-0.0222,0.2657,0.4889,0.5928,high,high,0
default,0.7030,0.7995,0.1944,-0.0029,0.2742,0.4985,0.7598,high,high,0
default,0.7068,0.7988,0.1874,-0.0065,0.2735,0.4967,0.7372,high,high,0
default,0.3414,0.7701,0.2929,-0.3338,0.2372,0.4953,0.0000,low,low,0
default,0.5175,0.7869,0.3895,-0.3049,0.1864,0.4919,0.0000,low,low,0
default,0.6065,0.8069,0.4003,-0.2631,0.1266,0.4909,0.0000,boundary,low,1
default,0.6519,0.8175,0.3927,-0.2290,0.1185,0.4887,0.1338,boundary,low,1
default,0.6779,0.8248,0.3979,-0.2044,0.1128,0.4832,0.1501,boundary,low,1
default,0.6919,0.8280,0.4084,-0.1873,0.1088,0.4829,0.1138,boundary,low,1
default,0.7002,0.8298,0.4073,-0.1758,0.1060,0.4824,0.1245,boundary,low,1
default,0.7051,0.8308,0.4092,-0.1683,0.1543,0.4820,0.1178,boundary,low,1
default,0.7082,0.8315,0.4055,-0.1638,0.1532,0.4815,0.1361,boundary,low,1
default,0.7109,0.8322,0.3976,-0.1595,0.1522,0.4806,0.1749,boundary,low,1
default,0.7129,0.8327,0.3875,-0.1555,0.0013,0.4806,0.2233,boundary,low,1
default,0.7147,0.8334,0.3780,-0.1519,0.0004,0.4808,0.2686,boundary,low,1
default,0.7163,0.8342,0.3697,-0.1485,0.0000,0.4808,0.3072,boundary,low,1
default,0.7176,0.8350,0.3580,-0.1454,0.0000,0.4810,0.3618,boundary,low,1
default,0.7190,0.8360,0.3420,-0.1425,0.0000,0.4815,0.4346,boundary,boundary,0
default,0.7202,0.8370,0.3283,-0.1399,0.0000,0.4819,0.4950,boundary,boundary,0
default,0.7213,0.8380,0.3120,-0.1376,0.0000,0.4822,0.5646,boundary,boundary,0
default,0.7222,0.8389,0.2979,-0.1355,0.0000,0.4825,0.6204,boundary,boundary,0
default,0.7231,0.8397,0.2859,-0.1336,0.0000,0.4828,0.6635,boundary,boundary,0
default,0.7248,0.7957,0.1561,-0.0223,0.2639,0.4889,0.6020,high,high,0
default,0.7268,0.7954,0.1530,-0.0238,0.2631,0.4881,0.5865,high,high,0
default,0.3415,0.7815,0.2871,-0.3440,0.2395,0.4874,0.0000,low,low,0
default,0.5165,0.7942,0.3834,-0.3142,0.1886,0.4868,0.0000,low,low,0
default,0.6009,0.8012,0.3866,-0.2686,0.1279,0.4861,0.0293,boundary,low,1
default,0.6408,0.8026,0.3844,-0.2312,0.1191,0.4856,0.1515,boundary,low,1
default,0.6634,0.8039,0.3960,-0.2040,0.1127,0.4851,0.1479,boundary,low,1
default,0.6769,0.8051,0.4055,-0.1851,0.1582,0.4836,0.1249,boundary,low,1
default,0.6860,0.8064,0.4006,-0.1722,0.1552,0.4812,0.1596,boundary,low,1
default,0.6914,0.8072,0.4002,-0.1637,0.1532,0.4806,0.1672,boundary,low,1
default,0.6960,0.8102,0.3979,-0.1587,0.1521,0.4809,0.1813,boundary,low,1
default,0.6992,0.8123,0.3996,-0.1542,0.0010,0.4809,0.1749,boundary,low,1
default,0.7023,0.8144,0.3996,-0.1500,0.0000,0.4809,0.1761,boundary,low,1
default,0.7055,0.8168,0.3968,-0.1461,0.0000,0.4810,0.1900,boundary,low,1
default,0.7084,0.8192,0.3984,-0.1426,0.0000,0.4810,0.1823,boundary,low,1
default,0.7105,0.8211,0.4018,-0.1394,0.0000,0.4811,0.1651,boundary,low,1
default,0.7130,0.8234,0.4014,-0.1365,0.0000,0.4814,0.1663,boundary,low,1
default,0.7150,0.8255,0.4067,-0.1339,0.0000,0.4818,0.1394,boundary,low,1
default,0.7167,0.8274,0.4111,-0.1316,0.0000,0.4821,0.1165,boundary,low,1
default,0.7177,0.8288,0.4171,-0.1295,0.0000,0.4821,0.0865,boundary,low,1
default,0.7187,0.8301,0.4175,-0.1277,0.0000,0.4822,0.0837,boundary,low,1
default,0.7195,0.8313,0.4178,-0.1261,0.0000,0.4822,0.0812,boundary,low,1
default,0.7202,0.8325,0.4180,-0.1247,0.0000,0.4823,0.0791,boundary,low,1
default,0.7209,0.8335,0.4135,-0.1235,0.0000,0.4823,0.0999,boundary,low,1
default,0.7215,0.8344,0.4050,-0.1225,0.0000,0.4823,0.1399,boundary,low,1
default,0.7220,0.8353,0.3931,-0.1215,0.0000,0.4824,0.1961,boundary,low,1
default,0.7224,0.8361,0.3783,-0.1208,0.0000,0.4824,0.2656,boundary,low,1
default,0.7248,0.7957,0.1561,-0.0223,0.2639,0.4889,0.6020,high,high,0
default,0.7418,0.7930,0.1302,-0.0333,0.2574,0.4834,0.4682,high,high,0
default,0.3415,0.7695,0.2938,-0.3366,0.2378,0.4813,0.0000,low,low,0
default,0.5135,0.7856,0.3933,-0.3076,0.1871,0.4811,0.0000,low,low,0
default,0.6029,0.8068,0.3981,-0.2661,0.0000,0.4811,0.0000,boundary,low,1
default,0.6491,0.8188,0.3851,-0.2324,0.0000,0.4814,0.1600,boundary,low,1
default,0.7666,0.7961,0.1249,-0.0371,0.2636,0.4814,0.4124,high,boundary,1
default,0.7728,0.7982,0.1249,-0.0356,0.2797,0.4822,0.4012,high,boundary,1
default,0.7210,0.8004,0.3969,-0.0547,0.0000,0.4830,0.2035,boundary,low,1
default,0.7252,0.8204,0.3956,-0.0730,0.1500,0.4834,0.2000,boundary,low,1
default,0.7267,0.8303,0.4037,-0.0852,0.0000,0.4836,0.1509,boundary,low,1
default,0.7203,0.7963,0.1651,-0.0190,0.2636,0.4905,0.6451,high,high,0
default,0.7224,0.7959,0.1617,-0.0208,0.2635,0.4896,0.6292,high,high,0
default,0.3416,0.7873,0.2850,-0.3543,0.2418,0.4837,0.0000,low,low,0
default,0.5155,0.7967,0.3850,-0.3214,0.1903,0.4814,0.0000,low,low,0
default,0.5965,0.7979,0.3971,-0.2734,0.1290,0.4812,0.0000,boundary,low,1
default,0.6377,0.7984,0.3889,-0.2340,0.1197,0.4808,0.1252,boundary,low,1
default,0.6564,0.8105,0.3952,-0.2100,0.1641,0.4809,0.1360,boundary,low,1
default,0.6689,0.8170,0.4052,-0.1945,0.0000,0.4810,0.1085,boundary,low,1
default,0.6769,0.8208,0.4056,-0.1844,0.0000,0.4812,0.1159,boundary,low,1
default,0.6820,0.8227,0.4102,-0.1778,0.0000,0.4812,0.0991,boundary,low,1
default,0.6849,0.8237,0.4146,-0.1739,0.0056,0.4812,0.0811,boundary,low,1
default,0.6874,0.8248,0.4135,-0.1703,0.0048,0.4815,0.0882,boundary,low,1
default,0.6907,0.8265,0.4086,-0.1668,0.0040,0.4816,0.1131,boundary,low,1
default,0.6939,0.8283,0.4037,-0.1636,0.0032,0.4816,0.1377,boundary,low,1
default,0.6967,0.8299,0.3995,-0.1606,0.0025,0.4817,0.1588,boundary,low,1
default,0.6992,0.8314,0.3911,-0.1577,0.0018,0.4817,0.1990,boundary,low,1
default,0.7013,0.8327,0.3793,-0.1551,0.0012,0.4817,0.2551,boundary,low,1
default,0.7033,0.8340,0.3692,-0.1526,0.0006,0.4817,0.3025,boundary,low,1
default,0.7050,0.8351,0.3559,-0.1504,0.0001,0.4817,0.3640,boundary,low,1
default,0.7066,0.8362,0.3399,-0.1483,0.0000,0.4817,0.4366,boundary,boundary,0
default,0.7245,0.7957,0.1575,-0.0223,0.2627,0.4889,0.6088,high,high,0
default,0.7265,0.7953,0.1544,-0.0238,0.2627,0.4881,0.5935,high,high,0
default,0.3415,0.7899,0.2829,-0.3518,0.2413,0.4874,0.0000,low,low,0
default,0.5175,0.7997,0.3774,-0.3205,0.1901,0.4867,0.0000,low,low,0
default,0.6007,0.8041,0.3839,-0.2737,0.1291,0.4861,0.0384,boundary,low,1
default,0.6432,0.8064,0.3741,-0.2350,0.1200,0.4855,0.2000,boundary,low,1
default,0.6663,0.8076,0.3842,-0.2069,0.1634,0.4838,0.2063,boundary,low,1
default,0.6784,0.8074,0.3977,-0.1874,0.1588,0.4834,0.1632,boundary,low,1
default,0.6855,0.8072,0.3984,-0.1743,0.1557,0.4830,0.1691,boundary,low,1
default,0.6898,0.8070,0.4015,-0.1657,0.1537,0.4827,0.1590,boundary,low,1
default,0.6923,0.8069,0.4050,-0.1606,0.1525,0.4825,0.1451,boundary,low,1
default,0.6944,0.8068,0.4031,-0.1558,0.1513,0.4822,0.1565,boundary,low,1
default,0.6963,0.8068,0.4013,-0.1512,0.1503,0.4807,0.1668,boundary,low,1
default,0.6979,0.8067,0.3997,-0.1470,0.1500,0.4806,0.1760,boundary,low,1
default,0.7016,0.8099,0.3968,-0.1431,0.1500,0.4806,0.1917,boundary,low,1
default,0.7049,0.8129,0.3942,-0.1396,0.0000,0.4806,0.2048,boundary,low,1
default,0.7077,0.8156,0.3873,-0.1365,0.0000,0.4806,0.2386,boundary,low,1
default,0.7589,0.7904,0.1309,-0.0388,0.2698,0.4806,0.4527,high,high,0
default,0.7597,0.7907,0.1305,-0.0387,0.2673,0.4807,0.4497,high,boundary,1
default,0.7218,0.8056,0.3297,-0.0604,0.0000,0.4807,0.5332,boundary,boundary,0
default,0.7235,0.8223,0.3431,-0.0777,0.0000,0.4807,0.4517,boundary,boundary,0
default,0.7242,0.8309,0.3492,-0.0893,0.0000,0.4808,0.4109,boundary,boundary,0
default,0.7246,0.8356,0.3521,-0.0969,0.0000,0.4808,0.3896,boundary,low,1
default,0.7248,0.8383,0.3536,-0.1019,0.0000,0.4809,0.3779,boundary,low,1
default,0.7029,0.7995,0.1947,-0.0029,0.2716,0.4985,0.7609,high,high,0
default,0.7057,0.7990,0.1898,-0.0057,0.2707,0.4972,0.7456,high,high,0
default,0.3415,0.7952,0.2800,-0.3555,0.2422,0.4959,0.0000,low,low,0
default,0.7030,0.7995,0.1960,-0.0029,0.2761,0.4985,0.7668,high,high,0
default,0.7029,0.7995,0.1959,-0.0029,0.2714,0.4985,0.7661,high,high,0
default,0.7028,0.7995,0.1944,-0.0029,0.2653,0.4985,0.7591,high,high,0
default,0.7028,0.7995,0.1947,-0.0029,0.2645,0.4985,0.7606,high,high,0
default,0.7028,0.7995,0.1948,-0.0029,0.2643,0.4985,0.7611,high,high,0
default,0.7028,0.7995,0.1949,-0.0029,0.2643,0.4985,0.7614,high,high,0
default,0.7028,0.7995,0.1935,-0.0029,0.2653,0.4985,0.7555,high,high,0
default,0.7029,0.7995,0.1931,-0.0029,0.2719,0.4985,0.7539,high,high,0
default,0.7272,0.7961,0.1411,-0.0238,0.2591,0.4881,0.5277,high,high,0
default,0.3415,0.7850,0.2855,-0.3482,0.2405,0.4830,0.0000,low,low,0
default,0.5170,0.7822,0.3831,-0.3109,0.1879,0.4814,0.0000,low,low,0
default,0.6056,0.7924,0.3937,-0.2612,0.1262,0.4813,0.0174,boundary,low,1
default,0.6507,0.7979,0.3860,-0.2213,0.0000,0.4819,0.1691,boundary,low,1
default,0.6747,0.8011,0.3993,-0.1929,0.0101,0.4828,0.1521,boundary,low,1
default,0.6884,0.8029,0.4114,-0.1733,0.0000,0.4829,0.1112,boundary,low,1
default,0.6969,0.8046,0.4095,-0.1602,0.0024,0.4831,0.1280,boundary,low,1
default,0.7020,0.8056,0.4109,-0.1517,0.0004,0.4832,0.1246,boundary,low,1
default,0.7049,0.8063,0.4086,-0.1467,0.0000,0.4832,0.1377,boundary,low,1
default,0.7075,0.8071,0.4017,-0.1420,0.0000,0.4833,0.1726,boundary,low,1
default,0.7097,0.8079,0.3910,-0.1376,0.0000,0.4834,0.2259,boundary,low,1
default,0.7120,0.8089,0.3802,-0.1335,0.0000,0.4835,0.2796,boundary,low,1
default,0.7139,0.8098,0.3716,-0.1298,0.0000,0.4835,0.3221,boundary,low,1
default,0.7155,0.8105,0.3596,-0.1263,0.0000,0.4836,0.3814,boundary,low,1
default,0.7174,0.8115,0.3427,-0.1231,0.0000,0.4837,0.4640,boundary,boundary,0
default,0.7190,0.8124,0.3282,-0.1201,0.0000,0.4838,0.5340,boundary,boundary,0
default,0.7203,0.8131,0.3124,-0.1174,0.0000,0.4838,0.6099,boundary,boundary,0
default,0.7214,0.8138,0.2983,-0.1149,0.0000,0.4839,0.6763,boundary,boundary,0
default,0.7225,0.8144,0.2862,-0.1126,0.0000,0.4839,0.7313,boundary,boundary,0
default,0.7233,0.8149,0.2766,-0.1105,0.0000,0.4840,0.7735,boundary,boundary,0
default,0.7240,0.8154,0.2684,-0.1086,0.0000,0.4841,0.8072,boundary,boundary,0
default,0.7246,0.8158,0.2614,-0.1068,0.0000,0.4842,0.8334,boundary,boundary,0
default,0.7252,0.8162,0.2554,-0.1052,0.0000,0.4843,0.8526,boundary,boundary,0
default,0.7259,0.8168,0.2492,-0.1038,0.0000,0.4844,0.8679,high,high,0
default,0.7253,0.7964,0.1435,-0.0223,0.2604,0.4889,0.5396,high,high,0
default,0.7274,0.7962,0.1394,-0.0238,0.2602,0.4881,0.5189,high,high,0
default,0.3415,0.7695,0.2938,-0.3366,0.2378,0.4874,0.0000,low,low,0
default,0.5143,0.7716,0.3938,-0.3009,0.1855,0.4865,0.0000,low,low,0
default,0.5961,0.7721,0.4027,-0.2510,0.1238,0.4859,0.0000,boundary,low,1
default,0.6378,0.7723,0.3941,-0.2102,0.1142,0.4853,0.0975,boundary,low,1
default,0.6660,0.7840,0.4046,-0.1826,0.1577,0.4845,0.1133,boundary,low,1
default,0.6831,0.7914,0.4115,-0.1640,0.0000,0.4841,0.1061,boundary,low,1
default,0.6932,0.7959,0.4082,-0.1518,0.0000,0.4837,0.1328,boundary,low,1
default,0.6992,0.7985,0.4088,-0.1439,0.0000,0.4833,0.1350,boundary,low,1
default,0.7028,0.7999,0.4106,-0.1392,0.0000,0.4830,0.1284,boundary,low,1
default,0.7055,0.8009,0.4091,-0.1348,0.0000,0.4812,0.1372,boundary,low,1
default,0.7029,0.7995,0.1930,-0.0029,0.2728,0.4985,0.7535,high,high,0
default,0.7278,0.7962,0.1388,-0.0237,0.2610,0.4881,0.5163,high,high,0
default,0.7460,0.7952,0.1072,-0.0338,0.3755,0.4831,0.3526,high,low,1
default,0.7028,0.7995,0.1951,-0.0029,0.2648,0.4985,0.7623,high,high,0
default,0.7089,0.7985,0.1794,-0.0086,0.2680,0.4957,0.7035,high,high,0
default,0.7115,0.7981,0.1736,-0.0110,0.2675,0.4945,0.6795,high,high,0
default,0.3415,0.7899,0.2829,-0.3518,0.2413,0.4934,0.0000,low,low,0
default,0.5189,0.7738,0.3785,-0.3082,0.1872,0.4923,0.0000,low,low,0
default,0.6028,0.7648,0.3859,-0.2497,0.1235,0.4913,0.0283,boundary,low,1
default,0.7028,0.7995,0.1932,-0.0029,0.2640,0.4985,0.7542,high,high,0
default,0.7054,0.7990,0.1865,-0.0057,0.2629,0.4972,0.7306,high,high,0
default,0.7031,0.7995,0.1942,-0.0029,0.2798,0.4985,0.7590,high,high,0
default,0.7030,0.7995,0.1935,-0.0029,0.2749,0.4985,0.7559,high,high,0
default,0.7028,0.7995,0.1937,-0.0029,0.2677,0.4985,0.7563,high,high,0
default,0.7031,0.7995,0.1940,-0.0029,0.2797,0.4985,0.7584,high,high,0
default,0.7028,0.7995,0.1938,-0.0029,0.2678,0.4985,0.7568,high,high,0
default,0.7029,0.7995,0.1939,-0.0029,0.2690,0.4985,0.7573,high,high,0
default,0.7028,0.7995,0.1937,-0.0029,0.2677,0.4985,0.7563,high,high,0
default,0.7028,0.7995,0.1937,-0.0029,0.2677,0.4985,0.7563,high,high,0
default,0.7028,0.7995,0.1937,-0.0029,0.2677,0.4985,0.7563,high,high,0
default,0.7028,0.7995,0.1937,-0.0029,0.2677,0.4985,0.7563,high,high,0
default,0.7028,0.7995,0.1937,-0.0029,0.2677,0.4985,0.7563,high,high,0
default,0.7028,0.7995,0.1937,-0.0029,0.2677,0.4985,0.7563,high,high,0
default,0.7028,0.7995,0.1937,-0.0029,0.2677,0.4985,0.7563,high,high,0
default,0.7028,0.7995,0.1937,-0.0029,0.2677,0.4985,0.7563,high,high,0
default,0.7028,0.7995,0.1937,-0.0029,0.2677,0.4985,0.7563,high,high,0
default,0.7028,0.7995,0.1937,-0.0029,0.2677,0.4985,0.7563,high,high,0
default,0.7028,0.7995,0.1937,-0.0029,0.2677,0.4985,0.7563,high,high,0
default,0.7028,0.7995,0.1937,-0.0029,0.2677,0.4985,0.7563,high,high,0
default,0.7028,0.7995,0.1937,-0.0029,0.2677,0.4985,0.7563,high,high,0
default,0.7028,0.7995,0.1937,-0.0029,0.2677,0.4985,0.7563,high,high,0
default,0.7028,0.7995,0.1937,-0.0029,0.2677,0.4985,0.7563,high,high,0
default,0.7028,0.7995,0.1937,-0.0029,0.2677,0.4985,0.7563,high,high,0
default,0.7028,0.7995,0.1937,-0.0029,0.2677,0.4985,0.7563,high,high,0
default,0.7028,0.7995,0.1937,-0.0029,0.2677,0.4985,0.7563,high,high,0
default,0.7028,0.7995,0.1937,-0.0029,0.2677,0.4985,0.7563,high,high,0
default,0.7028,0.7995,0.1937,-0.0029,0.2677,0.4985,0.7563,high,high,0
default,0.7028,0.7995,0.1937,-0.0029,0.2677,0.4985,0.7563,high,high,0
default,0.7031,0.7995,0.1953,-0.0029,0.2844,0.4985,0.7639,high,high,0
default,0.7028,0.7995,0.1937,-0.0029,0.2677,0.4985,0.7563,high,high,0
default,0.7250,0.7963,0.1449,-0.0223,0.2593,0.4888,0.5465,high,high,0
default,0.7319,0.7956,0.1315,-0.0271,0.2572,0.4864,0.4793,high,high,0
default,0.3415,0.7840,0.2861,-0.3477,0.2404,0.4823,0.0000,low,low,0
default,0.5161,0.7600,0.3829,-0.3010,0.1855,0.4814,0.0000,low,low,0
default,0.6052,0.7652,0.3908,-0.2446,0.1223,0.4819,0.0174,boundary,low,1
default,0.6515,0.7689,0.3787,-0.2001,0.1618,0.4830,0.1941,boundary,low,1
default,0.6694,0.7701,0.3923,-0.1703,0.0048,0.4841,0.1693,boundary,low,1
default,0.6812,0.7714,0.4015,-0.1502,0.0001,0.4849,0.1448,boundary,low,1
default,0.7028,0.7995,0.1953,-0.0029,0.2647,0.4985,0.7633,high,high,0
default,0.7028,0.7995,0.1937,-0.0029,0.2677,0.4985,0.7563,high,high,0
default,0.7030,0.7995,0.1910,-0.0029,0.2736,0.4985,0.7448,high,high,0
default,0.7057,0.7991,0.1846,-0.0057,0.2628,0.4972,0.7223,high,high,0
default,0.3426,0.8443,0.2544,-0.3938,0.2504,0.4959,0.0000,low,low,0
default,0.7028,0.7995,0.1899,-0.0029,0.2628,0.4985,0.7399,high,high,0
default,0.7055,0.7991,0.1804,-0.0057,0.2612,0.4972,0.7024,high,high,0
default,0.7028,0.7995,0.1937,-0.0029,0.2677,0.4985,0.7563,high,high,0
default,0.7028,0.7995,0.1959,-0.0029,0.2660,0.4985,0.7657,high,high,0
default,0.7055,0.7990,0.1923,-0.0057,0.2706,0.4972,0.7567,high,high,0
default,0.7028,0.7995,0.1937,-0.0029,0.2677,0.4985,0.7563,high,high,0
default,0.7028,0.7995,0.1937,-0.0029,0.2677,0.4985,0.7563,high,high,0
default,0.7028,0.7995,0.1937,-0.0029,0.2677,0.4985,0.7563,high,high,0
default,0.7028,0.7995,0.1937,-0.0029,0.2677,0.4985,0.7563,high,high,0
default,0.7028,0.7995,0.1937,-0.0029,0.2677,0.4985,0.7563,high,high,0
default,0.7028,0.7995,0.1937,-0.0029,0.2677,0.4985,0.7563,high,high,0
default,0.7028,0.7995,0.1937,-0.0029,0.2677,0.4985,0.7563,high,high,0
default,0.7028,0.7995,0.1937,-0.0029,0.2677,0.4985,0.7563,high,high,0
default,0.7028,0.7995,0.1937,-0.0029,0.2677,0.4985,0.7563,high,high,0
default,0.7028,0.7995,0.1937,-0.0029,0.2677,0.4985,0.7563,high,high,0
default,0.7028,0.7995,0.1937,-0.0029,0.2677,0.4985,0.7563,high,high,0
default,0.7028,0.7995,0.1937,-0.0029,0.2677,0.4985,0.7563,high,high,0
default,0.7028,0.7995,0.1937,-0.0029,0.2677,0.4985,0.7563,high,high,0
default,0.7028,0.7995,0.1937,-0.0029,0.2677,0.4985,0.7563,high,high,0
default,0.7028,0.7995,0.1961,-0.0029,0.2683,0.4985,0.7667,high,high,0
default,0.7241,0.7953,0.1652,-0.0223,0.2643,0.4888,0.6471,high,high,0
default,0.7399,0.7915,0.1449,-0.0334,0.2598,0.4833,0.5415,high,high,0
default,0.3416,0.7928,0.2815,-0.3553,0.2421,0.4812,0.0000,low,low,0
default,0.5167,0.7605,0.3779,-0.3051,0.1865,0.4814,0.0000,low,low,0
default,0.6059,0.7624,0.3856,-0.2457,0.1225,0.4816,0.0373,boundary,low,1
default,0.6515,0.7635,0.3769,-0.1989,0.1615,0.4828,0.1971,boundary,low,1
default,0.6766,0.7650,0.3863,-0.1658,0.1537,0.4841,0.2049,boundary,low,1
default,0.6911,0.7658,0.3961,-0.1430,0.0000,0.4851,0.1782,boundary,low,1
default,0.6992,0.7660,0.3966,-0.1278,0.0000,0.4860,0.1833,boundary,low,1
default,0.7041,0.7661,0.3995,-0.1179,0.0000,0.4865,0.1731,boundary,low,1
default,0.7072,0.7665,0.4014,-0.1120,0.0000,0.4868,0.1663,boundary,low,1
default,0.7100,0.7670,0.4027,-0.1065,0.1500,0.4870,0.1615,boundary,low,1
default,0.7115,0.7666,0.4035,-0.1014,0.0000,0.4871,0.1583,boundary,low,1
default,0.7138,0.7670,0.3995,-0.0966,0.0000,0.4871,0.1789,boundary,low,1
default,0.7160,0.7675,0.3954,-0.0921,0.1500,0.4871,0.1998,boundary,low,1
default,0.7178,0.7678,0.3878,-0.0878,0.0000,0.4870,0.2380,boundary,low,1
default,0.7195,0.7680,0.3765,-0.0839,0.0000,0.4870,0.2935,boundary,low,1
default,0.7209,0.7681,0.3669,-0.0802,0.0000,0.4870,0.3409,boundary,low,1
default,0.7215,0.7677,0.3572,-0.0768,0.0000,0.4870,0.3874,boundary,low,1
default,0.7224,0.7676,0.3424,-0.0737,0.1499,0.4870,0.4590,boundary,boundary,0
default,0.7234,0.7676,0.3244,-0.0707,0.0000,0.4870,0.5455,boundary,boundary,0
default,0.7239,0.7674,0.3106,-0.0680,0.0000,0.4870,0.6101,boundary,boundary,0
default,0.7247,0.7675,0.2973,-0.0655,0.0000,0.4870,0.6718,boundary,boundary,0
default,0.7253,0.7674,0.2867,-0.0631,0.0000,0.4870,0.7192,boundary,boundary,0
default,0.7256,0.7672,0.2786,-0.0610,0.0000,0.4870,0.7540,boundary,boundary,0
default,0.7260,0.7672,0.2708,-0.0590,0.0000,0.4870,0.7858,boundary,boundary,0
default,0.7265,0.7673,0.2634,-0.0572,0.0000,0.4870,0.8140,boundary,boundary,0
default,0.7270,0.7674,0.2571,-0.0555,0.0000,0.4870,0.8354,boundary,boundary,0
default,0.7274,0.7675,0.2517,-0.0540,0.0000,0.4870,0.8509,boundary,boundary,0
default,0.7278,0.7676,0.2472,-0.0525,0.0000,0.4870,0.8614,high,high,0
default,0.7281,0.7677,0.2480,-0.0512,0.0000,0.4870,0.8601,high,high,0
default,0.7284,0.7678,0.2486,-0.0501,0.0000,0.4870,0.8590,high,high,0
default,0.7287,0.7679,0.2492,-0.0490,0.1499,0.4870,0.8581,high,high,0
default,0.7289,0.7680,0.2497,-0.0480,0.0000,0.4870,0.8574,high,high,0
default,0.7291,0.7681,0.2501,-0.0471,0.0000,0.4870,0.8567,boundary,boundary,0
default,0.7293,0.7682,0.2551,-0.0463,0.0000,0.4869,0.8437,boundary,boundary,0
default,0.7294,0.7682,0.2594,-0.0455,0.0000,0.4869,0.8306,boundary,boundary,0
default,0.7295,0.7683,0.2630,-0.0449,0.0000,0.4869,0.8182,boundary,boundary,0
default,0.7296,0.7684,0.2661,-0.0442,0.0000,0.4869,0.8071,boundary,boundary,0
default,0.7297,0.7685,0.2640,-0.0437,0.0000,0.4869,0.8149,boundary,boundary,0
default,0.7293,0.7681,0.2649,-0.0432,0.0000,0.4869,0.8106,boundary,boundary,0
default,0.7291,0.7679,0.2646,-0.0428,0.0000,0.4869,0.8111,boundary,boundary,0
default,0.7289,0.7677,0.2644,-0.0424,0.0000,0.4869,0.8115,boundary,boundary,0
default,0.7288,0.7676,0.2642,-0.0420,0.0000,0.4869,0.8117,boundary,boundary,0
default,0.7289,0.7676,0.2585,-0.0417,0.0000,0.4869,0.8313,boundary,boundary,0
default,0.7289,0.7676,0.2536,-0.0414,0.0000,0.4868,0.8458,boundary,boundary,0
default,0.7285,0.7673,0.2514,-0.0411,0.0000,0.4868,0.8504,boundary,boundary,0
default,0.7284,0.7672,0.2485,-0.0409,0.0000,0.4868,0.8566,high,high,0
default,0.7284,0.7671,0.2507,-0.0407,0.0000,0.4868,0.8513,boundary,boundary,0
default,0.7281,0.7668,0.2582,-0.0405,0.0000,0.4869,0.8293,boundary,boundary,0
default,0.7586,0.7795,0.1295,-0.0263,0.2643,0.4868,0.4425,high,boundary,1
default,0.7669,0.7786,0.1313,-0.0249,0.2854,0.4876,0.4369,high,boundary,1
default,0.7661,0.7792,0.1336,-0.0228,0.2727,0.4886,0.4493,high,boundary,1
default,0.7373,0.7391,0.3210,0.0170,0.1500,0.4887,0.4991,boundary,boundary,0
default,0.7336,0.7517,0.3358,0.0012,0.1499,0.4887,0.4647,boundary,boundary,0
default,0.7318,0.7581,0.3425,-0.0098,0.1499,0.4888,0.4455,boundary,boundary,0
default,0.7325,0.7634,0.3392,-0.0172,0.1499,0.4888,0.4686,boundary,boundary,0
default,0.7306,0.7638,0.3476,-0.0220,0.1500,0.4889,0.4294,boundary,boundary,0
default,0.7307,0.7652,0.3470,-0.0251,0.0000,0.4890,0.4339,boundary,boundary,0
default,0.7314,0.7667,0.3438,-0.0271,0.1499,0.4890,0.4509,boundary,boundary,0
default,0.7319,0.7675,0.3357,-0.0284,0.1500,0.4889,0.4909,boundary,boundary,0
default,0.7315,0.7674,0.3341,-0.0292,0.1500,0.4886,0.4983,boundary,boundary,0
default,0.7311,0.7672,0.3281,-0.0299,0.0000,0.4882,0.5269,boundary,boundary,0
default,0.7308,0.7671,0.3230,-0.0305,0.0000,0.4882,0.5509,boundary,boundary,0
default,0.7305,0.7669,0.3187,-0.0311,0.0000,0.4881,0.5712,boundary,boundary,0
default,0.7303,0.7668,0.3150,-0.0317,0.0000,0.4881,0.5884,boundary,boundary,0
default,0.7298,0.7665,0.3082,-0.0322,0.0000,0.4881,0.6195,boundary,boundary,0
default,0.7294,0.7662,0.2978,-0.0326,0.0000,0.4878,0.6668,boundary,boundary,0
default,0.7291,0.7659,0.2890,-0.0330,0.0000,0.4875,0.7058,boundary,boundary,0
default,0.7292,0.7660,0.2795,-0.0334,0.0000,0.4873,0.7463,boundary,boundary,0
default,0.7292,0.7660,0.2715,-0.0337,0.0000,0.4870,0.7789,boundary,boundary,0
default,0.7651,0.7789,0.1269,-0.0254,0.2828,0.4873,0.4200,high,boundary,1
default,0.7651,0.7790,0.1272,-0.0252,0.2617,0.4874,0.4212,high,boundary,1
default,0.7372,0.7377,0.2405,0.0182,0.0000,0.4875,0.7179,high,high,0
default,0.7336,0.7502,0.2644,0.0025,0.1500,0.4876,0.7423,boundary,boundary,0
default,0.7305,0.7551,0.2809,-0.0083,0.1500,0.4876,0.7082,boundary,boundary,0
default,0.7289,0.7578,0.2889,-0.0155,0.1499,0.4877,0.6851,boundary,boundary,0
default,0.7291,0.7604,0.2887,-0.0203,0.1499,0.4878,0.6932,boundary,boundary,0
default,0.7288,0.7616,0.2904,-0.0234,0.1500,0.4878,0.6895,boundary,boundary,0
default,0.7289,0.7627,0.2899,-0.0255,0.1499,0.4879,0.6943,boundary,boundary,0
default,0.7290,0.7633,0.2896,-0.0268,0.1500,0.4880,0.6971,boundary,boundary,0
default,0.7287,0.7633,0.2866,-0.0276,0.1500,0.4879,0.7098,boundary,boundary,0
default,0.7284,0.7634,0.2841,-0.0283,0.0000,0.4878,0.7204,boundary,boundary,0
default,0.7285,0.7637,0.2754,-0.0290,0.0000,0.4875,0.7567,boundary,boundary,0
default,0.7287,0.7640,0.2680,-0.0296,0.1500,0.4874,0.7856,boundary,boundary,0
default,0.7286,0.7641,0.2626,-0.0302,0.1499,0.4873,0.8049,boundary,boundary,0
default,0.7285,0.7642,0.2580,-0.0308,0.0000,0.4873,0.8197,boundary,boundary,0
default,0.7288,0.7646,0.2525,-0.0313,0.0000,0.4873,0.8360,boundary,boundary,0
default,0.7292,0.7650,0.2472,-0.0317,0.1499,0.4872,0.8489,high,high,0
default,0.7296,0.7655,0.2467,-0.0321,0.1500,0.4870,0.8518,high,high,0
default,0.7590,0.7804,0.1301,-0.0261,0.2649,0.4869,0.4454,high,boundary,1
default,0.7600,0.7803,0.1312,-0.0262,0.2651,0.4869,0.4491,high,boundary,1
default,0.7278,0.7519,0.2446,-0.0201,0.1500,0.4867,0.7902,high,high,0
default,0.7676,0.7792,0.1313,-0.0254,0.2831,0.4873,0.4359,high,boundary,1
default,0.7675,0.7792,0.1316,-0.0251,0.2619,0.4874,0.4380,high,boundary,1
default,0.7380,0.7394,0.2966,0.0174,0.1499,0.4881,0.5950,boundary,boundary,0
default,0.7345,0.7522,0.3211,0.0016,0.1500,0.4881,0.5313,boundary,boundary,0
default,0.7323,0.7582,0.3344,-0.0093,0.1500,0.4879,0.4831,boundary,boundary,0
default,0.7312,0.7614,0.3284,-0.0166,0.0000,0.4876,0.5166,boundary,boundary,0
default,0.7307,0.7633,0.3362,-0.0215,0.0000,0.4872,0.4831,boundary,boundary,0
default,0.7303,0.7644,0.3498,-0.0246,0.0000,0.4869,0.4195,boundary,boundary,0
default,0.7301,0.7651,0.3578,-0.0267,0.0000,0.4866,0.3819,boundary,low,1
default,0.7300,0.7654,0.3564,-0.0280,0.0000,0.4864,0.3893,boundary,low,1
default,0.7297,0.7654,0.3517,-0.0288,0.0000,0.4862,0.4118,boundary,boundary,0
default,0.7295,0.7654,0.3477,-0.0295,0.0000,0.4861,0.4309,boundary,boundary,0
default,0.7296,0.7656,0.3381,-0.0301,0.0000,0.4860,0.4774,boundary,boundary,0
default,0.7297,0.7658,0.3299,-0.0307,0.0000,0.4859,0.5167,boundary,boundary,0
default,0.7295,0.7658,0.3245,-0.0313,0.0000,0.4859,0.5421,boundary,boundary,0
default,0.7298,0.7662,0.3125,-0.0318,0.0000,0.4859,0.5993,boundary,boundary,0
default,0.7293,0.7660,0.3014,-0.0323,0.0000,0.4859,0.6499,boundary,boundary,0
default,0.7289,0.7657,0.2920,-0.0327,0.1467,0.4858,0.6919,boundary,boundary,0
default,0.7287,0.7657,0.2830,-0.0331,0.0000,0.4858,0.7311,boundary,boundary,0
default,0.7291,0.7662,0.2725,-0.0335,0.1499,0.4858,0.7754,boundary,boundary,0
default,0.7287,0.7659,0.2675,-0.0339,0.0000,0.4857,0.7942,boundary,boundary,0
default,0.7291,0.7664,0.2593,-0.0342,0.0000,0.4856,0.8238,boundary,boundary,0
default,0.7289,0.7663,0.2552,-0.0346,0.0000,0.4856,0.8359,boundary,boundary,0
default,0.7285,0.7660,0.2528,-0.0348,0.0000,0.4856,0.8416,boundary,boundary,0
default,0.7282,0.7658,0.2507,-0.0351,0.0000,0.4855,0.8457,boundary,boundary,0
default,0.7280,0.7657,0.2478,-0.0354,0.0000,0.4855,0.8514,high,high,0
default,0.7277,0.7655,0.2512,-0.0356,0.0000,0.4855,0.8435,boundary,boundary,0
default,0.7280,0.7657,0.2560,-0.0358,0.0000,0.4854,0.8318,boundary,boundary,0
default,0.7285,0.7662,0.2589,-0.0360,0.1500,0.4854,0.8246,boundary,boundary,0
default,0.7287,0.7664,0.2626,-0.0362,0.0000,0.4853,0.8131,boundary,boundary,0
default,0.7287,0.7664,0.2665,-0.0363,0.1499,0.4853,0.7995,boundary,boundary,0
default,0.7289,0.7666,0.2685,-0.0365,0.0000,0.4853,0.7926,boundary,boundary,0
default,0.7289,0.7667,0.2715,-0.0366,0.1495,0.4852,0.7811,boundary,boundary,0
default,0.7288,0.7667,0.2740,-0.0367,0.0000,0.4852,0.7711,boundary,boundary,0
default,0.7291,0.7669,0.2749,-0.0368,0.0000,0.4852,0.7680,boundary,boundary,0
default,0.7293,0.7671,0.2710,-0.0369,0.0000,0.4851,0.7842,boundary,boundary,0
default,0.7292,0.7671,0.2643,-0.0370,0.0000,0.4851,0.8096,boundary,boundary,0
default,0.7294,0.7673,0.2572,-0.0371,0.0000,0.4851,0.8342,boundary,boundary,0
default,0.7293,0.7673,0.2525,-0.0372,0.0000,0.4850,0.8474,boundary,boundary,0
default,0.7295,0.7675,0.2473,-0.0373,0.1499,0.4850,0.8600,high,high,0
default,0.7293,0.7675,0.2488,-0.0374,0.0000,0.4850,0.8569,high,high,0
default,0.7289,0.7672,0.2520,-0.0375,0.0000,0.4850,0.8483,boundary,boundary,0
default,0.7291,0.7674,0.2560,-0.0376,0.0000,0.4851,0.8380,boundary,boundary,0
default,0.7284,0.7669,0.2641,-0.0377,0.0000,0.4851,0.8097,boundary,boundary,0
default,0.7282,0.7667,0.2686,-0.0377,0.0000,0.4851,0.7927,boundary,boundary,0
default,0.7282,0.7668,0.2716,-0.0378,0.0000,0.4851,0.7812,boundary,boundary,0
default,0.7283,0.7668,0.2741,-0.0379,0.1491,0.4851,0.7712,boundary,boundary,0
default,0.7279,0.7665,0.2781,-0.0380,0.0000,0.4851,0.7539,boundary,boundary,0
default,0.7276,0.7660,0.2816,-0.0380,0.0000,0.4852,0.7382,boundary,boundary,0
default,0.7275,0.7657,0.2788,-0.0380,0.0000,0.4852,0.7491,boundary,boundary,0
default,0.7279,0.7658,0.2742,-0.0380,0.0000,0.4852,0.7682,boundary,boundary,0
default,0.7283,0.7660,0.2656,-0.0380,0.1499,0.4852,0.8013,boundary,boundary,0
default,0.7279,0.7655,0.2616,-0.0379,0.0000,0.4852,0.8137,boundary,boundary,0
default,0.7281,0.7655,0.2555,-0.0379,0.0000,0.4852,0.8323,boundary,boundary,0
default,0.7278,0.7651,0.2530,-0.0378,0.0000,0.4852,0.8372,boundary,boundary,0
default,0.7277,0.7649,0.2498,-0.0378,0.0000,0.4852,0.8435,high,high,0
default,0.7274,0.7645,0.2528,-0.0377,0.1499,0.4852,0.8350,boundary,boundary,0
default,0.7272,0.7641,0.2601,-0.0376,0.1487,0.4852,0.8134,boundary,boundary,0
default,0.7269,0.7638,0.2662,-0.0375,0.0000,0.4852,0.7918,boundary,boundary,0
default,0.7244,0.7953,0.1640,-0.0223,0.2652,0.4889,0.6410,high,high,0
default,0.7288,0.7944,0.1580,-0.0257,0.2646,0.4872,0.6113,high,high,0
default,0.3415,0.7828,0.2866,-0.3460,0.2400,0.4827,0.0000,low,low,0
default,0.5161,0.7541,0.3831,-0.2974,0.1847,0.4816,0.0000,boundary,low,1
default,0.7607,0.7771,0.1441,-0.0341,0.3066,0.4829,0.5054,high,high,0
default,0.7608,0.7769,0.1445,-0.0337,0.2775,0.4832,0.5069,high,high,0
default,0.7352,0.7343,0.4050,0.0196,0.1500,0.4835,0.1136,boundary,low,1
default,0.7319,0.7472,0.4163,0.0039,0.0000,0.4838,0.0791,boundary,low,1
default,0.7303,0.7541,0.4082,-0.0072,0.0000,0.4842,0.1264,boundary,low,1
default,0.7295,0.7578,0.4093,-0.0146,0.0000,0.4844,0.1250,boundary,low,1
default,0.7291,0.7601,0.4134,-0.0195,0.0000,0.4848,0.1076,boundary,low,1
default,0.7288,0.7617,0.4058,-0.0229,0.0000,0.4851,0.1457,boundary,low,1
default,0.7286,0.7629,0.3934,-0.0252,0.0000,0.4852,0.2075,boundary,low,1
default,0.7285,0.7635,0.3857,-0.0266,0.0000,0.4854,0.2456,boundary,low,1
default,0.7284,0.7639,0.3763,-0.0275,0.0000,0.4855,0.2915,boundary,low,1
default,0.7284,0.7642,0.3682,-0.0284,0.0000,0.4863,0.3311,boundary,low,1
default,0.7282,0.7644,0.3574,-0.0291,0.0000,0.4863,0.3832,boundary,low,1
default,0.7279,0.7643,0.3492,-0.0299,0.0000,0.4864,0.4226,boundary,boundary,0
default,0.7278,0.7645,0.3365,-0.0306,0.0000,0.4864,0.4836,boundary,boundary,0
default,0.7277,0.7646,0.3210,-0.0312,0.1492,0.4865,0.5571,boundary,boundary,0
default,0.7277,0.7647,0.3078,-0.0318,0.1499,0.4866,0.6187,boundary,boundary,0
default,0.7276,0.7648,0.2965,-0.0323,0.1499,0.4866,0.6701,boundary,boundary,0
default,0.7274,0.7647,0.2880,-0.0328,0.1499,0.4867,0.7077,boundary,boundary,0
default,0.7274,0.7648,0.2796,-0.0333,0.1498,0.4867,0.7432,boundary,boundary,0
default,0.7028,0.7995,0.1961,-0.0029,0.2683,0.4985,0.7667,high,high,0
default,0.7028,0.7995,0.1961,-0.0029,0.2683,0.4985,0.7667,high,high,0
default,0.7028,0.7995,0.1961,-0.0029,0.2683,0.4985,0.7667,high,high,0
default,0.7028,0.7995,0.1961,-0.0029,0.2683,0.4985,0.7667,high,high,0
default,0.7028,0.7995,0.1961,-0.0029,0.2683,0.4985,0.7667,high,high,0
default,0.7028,0.7995,0.1961,-0.0029,0.2683,0.4985,0.7667,high,high,0
default,0.7028,0.7995,0.1961,-0.0029,0.2683,0.4985,0.7667,high,high,0
default,0.7028,0.7995,0.1961,-0.0029,0.2683,0.4985,0.7667,high,high,0
default,0.7028,0.7995,0.1961,-0.0029,0.2683,0.4985,0.7667,high,high,0
default,0.7028,0.7995,0.1961,-0.0029,0.2683,0.4985,0.7667,high,high,0
default,0.7028,0.7995,0.1961,-0.0029,0.2683,0.4985,0.7667,high,high,0
default,0.7028,0.7995,0.1961,-0.0029,0.2683,0.4985,0.7667,high,high,0
default,0.7028,0.7995,0.1961,-0.0029,0.2683,0.4985,0.7667,high,high,0
default,0.7028,0.7995,0.1961,-0.0029,0.2683,0.4985,0.7667,high,high,0
default,0.7028,0.7995,0.1961,-0.0029,0.2683,0.4985,0.7667,high,high,0
default,0.7028,0.7995,0.1961,-0.0029,0.2683,0.4985,0.7667,high,high,0
default,0.7028,0.7995,0.1961,-0.0029,0.2683,0.4985,0.7667,high,high,0
default,0.7028,0.7995,0.1961,-0.0029,0.2683,0.4985,0.7667,high,high,0
default,0.7028,0.7995,0.1961,-0.0029,0.2683,0.4985,0.7667,high,high,0
default,0.7028,0.7995,0.1961,-0.0029,0.2683,0.4985,0.7667,high,high,0
default,0.7029,0.7995,0.1955,-0.0029,0.2725,0.4985,0.7643,high,high,0
default,0.7102,0.7981,0.1848,-0.0099,0.2703,0.4950,0.7310,high,high,0
default,0.3415,0.7755,0.2910,-0.3434,0.2394,0.4915,0.0000,low,low,0
default,0.5159,0.7482,0.3925,-0.2934,0.1837,0.4903,0.0000,boundary,low,1
default,0.5932,0.7535,0.3960,-0.2402,0.1212,0.4893,0.0000,boundary,low,1
default,0.6355,0.7563,0.3850,-0.1984,0.1614,0.4840,0.1174,boundary,low,1
default,0.6599,0.7578,0.3945,-0.1682,0.1543,0.4835,0.1319,boundary,low,1
default,0.6747,0.7584,0.4045,-0.1471,0.1500,0.4831,0.1115,boundary,low,1
default,0.6839,0.7587,0.4029,-0.1326,0.1500,0.4828,0.1311,boundary,low,1
default,0.6897,0.7588,0.4046,-0.1231,0.1500,0.4824,0.1300,boundary,low,1
default,0.6933,0.7590,0.4016,-0.1174,0.1500,0.4822,0.1477,boundary,low,1
default,0.6965,0.7592,0.3950,-0.1119,0.1500,0.4823,0.1825,boundary,low,1
default,0.6993,0.7594,0.3845,-0.1067,0.1500,0.4824,0.2353,boundary,low,1
default,0.7018,0.7598,0.3754,-0.1019,0.1500,0.4831,0.2811,boundary,low,1
default,0.7505,0.7746,0.1432,-0.0337,0.2721,0.4832,0.5138,high,high,0
default,0.7515,0.7745,0.1428,-0.0333,0.2743,0.4834,0.5105,high,high,0
default,0.7221,0.7489,0.2848,-0.0184,0.1500,0.4839,0.6734,boundary,boundary,0
default,0.7222,0.7575,0.3006,-0.0260,0.0000,0.4840,0.6346,boundary,boundary,0
default,0.7517,0.7742,0.1393,-0.0319,0.2754,0.4841,0.4936,high,high,0
default,0.7522,0.7742,0.1392,-0.0316,0.2736,0.4842,0.4926,high,high,0
default,0.7159,0.7438,0.3503,-0.0213,0.1500,0.4843,0.3823,boundary,low,1
default,0.7189,0.7541,0.3664,-0.0276,0.0000,0.4844,0.3259,boundary,low,1
default,0.7204,0.7592,0.3736,-0.0321,0.0000,0.4844,0.2988,boundary,low,1
default,0.7208,0.7613,0.3793,-0.0350,0.0000,0.4845,0.2735,boundary,low,1
default,0.7224,0.7638,0.3662,-0.0370,0.0000,0.4851,0.3399,boundary,low,1
default,0.7226,0.7646,0.3710,-0.0382,0.1500,0.4851,0.3178,boundary,low,1
default,0.7544,0.7740,0.1399,-0.0294,0.2782,0.4853,0.4928,high,high,0
default,0.7547,0.7740,0.1399,-0.0293,0.2717,0.4854,0.4927,high,high,0
default,0.7334,0.7355,0.3587,0.0167,0.1499,0.4855,0.3285,boundary,low,1
default,0.7296,0.7477,0.3766,0.0010,0.0000,0.4861,0.2690,boundary,low,1
default,0.7291,0.7553,0.3650,-0.0099,0.0000,0.4861,0.3355,boundary,low,1
default,0.7289,0.7595,0.3717,-0.0172,0.1499,0.4862,0.3087,boundary,low,1
default,0.7288,0.7619,0.3861,-0.0219,0.1499,0.4862,0.2418,boundary,low,1
default,0.7287,0.7633,0.3941,-0.0251,0.1499,0.4862,0.2041,boundary,low,1
default,0.7287,0.7641,0.3910,-0.0272,0.1499,0.4863,0.2200,boundary,low,1
default,0.7287,0.7646,0.3830,-0.0285,0.1499,0.4863,0.2597,boundary,low,1
default,0.7287,0.7649,0.3734,-0.0292,0.1499,0.4863,0.3062,boundary,low,1
default,0.7288,0.7651,0.3654,-0.0299,0.1499,0.4863,0.3456,boundary,low,1
default,0.7289,0.7654,0.3531,-0.0306,0.1499,0.4864,0.4053,boundary,boundary,0
default,0.7285,0.7653,0.3453,-0.0312,0.0000,0.4865,0.4427,boundary,boundary,0
default,0.7287,0.7656,0.3313,-0.0318,0.1500,0.4865,0.5096,boundary,boundary,0
default,0.7291,0.7660,0.3142,-0.0323,0.0000,0.4865,0.5911,boundary,boundary,0
default,0.7287,0.7658,0.3029,-0.0328,0.0000,0.4865,0.6431,boundary,boundary,0
default,0.7283,0.7656,0.2933,-0.0332,0.0000,0.4865,0.6862,boundary,boundary,0
default,0.7284,0.7657,0.2832,-0.0336,0.0000,0.4865,0.7304,boundary,boundary,0
default,0.7551,0.7756,0.1311,-0.0271,0.2709,0.4865,0.4523,high,high,0
default,0.7582,0.7765,0.1314,-0.0263,0.2744,0.4868,0.4500,high,high,0
default,0.7367,0.7382,0.2405,0.0173,0.0000,0.4871,0.7210,high,high,0
default,0.7331,0.7508,0.2644,0.0015,0.1500,0.4872,0.7450,boundary,boundary,0
default,0.7314,0.7572,0.2752,-0.0094,0.1500,0.4871,0.7357,boundary,boundary,0
default,0.7306,0.7606,0.2805,-0.0166,0.1500,0.4870,0.7270,boundary,boundary,0
default,0.7301,0.7626,0.2832,-0.0214,0.1500,0.4869,0.7216,boundary,boundary,0
default,0.7299,0.7638,0.2848,-0.0245,0.1498,0.4868,0.7184,boundary,boundary,0
default,0.7297,0.7645,0.2857,-0.0266,0.1488,0.4867,0.7164,boundary,boundary,0
default,0.7296,0.7649,0.2862,-0.0279,0.0000,0.4866,0.7150,boundary,boundary,0
default,0.7296,0.7651,0.2819,-0.0286,0.0000,0.4866,0.7340,boundary,boundary,0
default,0.7655,0.7774,0.1287,-0.0255,0.2967,0.4873,0.4268,high,boundary,1
default,0.7627,0.7735,0.1297,-0.0230,0.2841,0.4885,0.4330,high,boundary,1
default,0.7219,0.6974,0.2516,0.0352,0.0000,0.4888,0.5177,boundary,boundary,0
default,0.7179,0.7057,0.2700,0.0249,0.0000,0.4894,0.5325,boundary,boundary,0
default,0.7233,0.7302,0.2761,0.0122,0.0000,0.4894,0.6301,boundary,boundary,0
default,0.7244,0.7416,0.2860,0.0019,0.1500,0.4893,0.6444,boundary,boundary,0
default,0.7251,0.7482,0.2913,-0.0056,0.1500,0.4893,0.6476,boundary,boundary,0
default,0.7259,0.7526,0.2921,-0.0109,0.1500,0.4888,0.6576,boundary,boundary,0
default,0.7264,0.7551,0.2926,-0.0144,0.1499,0.4887,0.6630,boundary,boundary,0
default,0.7268,0.7566,0.2929,-0.0168,0.0000,0.4887,0.6658,boundary,boundary,0
default,0.7276,0.7578,0.2856,-0.0181,0.1499,0.4884,0.6990,boundary,boundary,0
default,0.7277,0.7584,0.2822,-0.0194,0.0000,0.4882,0.7143,boundary,boundary,0
default,0.7278,0.7590,0.2747,-0.0206,0.0000,0.4880,0.7448,boundary,boundary,0
default,0.7028,0.7995,0.1961,-0.0029,0.2683,0.4985,0.7667,high,high,0
default,0.7028,0.7995,0.1961,-0.0029,0.2683,0.4985,0.7667,high,high,0
default,0.7028,0.7995,0.1961,-0.0029,0.2683,0.4985,0.7667,high,high,0
default,0.7028,0.7995,0.1961,-0.0029,0.2683,0.4985,0.7667,high,high,0
default,0.7028,0.7995,0.1961,-0.0029,0.2683,0.4985,0.7667,high,high,0
default,0.7028,0.7995,0.1961,-0.0029,0.2683,0.4985,0.7667,high,high,0
default,0.7028,0.7995,0.1961,-0.0029,0.2683,0.4985,0.7667,high,high,0
default,0.7028,0.7995,0.1961,-0.0029,0.2683,0.4985,0.7667,high,high,0
default,0.7028,0.7995,0.1961,-0.0029,0.2683,0.4985,0.7667,high,high,0
default,0.7028,0.7995,0.1961,-0.0029,0.2683,0.4985,0.7667,high,high,0
default,0.7028,0.7995,0.1961,-0.0029,0.2683,0.4985,0.7667,high,high,0
default,0.7028,0.7995,0.1961,-0.0029,0.2683,0.4985,0.7667,high,high,0
default,0.7028,0.7995,0.1961,-0.0029,0.2683,0.4985,0.7667,high,high,0
default,0.7028,0.7995,0.1961,-0.0029,0.2683,0.4985,0.7667,high,high,0
default,0.7028,0.7995,0.1961,-0.0029,0.2683,0.4985,0.7667,high,high,0
default,0.7027,0.7995,0.1959,-0.0029,0.2643,0.4985,0.7657,high,high,0
default,0.7130,0.7974,0.1812,-0.0133,0.2617,0.4934,0.7177,high,high,0
default,0.3419,0.8780,0.2395,-0.4418,0.2622,0.4854,0.0000,low,low,0
default,0.5241,0.8131,0.3374,-0.3731,0.2025,0.4823,0.0000,low,low,0
default,0.6010,0.7953,0.3457,-0.3015,0.1857,0.4817,0.1756,low,low,0
default,0.6431,0.7858,0.3372,-0.2459,0.1726,0.4820,0.3508,boundary,low,1
default,0.6674,0.7810,0.3482,-0.2062,0.1632,0.4827,0.3703,boundary,low,1
default,0.6821,0.7780,0.3596,-0.1786,0.1567,0.4835,0.3470,boundary,low,1
default,0.6914,0.7765,0.3592,-0.1599,0.0023,0.4841,0.3618,boundary,low,1
default,0.7027,0.7995,0.1959,-0.0029,0.2643,0.4985,0.7657,high,high,0
default,0.7028,0.7995,0.1961,-0.0029,0.2683,0.4985,0.7667,high,high,0
default,0.7028,0.7995,0.1961,-0.0029,0.2683,0.4985,0.7667,high,high,0
default,0.7240,0.7952,0.1658,-0.0223,0.2639,0.4888,0.6497,high,high,0
default,0.7028,0.7995,0.1961,-0.0029,0.2683,0.4985,0.7667,high,high,0
default,0.7028,0.7995,0.1961,-0.0029,0.2683,0.4985,0.7667,high,high,0
default,0.7028,0.7995,0.1961,-0.0029,0.2683,0.4985,0.7667,high,high,0
default,0.7028,0.7995,0.1959,-0.0029,0.2648,0.4985,0.7658,high,high,0
Vigil,0.7027,0.7995,0.1959,-0.0029,0.2643,0.4985,0.6653,high,high,0
Vigil,0.7080,0.7985,0.1883,-0.0083,0.2632,0.4959,0.6463,high,high,0
Vigil,0.3419,0.8780,0.2395,-0.4418,0.2622,0.4867,0.0000,low,low,0
Vigil,0.7367,0.7891,0.1624,-0.0299,0.2976,0.4850,0.5422,high,high,0
Vigil,0.7471,0.7789,0.1609,-0.0336,0.3207,0.4832,0.5261,high,high,0
Vigil,0.7241,0.7145,0.4087,0.0383,0.1500,0.4833,0.0000,boundary,low,1
Vigil,0.7198,0.7378,0.4167,0.0129,0.0000,0.4837,0.0000,boundary,low,1
Vigil,0.7196,0.7492,0.4238,-0.0041,0.0000,0.4842,0.0000,boundary,low,1
Vigil,0.7206,0.7556,0.4135,-0.0149,0.0000,0.4846,0.0000,boundary,low,1
Vigil,0.7219,0.7594,0.4113,-0.0217,0.0000,0.4850,0.0000,boundary,low,1
Vigil,0.7230,0.7620,0.4028,-0.0260,0.0000,0.4853,0.0305,boundary,low,1
Vigil,0.7239,0.7640,0.3899,-0.0288,0.0000,0.4854,0.1072,boundary,low,1
Vigil,0.7275,0.7682,0.3659,-0.0306,0.1500,0.4854,0.2512,boundary,low,1
Vigil,0.7276,0.7688,0.3542,-0.0317,0.0000,0.4854,0.3191,boundary,low,1
Vigil,0.7278,0.7694,0.3489,-0.0327,0.0000,0.4854,0.3503,boundary,low,1
Vigil,0.7280,0.7699,0.3397,-0.0336,0.0000,0.4854,0.4040,boundary,boundary,0
Vigil,0.7283,0.7704,0.3271,-0.0344,0.0000,0.4855,0.4764,boundary,boundary,0
Vigil,0.7287,0.7708,0.3165,-0.0352,0.0000,0.4855,0.5379,boundary,boundary,0
Vigil,0.7290,0.7712,0.3027,-0.0359,0.0000,0.4856,0.6162,boundary,boundary,0
Vigil,0.7293,0.7716,0.2910,-0.0365,0.0000,0.4856,0.6820,boundary,boundary,0
Vigil,0.7297,0.7720,0.2810,-0.0371,0.0000,0.4857,0.7370,boundary,boundary,0
Vigil,0.7300,0.7723,0.2725,-0.0376,0.0000,0.4857,0.7823,boundary,boundary,0
Vigil,0.7304,0.7727,0.2652,-0.0381,0.0000,0.4858,0.8193,boundary,boundary,0
Vigil,0.7307,0.7730,0.2544,-0.0385,0.0000,0.4858,0.8669,boundary,boundary,0
Vigil,0.7315,0.7734,0.2452,-0.0389,0.0000,0.4858,0.8955,high,high,0
Vigil,0.7322,0.7738,0.2421,-0.0391,0.0000,0.4859,0.9025,high,high,0
Vigil,0.7329,0.7742,0.2394,-0.0394,0.0000,0.4860,0.9060,high,high,0
Vigil,0.7335,0.7745,0.2371,-0.0395,0.0000,0.4860,0.9070,high,high,0
Vigil,0.7340,0.7749,0.2351,-0.0397,0.0000,0.4861,0.9064,high,high,0
Vigil,0.7344,0.7752,0.2335,-0.0398,0.0000,0.4861,0.9048,high,high,0
Vigil,0.7348,0.7755,0.2320,-0.0399,0.0000,0.4862,0.9027,high,high,0
Vigil,0.7352,0.7757,0.2308,-0.0399,0.0000,0.4862,0.9005,high,high,0
Vigil,0.7355,0.7760,0.2298,-0.0400,0.0000,0.4862,0.8984,high,high,0
Vigil,0.7358,0.7762,0.2289,-0.0400,0.0000,0.4862,0.8965,high,high,0
Vigil,0.7360,0.7765,0.2235,-0.0401,0.0000,0.4862,0.8745,high,high,0
Vigil,0.7362,0.7767,0.2189,-0.0401,0.0000,0.4863,0.8530,high,high,0
Vigil,0.7341,0.7754,0.2241,-0.0402,0.1500,0.4864,0.8718,high,high,0
Vigil,0.7340,0.7756,0.2251,-0.0404,0.0000,0.4864,0.8769,high,high,0
Vigil,0.7339,0.7757,0.2296,-0.0405,0.1500,0.4864,0.8952,high,high,0
Vigil,0.7315,0.7744,0.2470,-0.0407,0.1500,0.4865,0.8974,high,high,0
Vigil,0.7295,0.7732,0.2613,-0.0410,0.0000,0.4866,0.8379,boundary,boundary,0
Vigil,0.7276,0.7721,0.2733,-0.0414,0.0000,0.4867,0.7743,boundary,boundary,0
Vigil,0.7260,0.7710,0.2835,-0.0417,0.0000,0.4866,0.7171,boundary,boundary,0
Vigil,0.7246,0.7701,0.2922,-0.0421,0.0000,0.4866,0.6674,boundary,boundary,0
Vigil,0.7234,0.7692,0.2995,-0.0425,0.0000,0.4865,0.6248,boundary,boundary,0
Vigil,0.7223,0.7684,0.3057,-0.0429,0.0000,0.4864,0.5883,boundary,boundary,0
Vigil,0.7213,0.7677,0.3062,-0.0432,0.0000,0.4862,0.5826,boundary,boundary,0
Vigil,0.7205,0.7670,0.3020,-0.0435,0.0000,0.4861,0.6027,boundary,boundary,0
Vigil,0.7197,0.7663,0.2938,-0.0438,0.0000,0.4860,0.6434,boundary,boundary,0
Vigil,0.7191,0.7657,0.2868,-0.0441,0.0000,0.4859,0.6762,boundary,boundary,0
Vigil,0.7185,0.7649,0.2808,-0.0443,0.1495,0.4858,0.7015,boundary,boundary,0
Vigil,0.7180,0.7642,0.2757,-0.0445,0.0000,0.4857,0.7211,boundary,boundary,0
Vigil,0.7175,0.7635,0.2714,-0.0447,0.0000,0.4857,0.7359,boundary,boundary,0
Vigil,0.7517,0.7656,0.1487,-0.0273,0.3063,0.4863,0.4376,high,boundary,1
Vigil,0.7514,0.7668,0.1514,-0.0254,0.2890,0.4873,0.4549,high,high,0
Vigil,0.7521,0.7669,0.1514,-0.0252,0.2782,0.4874,0.4539,high,high,0
Vigil,0.7520,0.7670,0.1509,-0.0251,0.2775,0.4875,0.4518,high,high,0
Vigil,0.7520,0.7672,0.1505,-0.0250,0.2773,0.4875,0.4498,high,boundary,1
Vigil,0.7518,0.7681,0.1548,-0.0239,0.2895,0.4881,0.4754,high,high,0
Vigil,0.7518,0.7683,0.1542,-0.0238,0.2778,0.4881,0.4722,high,high,0
Vigil,0.7518,0.7687,0.1593,-0.0232,0.2897,0.4884,0.5015,high,high,0
Vigil,0.7156,0.7465,0.4031,-0.0253,0.1499,0.4884,0.0051,boundary,low,1
Vigil,0.7174,0.7547,0.4183,-0.0307,0.1500,0.4880,0.0000,boundary,low,1
Vigil,0.7183,0.7588,0.4111,-0.0346,0.0000,0.4875,0.0000,boundary,low,1
Vigil,0.7456,0.7681,0.1649,-0.0251,0.2837,0.4875,0.5370,high,high,0
Vigil,0.7544,0.7676,0.1631,-0.0245,0.3016,0.4878,0.5179,high,high,0
Vigil,0.7540,0.7676,0.1616,-0.0243,0.2752,0.4878,0.5101,high,high,0
Vigil,0.7561,0.7623,0.1571,-0.0217,0.2993,0.4892,0.4738,high,high,0
Vigil,0.7564,0.7597,0.1529,-0.0182,0.2893,0.4909,0.4460,high,boundary,1
Vigil,0.7521,0.7615,0.1499,-0.0161,0.2899,0.4919,0.4371,high,boundary,1
Vigil,0.7545,0.7606,0.1456,-0.0147,0.2839,0.4927,0.4093,high,boundary,1
Vigil,0.7523,0.7654,0.1443,-0.0143,0.2822,0.4929,0.4120,high,boundary,1
Vigil,0.7342,0.7320,0.2489,0.0239,0.1500,0.4921,0.6581,high,high,0
Vigil,0.7366,0.7669,0.2525,-0.0005,0.1500,0.4906,0.8494,boundary,boundary,0
Vigil,0.7378,0.7843,0.2400,-0.0189,0.0000,0.4889,0.9687,high,high,0
Vigil,0.7385,0.7933,0.2463,-0.0315,0.0000,0.4873,0.9584,high,high,0
Vigil,0.7388,0.7980,0.2604,-0.0398,0.0000,0.4861,0.8721,boundary,boundary,0
Vigil,0.7390,0.8004,0.2683,-0.0452,0.0000,0.4853,0.8242,boundary,boundary,0
Vigil,0.7391,0.8016,0.2728,-0.0487,0.0000,0.4847,0.7967,boundary,boundary,0
Vigil,0.7391,0.8022,0.2756,-0.0509,0.0000,0.4843,0.7805,boundary,boundary,0
Vigil,0.7390,0.8025,0.2819,-0.0521,0.1500,0.4841,0.7449,boundary,boundary,0
Vigil,0.7390,0.8028,0.2872,-0.0533,0.1500,0.4840,0.7144,boundary,boundary,0
Vigil,0.7389,0.8032,0.2871,-0.0544,0.0000,0.4839,0.7146,boundary,boundary,0
Vigil,0.7387,0.8036,0.2916,-0.0555,0.0000,0.4839,0.6884,boundary,boundary,0
Vigil,0.7386,0.8039,0.2955,-0.0564,0.0000,0.4838,0.6659,boundary,boundary,0
Vigil,0.7384,0.8044,0.2941,-0.0574,0.0000,0.4837,0.6731,boundary,boundary,0
Vigil,0.7383,0.8048,0.2976,-0.0583,0.1498,0.4836,0.6528,boundary,boundary,0
Vigil,0.7381,0.8052,0.3052,-0.0592,0.1499,0.4836,0.6088,boundary,boundary,0
Vigil,0.7380,0.8056,0.3117,-0.0600,0.0000,0.4835,0.5713,boundary,boundary,0
Vigil,0.7378,0.8059,0.3126,-0.0608,0.0000,0.4834,0.5660,boundary,boundary,0
Vigil,0.7377,0.8062,0.3180,-0.0616,0.0000,0.4834,0.5348,boundary,boundary,0
Vigil,0.7376,0.8065,0.3272,-0.0623,0.0000,0.4833,0.4813,boundary,boundary,0
Vigil,0.7668,0.7829,0.1517,-0.0320,0.2851,0.4840,0.4501,high,high,0
Vigil,0.7660,0.7826,0.1517,-0.0299,0.2688,0.4851,0.4511,high,high,0
Vigil,0.7429,0.7700,0.3380,-0.0050,0.0000,0.4856,0.4149,boundary,boundary,0
Vigil,0.7401,0.7844,0.3432,-0.0227,0.1500,0.4856,0.3958,boundary,low,1
Vigil,0.7388,0.7919,0.3316,-0.0348,0.1500,0.4853,0.4650,boundary,boundary,0
Vigil,0.7382,0.7960,0.3383,-0.0429,0.1500,0.4850,0.4244,boundary,boundary,0
Vigil,0.7378,0.7983,0.3528,-0.0482,0.1500,0.4846,0.3390,boundary,low,1
Vigil,0.7377,0.7997,0.3515,-0.0516,0.0000,0.4843,0.3460,boundary,low,1
Vigil,0.7376,0.8004,0.3429,-0.0539,0.0000,0.4841,0.3954,boundary,low,1
Vigil,0.7375,0.8007,0.3378,-0.0553,0.0000,0.4839,0.4250,boundary,boundary,0
Vigil,0.7375,0.8010,0.3301,-0.0561,0.0000,0.4837,0.4699,boundary,boundary,0
Vigil,0.7375,0.8012,0.3235,-0.0569,0.0000,0.4836,0.5079,boundary,boundary,0
Vigil,0.7374,0.8014,0.3132,-0.0576,0.0000,0.4835,0.5673,boundary,boundary,0
Vigil,0.7374,0.8016,0.3045,-0.0582,0.0000,0.4834,0.6175,boundary,boundary,0
Vigil,0.7374,0.8018,0.2924,-0.0588,0.0000,0.4833,0.6866,boundary,boundary,0
Vigil,0.7373,0.8019,0.2775,-0.0594,0.0000,0.4833,0.7707,boundary,boundary,0
Vigil,0.7373,0.8021,0.2648,-0.0600,0.0000,0.4832,0.8391,boundary,boundary,0
Vigil,0.7372,0.8023,0.2540,-0.0605,0.0000,0.4832,0.8909,boundary,boundary,0
Vigil,0.7372,0.8024,0.2448,-0.0610,0.0000,0.4832,0.9203,high,high,0
Vigil,0.7371,0.8028,0.2417,-0.0614,0.0000,0.4832,0.9224,high,high,0
Vigil,0.7371,0.8031,0.2391,-0.0619,0.0000,0.4832,0.9205,high,high,0
Vigil,0.7348,0.8017,0.2451,-0.0624,0.0000,0.4833,0.9229,high,high,0
Vigil,0.7669,0.7822,0.1432,-0.0319,0.2850,0.4841,0.4019,high,boundary,1
Vigil,0.7667,0.7820,0.1426,-0.0317,0.2626,0.4842,0.3991,high,low,1
Vigil,0.7661,0.7833,0.1440,-0.0298,0.2706,0.4851,0.4085,high,boundary,1
Vigil,0.7294,0.7807,0.2808,-0.0385,0.1500,0.4854,0.7532,boundary,boundary,0
Vigil,0.7307,0.7904,0.2991,-0.0481,0.1500,0.4852,0.6538,boundary,boundary,0
Vigil,0.7313,0.7927,0.3073,-0.0534,0.1000,0.4849,0.6058,boundary,boundary,0
Vigil,0.7317,0.7935,0.3113,-0.0564,0.0000,0.4846,0.5823,boundary,boundary,0
Vigil,0.7318,0.7983,0.3134,-0.0594,0.0000,0.4842,0.5676,boundary,boundary,0
Vigil,0.7319,0.8013,0.3146,-0.0619,0.1500,0.4838,0.5584,boundary,boundary,0
Vigil,0.7319,0.8030,0.3153,-0.0637,0.1500,0.4834,0.5529,boundary,boundary,0
Vigil,0.7320,0.8039,0.3095,-0.0650,0.0000,0.4830,0.5852,boundary,boundary,0
Vigil,0.7320,0.8040,0.3060,-0.0657,0.0000,0.4828,0.6051,boundary,boundary,0
Vigil,0.7320,0.8041,0.3041,-0.0663,0.1500,0.4828,0.6156,boundary,boundary,0
Vigil,0.7326,0.8042,0.3004,-0.0668,0.1500,0.4831,0.6370,boundary,boundary,0
Vigil,0.7298,0.8026,0.3084,-0.0675,0.1500,0.4836,0.5914,boundary,boundary,0
Vigil,0.7292,0.8025,0.3084,-0.0680,0.0000,0.4839,0.5916,boundary,boundary,0
Vigil,0.7288,0.8023,0.3078,-0.0686,0.0000,0.4839,0.5947,boundary,boundary,0
Vigil,0.7286,0.8021,0.3069,-0.0691,0.0000,0.4838,0.6003,boundary,boundary,0
Vigil,0.7285,0.8018,0.3041,-0.0695,0.0000,0.4839,0.6164,boundary,boundary,0
Vigil,0.7286,0.8015,0.3044,-0.0698,0.1500,0.4840,0.6151,boundary,boundary,0
Vigil,0.7287,0.8013,0.3034,-0.0701,0.0000,0.4841,0.6212,boundary,boundary,0
Vigil,0.7288,0.8012,0.3014,-0.0703,0.0000,0.4841,0.6326,boundary,boundary,0
Vigil,0.7290,0.8010,0.2989,-0.0705,0.0000,0.4840,0.6474,boundary,boundary,0
Vigil,0.7292,0.8009,0.2959,-0.0706,0.0000,0.4839,0.6645,boundary,boundary,0
Vigil,0.7294,0.8008,0.2881,-0.0707,0.1500,0.4837,0.7090,boundary,boundary,0
Vigil,0.7296,0.8007,0.2763,-0.0707,0.1500,0.4834,0.7753,boundary,boundary,0
Vigil,0.7298,0.8006,0.2658,-0.0707,0.0000,0.4832,0.8321,boundary,boundary,0
Vigil,0.7299,0.8005,0.2565,-0.0707,0.0000,0.4830,0.8785,boundary,boundary,0
Vigil,0.7300,0.8004,0.2483,-0.0707,0.0000,0.4828,0.9114,high,high,0
Vigil,0.7301,0.8001,0.2458,-0.0706,0.0000,0.4827,0.9194,high,high,0
Vigil,0.7302,0.7998,0.2437,-0.0705,0.0000,0.4826,0.9253,high,high,0
Vigil,0.7304,0.7996,0.2419,-0.0704,0.0000,0.4825,0.9289,high,high,0
Vigil,0.7305,0.7995,0.2408,-0.0702,0.0000,0.4825,0.9304,high,high,0
Vigil,0.7307,0.7995,0.2397,-0.0701,0.0000,0.4825,0.9305,high,high,0
Vigil,0.7314,0.8003,0.2387,-0.0700,0.0000,0.4825,0.9283,high,high,0
Vigil,0.7320,0.8009,0.2376,-0.0699,0.0000,0.4824,0.9254,high,high,0
Vigil,0.7325,0.8016,0.2366,-0.0698,0.0000,0.4823,0.9214,high,high,0
Vigil,0.7669,0.7833,0.1298,-0.0342,0.2890,0.4829,0.3273,high,low,1
Vigil,0.7681,0.7854,0.1279,-0.0322,0.2713,0.4839,0.3152,high,low,1
Vigil,0.7744,0.7862,0.1246,-0.0298,0.2789,0.4851,0.2863,high,low,1
Vigil,0.7738,0.7887,0.1245,-0.0277,0.2629,0.4861,0.2872,high,low,1
Vigil,0.7427,0.7765,0.1901,-0.0102,0.1500,0.4864,0.6936,high,high,0
Vigil,0.7399,0.7914,0.2082,-0.0288,0.1500,0.4861,0.8100,high,high,0
Vigil,0.7387,0.7990,0.2161,-0.0414,0.1500,0.4856,0.8468,high,high,0
Vigil,0.7381,0.8032,0.2198,-0.0497,0.1500,0.4851,0.8553,high,high,0
Vigil,0.7378,0.8055,0.2218,-0.0551,0.0000,0.4846,0.8564,high,high,0
Vigil,0.7377,0.8066,0.2321,-0.0585,0.0000,0.4842,0.8888,high,high,0
Vigil,0.7376,0.8072,0.2458,-0.0607,0.0000,0.4839,0.8919,high,high,0
Vigil,0.7376,0.8074,0.2540,-0.0621,0.0000,0.4837,0.8685,boundary,boundary,0
Vigil,0.7376,0.8075,0.2589,-0.0629,0.0000,0.4836,0.8489,boundary,boundary,0
Vigil,0.7375,0.8075,0.2631,-0.0636,0.0000,0.4835,0.8304,boundary,boundary,0
Vigil,0.7375,0.8076,0.2620,-0.0642,0.0000,0.4834,0.8354,boundary,boundary,0
Vigil,0.7375,0.8076,0.2656,-0.0648,0.0000,0.4833,0.8181,boundary,boundary,0
Vigil,0.7374,0.8077,0.2734,-0.0654,0.0000,0.4833,0.7791,boundary,boundary,0
Vigil,0.7373,0.8078,0.2800,-0.0659,0.0000,0.4832,0.7442,boundary,boundary,0
Vigil,0.7373,0.8079,0.2810,-0.0664,0.0000,0.4831,0.7389,boundary,boundary,0
Vigil,0.7372,0.8080,0.2818,-0.0668,0.0000,0.4831,0.7344,boundary,boundary,0
Vigil,0.7372,0.8080,0.2825,-0.0672,0.0000,0.4830,0.7306,boundary,boundary,0
Vigil,0.7371,0.8081,0.2830,-0.0676,0.0000,0.4829,0.7273,boundary,boundary,0
Vigil,0.7371,0.8082,0.2835,-0.0679,0.0000,0.4829,0.7245,boundary,boundary,0
Vigil,0.7370,0.8083,0.2839,-0.0683,0.0000,0.4828,0.7221,boundary,boundary,0
Vigil,0.7370,0.8084,0.2796,-0.0686,0.0000,0.4828,0.7450,boundary,boundary,0
Vigil,0.7369,0.8084,0.2713,-0.0689,0.0000,0.4827,0.7879,boundary,boundary,0
Vigil,0.7369,0.8085,0.2642,-0.0692,0.0000,0.4827,0.8218,boundary,boundary,0
Vigil,0.7368,0.8086,0.2582,-0.0694,0.0000,0.4826,0.8474,boundary,boundary,0
Vigil,0.7368,0.8089,0.2484,-0.0697,0.0000,0.4826,0.8777,high,high,0
Vigil,0.7368,0.8096,0.2447,-0.0700,0.0000,0.4824,0.8801,high,high,0
Vigil,0.7388,0.8120,0.2341,-0.0703,0.1500,0.4823,0.8632,high,high,0
Vigil,0.7385,0.8128,0.2373,-0.0707,0.0000,0.4821,0.8624,high,high,0
Vigil,0.7383,0.8137,0.2446,-0.0712,0.0000,0.4820,0.8562,high,high,0
Vigil,0.7749,0.7945,0.1345,-0.0355,0.2723,0.4822,0.3398,high,low,1
Vigil,0.7757,0.7948,0.1335,-0.0341,0.2604,0.4830,0.3328,high,low,1
Vigil,0.7757,0.7945,0.1325,-0.0340,0.2559,0.4830,0.3274,high,low,1
Vigil,0.7757,0.7946,0.1322,-0.0339,0.2502,0.4831,0.3256,high,low,1
Vigil,0.7757,0.7944,0.1310,-0.0338,0.2519,0.4831,0.3189,high,low,1
Vigil,0.7757,0.7941,0.1298,-0.0337,0.2516,0.4831,0.3126,high,low,1
Vigil,0.7813,0.7949,0.1286,-0.0316,0.2696,0.4842,0.2943,high,low,1
Vigil,0.7802,0.7967,0.1276,-0.0298,0.2608,0.4851,0.2907,high,low,1
Vigil,0.7426,0.7975,0.2353,-0.0284,0.1500,0.4853,0.9360,high,high,0
Vigil,0.7399,0.8129,0.2452,-0.0485,0.1500,0.4849,0.8596,high,high,0
Vigil,0.7386,0.8207,0.2497,-0.0619,0.1500,0.4844,0.8095,high,high,0
Vigil,0.7380,0.8249,0.2643,-0.0707,0.1500,0.4838,0.7500,boundary,boundary,0
Vigil,0.7833,0.8003,0.1254,-0.0321,0.2678,0.4839,0.2702,high,low,1
Vigil,0.7879,0.8000,0.1263,-0.0300,0.2622,0.4850,0.2652,high,low,1
Vigil,0.7857,0.8008,0.1275,-0.0281,0.2586,0.4860,0.2762,high,low,1
Vigil,0.7432,0.7962,0.3080,-0.0269,0.1500,0.4861,0.6002,boundary,boundary,0
Vigil,0.7404,0.8114,0.3282,-0.0467,0.1500,0.4858,0.4690,boundary,boundary,0
Vigil,0.7392,0.8193,0.3373,-0.0601,0.1500,0.4852,0.4055,boundary,boundary,0
Vigil,0.7385,0.8236,0.3418,-0.0688,0.1500,0.4845,0.3730,boundary,low,1
Vigil,0.7381,0.8260,0.3332,-0.0745,0.1495,0.4839,0.4153,boundary,boundary,0
Vigil,0.7379,0.8274,0.3284,-0.0783,0.0000,0.4834,0.4381,boundary,boundary,0
Vigil,0.7378,0.8281,0.3334,-0.0807,0.0000,0.4830,0.4095,boundary,boundary,0
Vigil,0.7377,0.8284,0.3364,-0.0822,0.0000,0.4827,0.3925,boundary,low,1
Vigil,0.7376,0.8285,0.3382,-0.0830,0.0000,0.4825,0.3825,boundary,low,1
Vigil,0.7376,0.8286,0.3444,-0.0838,0.0000,0.4823,0.3483,boundary,low,1
Vigil,0.7375,0.8287,0.3497,-0.0846,0.0000,0.4821,0.3191,boundary,low,1
Vigil,0.7374,0.8289,0.3542,-0.0853,0.0000,0.4820,0.2940,boundary,low,1
Vigil,0.7373,0.8290,0.3533,-0.0859,0.0000,0.4819,0.2985,boundary,low,1
Vigil,0.7372,0.8292,0.3572,-0.0865,0.0000,0.4818,0.2764,boundary,low,1
Vigil,0.7371,0.8294,0.3606,-0.0871,0.0000,0.4817,0.2575,boundary,low,1
Vigil,0.7370,0.8295,0.3588,-0.0876,0.0000,0.4815,0.2673,boundary,low,1
Vigil,0.7369,0.8297,0.3572,-0.0881,0.0000,0.4814,0.2756,boundary,low,1
Vigil,0.7368,0.8298,0.3559,-0.0886,0.0000,0.4814,0.2828,boundary,low,1
Vigil,0.7779,0.7950,0.1335,-0.0361,0.2772,0.4820,0.3283,high,low,1
Vigil,0.7825,0.7949,0.1323,-0.0333,0.2687,0.4833,0.3117,high,low,1
Vigil,0.7805,0.7960,0.1322,-0.0309,0.2622,0.4845,0.3151,high,low,1
Vigil,0.7423,0.7964,0.3080,-0.0278,0.1500,0.4849,0.6005,boundary,boundary,0
Vigil,0.7395,0.8120,0.3126,-0.0479,0.1500,0.4847,0.5562,boundary,boundary,0
Vigil,0.7382,0.8200,0.3008,-0.0614,0.1500,0.4842,0.6036,boundary,boundary,0
Vigil,0.7376,0.8244,0.3074,-0.0703,0.1500,0.4836,0.5572,boundary,boundary,0
Vigil,0.7373,0.8269,0.3109,-0.0761,0.1500,0.4831,0.5324,boundary,boundary,0
Vigil,0.7371,0.8282,0.3128,-0.0798,0.0000,0.4826,0.5188,boundary,boundary,0
Vigil,0.7371,0.8291,0.3217,-0.0823,0.0000,0.4823,0.4699,boundary,boundary,0
Vigil,0.7370,0.8295,0.3271,-0.0838,0.0000,0.4820,0.4406,boundary,boundary,0
Vigil,0.7810,0.7977,0.1338,-0.0351,0.2721,0.4825,0.3223,high,low,1
Vigil,0.7850,0.7968,0.1354,-0.0324,0.2691,0.4838,0.3220,high,low,1
Vigil,0.7823,0.7974,0.1352,-0.0301,0.2621,0.4850,0.3266,high,low,1
Vigil,0.7428,0.7962,0.3426,-0.0270,0.1500,0.4853,0.3985,boundary,low,1
Vigil,0.7834,0.7979,0.1345,-0.0286,0.2636,0.4857,0.3205,high,low,1
Vigil,0.7819,0.7987,0.1346,-0.0276,0.2565,0.4862,0.3239,high,low,1
Vigil,0.7858,0.7982,0.1399,-0.0264,0.2717,0.4868,0.3432,high,low,1
Vigil,0.7825,0.7978,0.1505,-0.0254,0.2837,0.4873,0.4073,high,boundary,1
Vigil,0.7432,0.7928,0.3209,-0.0244,0.0000,0.4872,0.5260,boundary,boundary,0
Vigil,0.7405,0.8074,0.3347,-0.0435,0.0000,0.4866,0.4368,boundary,boundary,0
Vigil,0.7393,0.8146,0.3409,-0.0562,0.0000,0.4858,0.3926,boundary,low,1
Vigil,0.7387,0.8183,0.3563,-0.0644,0.0000,0.4850,0.2994,boundary,low,1
Vigil,0.7685,0.7923,0.1660,-0.0302,0.2692,0.4849,0.5259,high,high,0
Vigil,0.7687,0.7902,0.1748,-0.0304,0.2885,0.4848,0.5732,high,high,0
Vigil,0.7438,0.7878,0.3681,-0.0196,0.1500,0.4847,0.2500,boundary,low,1
Vigil,0.7643,0.7872,0.1781,-0.0307,0.2733,0.4847,0.6009,high,high,0
Vigil,0.7641,0.7853,0.1815,-0.0306,0.2810,0.4847,0.6192,high,high,0
Vigil,0.7679,0.7826,0.1862,-0.0293,0.2955,0.4853,0.6321,high,high,0
Vigil,0.7644,0.7816,0.1859,-0.0278,0.2835,0.4861,0.6394,high,high,0
Vigil,0.7436,0.7881,0.3726,-0.0194,0.0000,0.4862,0.2234,boundary,low,1
Vigil,0.7407,0.8035,0.3761,-0.0389,0.0000,0.4857,0.1997,boundary,low,1
Vigil,0.7393,0.8113,0.3776,-0.0522,0.0000,0.4850,0.1849,boundary,low,1
Vigil,0.7386,0.8155,0.3660,-0.0608,0.0000,0.4843,0.2480,boundary,low,1
Vigil,0.7383,0.8178,0.3598,-0.0664,0.0000,0.4836,0.2802,boundary,low,1
Vigil,0.7380,0.8188,0.3564,-0.0700,0.0000,0.4830,0.2983,boundary,low,1
Vigil,0.7379,0.8193,0.3544,-0.0723,0.0000,0.4826,0.3090,boundary,low,1
Vigil,0.7378,0.8196,0.3470,-0.0737,0.0000,0.4822,0.3504,boundary,low,1
Vigil,0.7377,0.8198,0.3425,-0.0746,0.0000,0.4819,0.3753,boundary,low,1
Vigil,0.7376,0.8199,0.3341,-0.0754,0.0000,0.4817,0.4224,boundary,boundary,0
Vigil,0.7375,0.8201,0.3222,-0.0761,0.0000,0.4816,0.4878,boundary,boundary,0
Vigil,0.7374,0.8202,0.3122,-0.0767,0.0000,0.4814,0.5424,boundary,boundary,0
Vigil,0.7373,0.8203,0.3036,-0.0774,0.0000,0.4813,0.5877,boundary,boundary,0
Vigil,0.7372,0.8205,0.2917,-0.0780,0.0000,0.4812,0.6489,boundary,boundary,0
Vigil,0.7371,0.8207,0.2815,-0.0785,0.0000,0.4812,0.6977,boundary,boundary,0
Vigil,0.7369,0.8208,0.2682,-0.0791,0.0000,0.4811,0.7546,boundary,boundary,0
Vigil,0.7368,0.8210,0.2569,-0.0796,0.0000,0.4811,0.7919,boundary,boundary,0
Vigil,0.7367,0.8211,0.2473,-0.0801,0.0000,0.4811,0.8106,high,high,0
Vigil,0.7366,0.8213,0.2438,-0.0805,0.0000,0.4811,0.8131,high,high,0
Vigil,0.7365,0.8214,0.2408,-0.0810,0.0000,0.4811,0.8133,high,high,0
Vigil,0.7365,0.8215,0.2383,-0.0814,0.0000,0.4811,0.8122,high,high,0
Vigil,0.7364,0.8216,0.2362,-0.0818,0.0000,0.4811,0.8104,high,high,0
Vigil,0.7363,0.8217,0.2343,-0.0821,0.0000,0.4812,0.8082,high,high,0
Vigil,0.7363,0.8219,0.2328,-0.0825,0.0000,0.4812,0.8052,high,high,0
Vigil,0.7362,0.8221,0.2315,-0.0828,0.0000,0.4812,0.8022,high,high,0
Vigil,0.7362,0.8223,0.2303,-0.0831,0.0000,0.4812,0.7994,high,high,0
Vigil,0.7361,0.8223,0.2294,-0.0835,0.0000,0.4812,0.7973,high,high,0
Vigil,0.7361,0.8224,0.2239,-0.0837,0.1499,0.4813,0.7848,high,high,0
Vigil,0.7585,0.7834,0.1538,-0.0374,0.2713,0.4813,0.4757,high,high,0
Vigil,0.7595,0.7835,0.1540,-0.0371,0.2694,0.4814,0.4751,high,high,0
Vigil,0.5768,0.7808,0.2312,-0.0995,0.0000,0.4820,0.0567,boundary,low,1
Vigil,0.7357,0.7825,0.1609,-0.0368,0.2787,0.4816,0.5320,high,high,0
Vigil,0.7149,0.7790,0.1658,-0.0408,0.3469,0.4796,0.5391,high,high,0
Vigil,0.7368,0.7773,0.1683,-0.0469,0.3423,0.4766,0.5709,high,high,0
Vigil,0.7126,0.7726,0.1707,-0.0473,0.3494,0.4763,0.5554,high,high,0
Vigil,0.6958,0.7694,0.1750,-0.0521,0.3512,0.4740,0.5308,high,high,0
Vigil,0.6854,0.7664,0.1717,-0.0586,0.3435,0.4707,0.4776,high,high,0
Vigil,0.6781,0.7639,0.1656,-0.0654,0.3451,0.4673,0.4212,high,boundary,1
Vigil,0.6726,0.7619,0.1584,-0.0719,0.3576,0.4641,0.3668,high,low,1
Vigil,0.3549,0.7619,0.2479,-0.3419,0.0790,0.4613,0.0000,low,low,0
Vigil,0.3475,0.7761,0.2483,-0.3809,0.0937,0.4590,0.0000,low,low,0
Vigil,0.3441,0.7832,0.2485,-0.4042,0.1018,0.4571,0.0000,low,low,0
Vigil,0.6650,0.7558,0.1314,-0.0893,0.3497,0.4555,0.2082,high,low,1
Vigil,0.6659,0.7557,0.1259,-0.0918,0.3344,0.4542,0.1846,high,low,1
Vigil,0.3666,0.7611,0.2474,-0.3326,0.2180,0.4534,0.0000,low,low,0
Vigil,0.6650,0.7594,0.1297,-0.0959,0.3634,0.4522,0.2052,high,low,1
Vigil,0.6991,0.7486,0.1283,-0.0969,0.3914,0.4517,0.2651,high,low,1
Vigil,0.7141,0.7426,0.1282,-0.0883,0.3518,0.4559,0.2737,high,low,1
Vigil,0.7309,0.6867,0.2911,0.0490,0.1500,0.4614,0.3263,boundary,low,1
Vigil,0.7328,0.6960,0.2967,0.0435,0.1500,0.4666,0.3591,boundary,low,1
Vigil,0.7337,0.7005,0.2852,0.0394,0.1000,0.4710,0.4151,boundary,boundary,0
Vigil,0.7340,0.7034,0.2920,0.0363,0.0000,0.4747,0.4107,boundary,boundary,0
Vigil,0.7350,0.7062,0.3064,0.0340,0.0000,0.4775,0.3759,boundary,low,1
Vigil,0.7365,0.7085,0.3145,0.0325,0.0000,0.4796,0.3557,boundary,low,1
Vigil,0.7380,0.7108,0.3114,0.0314,0.0000,0.4811,0.3779,boundary,low,1
Vigil,0.7391,0.7124,0.3158,0.0307,0.0000,0.4823,0.3667,boundary,low,1
Vigil,0.7401,0.7130,0.3185,0.0304,0.0000,0.4832,0.3583,boundary,low,1
Vigil,0.7410,0.7134,0.3207,0.0301,0.0000,0.4839,0.3501,boundary,low,1
Vigil,0.7420,0.7135,0.3180,0.0299,0.0000,0.4847,0.3620,boundary,low,1
Vigil,0.7429,0.7134,0.3156,0.0299,0.0000,0.4853,0.3711,boundary,low,1
Vigil,0.7443,0.7134,0.3089,0.0300,0.0000,0.4860,0.3972,boundary,low,1
Vigil,0.7456,0.7132,0.2986,0.0302,0.0000,0.4867,0.4342,boundary,boundary,0
Vigil,0.7473,0.7131,0.2899,0.0306,0.0000,0.4873,0.4623,boundary,boundary,0
Vigil,0.7693,0.7739,0.0888,-0.0229,0.3048,0.4886,0.0861,high,low,1
Vigil,0.7697,0.7747,0.0958,-0.0197,0.2681,0.4901,0.1264,high,low,1
Vigil,0.7659,0.6922,0.1931,0.0773,0.0000,0.4912,0.3430,boundary,low,1
Vigil,0.7673,0.7045,0.2010,0.0708,0.1500,0.4916,0.4223,high,boundary,1
Vigil,0.7698,0.7130,0.2186,0.0652,0.1000,0.4917,0.4947,high,high,0
Vigil,0.7712,0.7177,0.2272,0.0611,0.0000,0.4917,0.5266,high,high,0
Vigil,0.7734,0.7220,0.2316,0.0582,0.0000,0.4917,0.5472,high,high,0
Vigil,0.7746,0.7253,0.2341,0.0560,0.0000,0.4916,0.5616,high,high,0
Vigil,0.7763,0.7285,0.2356,0.0544,0.0000,0.4914,0.5732,high,high,0
Vigil,0.7774,0.7302,0.2427,0.0533,0.0000,0.4913,0.5786,high,high,0
Vigil,0.7780,0.7308,0.2516,0.0527,0.0000,0.4913,0.5749,boundary,boundary,0
Vigil,0.7786,0.7314,0.2590,0.0521,0.0000,0.4919,0.5666,boundary,boundary,0
Vigil,0.7772,0.7301,0.2827,0.0516,0.1500,0.4932,0.5114,boundary,boundary,0
Vigil,0.7855,0.7842,0.1096,-0.0124,0.2702,0.4938,0.1813,high,low,1
Vigil,0.7868,0.7831,0.0918,-0.0091,0.2825,0.4954,0.0800,high,low,1
Vigil,0.7884,0.7838,0.0819,-0.0061,0.2623,0.4970,0.0222,high,low,1
Vigil,0.7903,0.7854,0.0764,-0.0034,0.2517,0.4983,0.0000,high,low,1
Vigil,0.7886,0.7889,0.0741,-0.0021,0.2450,0.4990,0.0000,high,low,1
Vigil,0.7782,0.7047,0.2661,0.0771,0.1500,0.4987,0.4265,boundary,boundary,0
Vigil,0.7790,0.7156,0.2692,0.0709,0.1500,0.4980,0.4733,boundary,boundary,0
Vigil,0.7919,0.7934,0.0706,-0.0046,0.2434,0.4977,0.0000,high,low,1
Vigil,0.7956,0.7930,0.0727,-0.0035,0.2392,0.4982,0.0000,high,low,1
Vigil,0.7959,0.7930,0.0732,-0.0034,0.2267,0.4983,0.0000,high,low,1
Vigil,0.7976,0.7923,0.0770,-0.0015,0.2409,0.4992,0.0000,high,low,1
Vigil,0.7946,0.7934,0.0809,-0.0003,0.2447,0.4998,0.0055,high,low,1
Vigil,0.7796,0.6980,0.3520,0.0839,0.1500,0.4997,0.1171,boundary,low,1
Vigil,0.7938,0.7921,0.0875,-0.0008,0.2492,0.4996,0.0433,high,low,1
Vigil,0.7916,0.7923,0.0886,-0.0005,0.2368,0.4998,0.0537,high,low,1
Vigil,0.7798,0.6965,0.3867,0.0856,0.1500,0.4994,0.0000,boundary,low,1
Vigil,0.7805,0.7074,0.4072,0.0800,0.1500,0.4987,0.0000,boundary,low,1
Vigil,0.7808,0.7125,0.4024,0.0753,0.0000,0.4978,0.0000,boundary,low,1
Vigil,0.7810,0.7150,0.4000,0.0721,0.0000,0.4970,0.0000,boundary,low,1
Vigil,0.7811,0.7161,0.3879,0.0699,0.0000,0.4963,0.0000,boundary,low,1
Vigil,0.7811,0.7165,0.3812,0.0686,0.0000,0.4958,0.0345,boundary,low,1
Vigil,0.7811,0.7166,0.3772,0.0678,0.0000,0.4954,0.0545,boundary,low,1
Vigil,0.7811,0.7166,0.3687,0.0673,0.0000,0.4950,0.0969,boundary,low,1
Vigil,0.7810,0.7165,0.3588,0.0670,0.0000,0.4948,0.1440,boundary,low,1
Vigil,0.7810,0.7164,0.3458,0.0668,0.0000,0.4946,0.2045,boundary,low,1
Vigil,0.7809,0.7162,0.3301,0.0666,0.0000,0.4944,0.2733,boundary,low,1
Vigil,0.7808,0.7159,0.3167,0.0664,0.0000,0.4943,0.3270,boundary,low,1
Vigil,0.7808,0.7156,0.3007,0.0663,0.0000,0.4943,0.3845,boundary,low,1
Vigil,0.7812,0.7157,0.2870,0.0662,0.0000,0.4942,0.4261,boundary,boundary,0
Vigil,0.7815,0.7158,0.2707,0.0661,0.0000,0.4942,0.4644,boundary,boundary,0
Vigil,0.7818,0.7159,0.2569,0.0661,0.0000,0.4943,0.4851,boundary,boundary,0
Vigil,0.7820,0.7159,0.2451,0.0661,0.0000,0.4943,0.4931,high,high,0
Vigil,0.7928,0.7918,0.0572,-0.0100,0.2437,0.4950,0.0000,high,low,1
Vigil,0.7932,0.7930,0.0590,-0.0079,0.2336,0.4961,0.0000,high,low,1
Vigil,0.7823,0.6895,0.2057,0.0938,0.0000,0.4966,0.3243,boundary,low,1
Vigil,0.7831,0.7000,0.2230,0.0890,0.1500,0.4967,0.4005,boundary,boundary,0
Vigil,0.7835,0.7051,0.2308,0.0847,0.1000,0.4966,0.4321,high,boundary,1
Vigil,0.7837,0.7078,0.2346,0.0816,0.1500,0.4964,0.4469,high,boundary,1
Vigil,0.7838,0.7092,0.2366,0.0795,0.1499,0.4962,0.4541,high,high,0
Vigil,0.7840,0.7099,0.2470,0.0782,0.0000,0.4960,0.4562,high,high,0
Vigil,0.7840,0.7101,0.2608,0.0773,0.0000,0.4959,0.4454,boundary,boundary,0
Vigil,0.7841,0.7101,0.2629,0.0768,0.0000,0.4958,0.4426,boundary,boundary,0
Vigil,0.7841,0.7101,0.2641,0.0765,0.0000,0.4957,0.4405,boundary,boundary,0
Vigil,0.7842,0.7100,0.2698,0.0763,0.0000,0.4956,0.4306,boundary,boundary,0
Vigil,0.7842,0.7098,0.2747,0.0761,0.0000,0.4956,0.4207,boundary,boundary,0
default,0.7029,0.7995,0.1959,-0.0029,0.2696,0.4985,0.7658,high,high,0
default,0.7056,0.7990,0.1920,-0.0057,0.2697,0.4972,0.7556,high,high,0
Sentinel,0.7027,0.7995,0.1958,-0.0029,0.2644,0.4985,0.7184,high,high,0
Sentinel,0.7249,0.7947,0.1644,-0.0240,0.2584,0.4880,0.7713,high,high,0
Sentinel,0.3419,0.9165,0.2168,-0.4567,0.2658,0.4827,0.0000,low,low,0
Sentinel,0.5339,0.8431,0.2283,-0.3903,0.2065,0.4813,0.0000,low,low,0
Sentinel,0.6261,0.8227,0.2620,-0.3129,0.1383,0.4815,0.1521,low,low,0
Sentinel,0.6730,0.8117,0.2652,-0.2519,0.1740,0.4823,0.3734,boundary,low,1
Sentinel,0.6984,0.8061,0.2637,-0.2087,0.1638,0.4833,0.4834,boundary,boundary,0
Sentinel,0.7130,0.8027,0.2712,-0.1789,0.1568,0.4842,0.4914,boundary,boundary,0
Sentinel,0.7217,0.8010,0.2806,-0.1590,0.0021,0.4849,0.4600,boundary,boundary,0
Sentinel,0.7269,0.8000,0.2822,-0.1461,0.0000,0.4854,0.4599,boundary,boundary,0
Sentinel,0.7299,0.7996,0.2855,-0.1385,0.0000,0.4858,0.4455,boundary,boundary,0
Sentinel,0.7326,0.7994,0.2882,-0.1313,0.0000,0.4860,0.4327,boundary,boundary,0
Sentinel,0.7349,0.7994,0.2906,-0.1246,0.0000,0.4862,0.4214,boundary,boundary,0
Sentinel,0.7369,0.7991,0.2879,-0.1184,0.0000,0.4863,0.4387,boundary,boundary,0
Sentinel,0.7387,0.7988,0.2903,-0.1126,0.0000,0.4863,0.4262,boundary,boundary,0
Sentinel,0.7404,0.7985,0.2970,-0.1071,0.0000,0.4864,0.3881,boundary,low,1
Sentinel,0.7418,0.7982,0.2981,-0.1021,0.0000,0.4864,0.3828,boundary,low,1
Sentinel,0.7431,0.7979,0.2989,-0.0973,0.0000,0.4865,0.3783,boundary,low,1
Sentinel,0.7442,0.7976,0.2997,-0.0929,0.0000,0.4865,0.3744,boundary,low,1
Sentinel,0.7453,0.7974,0.2956,-0.0889,0.0000,0.4865,0.3984,boundary,low,1
Sentinel,0.7462,0.7971,0.2875,-0.0851,0.0000,0.4865,0.4462,boundary,boundary,0
Sentinel,0.7470,0.7968,0.2807,-0.0815,0.0000,0.4865,0.4868,boundary,boundary,0
Sentinel,0.7477,0.7966,0.2748,-0.0783,0.0000,0.4865,0.5213,boundary,boundary,0
Sentinel,0.7483,0.7964,0.2652,-0.0753,0.0000,0.4865,0.5780,boundary,boundary,0
Sentinel,0.7488,0.7963,0.2523,-0.0725,0.0000,0.4865,0.6536,boundary,boundary,0
Sentinel,0.7493,0.7961,0.2414,-0.0699,0.0000,0.4864,0.7178,high,high,0
Sentinel,0.7497,0.7960,0.2321,-0.0676,0.0000,0.4864,0.7724,high,high,0
Sentinel,0.7501,0.7959,0.2242,-0.0654,0.0000,0.4864,0.8187,high,high,0
Sentinel,0.7504,0.7958,0.2175,-0.0634,0.0000,0.4864,0.8580,high,high,0
Sentinel,0.7507,0.7957,0.2118,-0.0615,0.0000,0.4864,0.8913,high,high,0
Sentinel,0.7510,0.7956,0.2069,-0.0598,0.0000,0.4864,0.9193,high,high,0
Sentinel,0.7636,0.7864,0.1362,-0.0273,0.2546,0.4864,0.6484,high,high,0
Sentinel,0.7670,0.7866,0.1362,-0.0268,0.2608,0.4866,0.6441,high,high,0
Sentinel,0.7682,0.7860,0.1363,-0.0266,0.2568,0.4867,0.6415,high,high,0
Sentinel,0.7695,0.7864,0.1362,-0.0252,0.2581,0.4874,0.6396,high,high,0
Sentinel,0.7558,0.7586,0.1641,0.0169,0.0000,0.4877,0.7093,high,high,0
Sentinel,0.7544,0.7743,0.1718,0.0004,0.1500,0.4877,0.8095,high,high,0
Sentinel,0.7538,0.7823,0.1892,-0.0111,0.1000,0.4876,0.9019,high,high,0
Sentinel,0.7535,0.7866,0.1977,-0.0188,0.1500,0.4873,0.9258,high,high,0
Sentinel,0.7534,0.7891,0.2022,-0.0239,0.1500,0.4871,0.9242,high,high,0
Sentinel,0.7533,0.7905,0.2047,-0.0272,0.0000,0.4869,0.9185,high,high,0
Sentinel,0.7533,0.7926,0.2061,-0.0296,0.0000,0.4867,0.9169,high,high,0
Sentinel,0.7532,0.7938,0.2132,-0.0313,0.1500,0.4865,0.8797,high,high,0
Sentinel,0.7532,0.7944,0.2222,-0.0323,0.0000,0.4863,0.8289,high,high,0
Sentinel,0.7532,0.7950,0.2298,-0.0332,0.0000,0.4862,0.7851,high,high,0
Sentinel,0.7532,0.7955,0.2315,-0.0341,0.0000,0.4861,0.7749,high,high,0
Sentinel,0.7532,0.7959,0.2330,-0.0350,0.0000,0.4860,0.7662,high,high,0
Sentinel,0.7531,0.7963,0.2343,-0.0358,0.0000,0.4859,0.7588,high,high,0
Sentinel,0.7642,0.7872,0.1417,-0.0282,0.2565,0.4859,0.6796,high,high,0
Sentinel,0.7647,0.7871,0.1431,-0.0283,0.2835,0.4859,0.6864,high,high,0
Sentinel,0.7682,0.7845,0.1590,-0.0272,0.3244,0.4864,0.7593,high,high,0
Sentinel,0.7414,0.7520,0.3196,0.0069,0.1500,0.4869,0.2087,boundary,low,1
Sentinel,0.7467,0.7722,0.2810,-0.0077,0.0000,0.4870,0.4627,boundary,boundary,0
Sentinel,0.7493,0.7825,0.2636,-0.0179,0.0000,0.4868,0.5776,boundary,boundary,0
Sentinel,0.7506,0.7881,0.2550,-0.0248,0.1000,0.4866,0.6334,boundary,boundary,0
Sentinel,0.7513,0.7913,0.2396,-0.0293,0.1500,0.4863,0.7258,high,high,0
Sentinel,0.7517,0.7932,0.2309,-0.0324,0.0000,0.4861,0.7775,high,high,0
Sentinel,0.7519,0.7943,0.2337,-0.0344,0.0000,0.4859,0.7622,high,high,0
Sentinel,0.7521,0.7949,0.2415,-0.0356,0.0000,0.4857,0.7165,high,high,0
Sentinel,0.7522,0.7952,0.2462,-0.0364,0.0000,0.4856,0.6890,high,high,0
Sentinel,0.7523,0.7955,0.2456,-0.0371,0.1499,0.4856,0.6930,high,high,0
Sentinel,0.7630,0.7860,0.1394,-0.0289,0.2570,0.4855,0.6668,high,high,0
Sentinel,0.7663,0.7862,0.1387,-0.0285,0.2631,0.4858,0.6584,high,high,0
Sentinel,0.7488,0.7765,0.2391,-0.0210,0.0000,0.4860,0.7029,high,high,0
Sentinel,0.7506,0.7860,0.2559,-0.0275,0.1500,0.4860,0.6258,boundary,boundary,0
Sentinel,0.7514,0.7909,0.2635,-0.0323,0.1000,0.4860,0.5859,boundary,boundary,0
Sentinel,0.7519,0.7936,0.2548,-0.0356,0.1500,0.4859,0.6384,boundary,boundary,0
Sentinel,0.7521,0.7952,0.2502,-0.0378,0.1500,0.4858,0.6658,boundary,boundary,0
Sentinel,0.7522,0.7961,0.2570,-0.0394,0.0000,0.4856,0.6263,boundary,boundary,0
Sentinel,0.7523,0.7966,0.2609,-0.0403,0.0000,0.4856,0.6032,boundary,boundary,0
Sentinel,0.7523,0.7970,0.2571,-0.0410,0.0000,0.4855,0.6258,boundary,boundary,0
Sentinel,0.7524,0.7971,0.2547,-0.0414,0.0000,0.4854,0.6394,boundary,boundary,0
Sentinel,0.7524,0.7972,0.2528,-0.0417,0.0000,0.4854,0.6509,boundary,boundary,0
Sentinel,0.7524,0.7976,0.2464,-0.0421,0.0000,0.4853,0.6882,high,high,0
Sentinel,0.7524,0.7979,0.2457,-0.0424,0.1499,0.4853,0.6924,high,high,0
Sentinel,0.7524,0.7982,0.2451,-0.0427,0.1499,0.4852,0.6960,high,high,0
Sentinel,0.7524,0.7985,0.2399,-0.0431,0.0000,0.4852,0.7265,high,high,0
Sentinel,0.7637,0.7868,0.1387,-0.0298,0.2563,0.4851,0.6630,high,high,0
Sentinel,0.7670,0.7870,0.1369,-0.0293,0.2650,0.4853,0.6482,high,high,0
Sentinel,0.7485,0.7795,0.1807,-0.0238,0.0000,0.4856,0.8673,high,high,0
Sentinel,0.7503,0.7891,0.1801,-0.0306,0.1500,0.4856,0.9054,high,high,0
Sentinel,0.7512,0.7940,0.1798,-0.0354,0.1000,0.4855,0.9162,high,high,0
Sentinel,0.7516,0.7966,0.1796,-0.0388,0.1498,0.4854,0.9183,high,high,0
Sentinel,0.7519,0.7981,0.1687,-0.0410,0.0000,0.4853,0.8544,high,high,0
Sentinel,0.7520,0.7990,0.1625,-0.0425,0.0000,0.4852,0.8184,high,high,0
Sentinel,0.7521,0.7996,0.1590,-0.0435,0.0000,0.4851,0.7974,high,high,0
Sentinel,0.7522,0.7999,0.1568,-0.0441,0.0000,0.4851,0.7848,high,high,0
Sentinel,0.7522,0.8000,0.1556,-0.0445,0.0000,0.4850,0.7772,high,high,0
Sentinel,0.7522,0.8001,0.1545,-0.0448,0.1499,0.4850,0.7708,high,high,0
Sentinel,0.7522,0.8003,0.1535,-0.0452,0.0000,0.4850,0.7653,high,high,0
Sentinel,0.7522,0.8004,0.1528,-0.0455,0.0000,0.4850,0.7606,high,high,0
Sentinel,0.7523,0.8005,0.1521,-0.0457,0.0000,0.4850,0.7567,high,high,0
Sentinel,0.7523,0.8006,0.1515,-0.0460,0.0000,0.4850,0.7533,high,high,0
Sentinel,0.7523,0.8007,0.1510,-0.0462,0.0000,0.4849,0.7504,high,high,0
Sentinel,0.7523,0.8008,0.1506,-0.0465,0.0000,0.4849,0.7480,high,high,0
Sentinel,0.7523,0.8008,0.1503,-0.0467,0.0000,0.4849,0.7459,high,high,0
Sentinel,0.7523,0.8009,0.1500,-0.0469,0.0000,0.4849,0.7441,high,high,0
Sentinel,0.7523,0.8010,0.1497,-0.0471,0.0000,0.4848,0.7426,high,high,0
Sentinel,0.7523,0.8011,0.1495,-0.0472,0.0000,0.4848,0.7413,high,high,0
Sentinel,0.7523,0.8011,0.1493,-0.0474,0.0000,0.4848,0.7402,high,high,0
Sentinel,0.7523,0.8012,0.1492,-0.0476,0.0000,0.4848,0.7393,high,high,0
Sentinel,0.7522,0.8012,0.1490,-0.0477,0.0000,0.4848,0.7385,high,high,0
Sentinel,0.7522,0.8013,0.1489,-0.0478,0.0000,0.4847,0.7379,high,high,0
Sentinel,0.7522,0.8013,0.1488,-0.0480,0.0000,0.4847,0.7373,high,high,0
Sentinel,0.7522,0.8014,0.1487,-0.0481,0.0000,0.4847,0.7368,high,high,0
Sentinel,0.7664,0.7889,0.1336,-0.0306,0.2533,0.4847,0.6323,high,high,0
Sentinel,0.7665,0.7888,0.1335,-0.0307,0.2533,0.4847,0.6317,high,high,0
Sentinel,0.7695,0.7889,0.1335,-0.0301,0.2590,0.4849,0.6272,high,high,0
Sentinel,0.7483,0.7798,0.1515,-0.0243,0.0000,0.4852,0.7312,high,high,0
Sentinel,0.7501,0.7893,0.1655,-0.0310,0.1500,0.4853,0.8279,high,high,0
Sentinel,0.7677,0.7885,0.1437,-0.0294,0.2605,0.4853,0.6858,high,high,0
Sentinel,0.7679,0.7861,0.1448,-0.0288,0.2639,0.4856,0.6891,high,high,0
Sentinel,0.7414,0.7714,0.2542,-0.0235,0.1500,0.4859,0.6059,boundary,boundary,0
Sentinel,0.7706,0.7826,0.1452,-0.0269,0.2779,0.4865,0.6802,high,high,0
Sentinel,0.7702,0.7826,0.1446,-0.0268,0.2575,0.4866,0.6775,high,high,0
Sentinel,0.7702,0.7756,0.1472,-0.0237,0.2821,0.4882,0.6767,high,high,0
Sentinel,0.7661,0.7750,0.1484,-0.0209,0.2748,0.4896,0.6893,high,high,0
Sentinel,0.7503,0.7270,0.3441,0.0382,0.0000,0.4900,0.0209,boundary,low,1
Sentinel,0.7607,0.7740,0.1508,-0.0199,0.2626,0.4901,0.7065,high,high,0
Sentinel,0.7600,0.7740,0.1517,-0.0196,0.2634,0.4902,0.7114,high,high,0
Sentinel,0.7530,0.7518,0.3445,0.0268,0.0000,0.4897,0.0714,boundary,low,1
Sentinel,0.7533,0.7774,0.3553,0.0039,0.1500,0.4887,0.0410,boundary,low,1
Sentinel,0.7534,0.7900,0.3601,-0.0123,0.1000,0.4875,0.0190,boundary,low,1
Sentinel,0.7536,0.7965,0.3501,-0.0230,0.0000,0.4865,0.0793,boundary,low,1
Sentinel,0.7536,0.7999,0.3557,-0.0300,0.0000,0.4856,0.0464,boundary,low,1
Sentinel,0.7536,0.8017,0.3588,-0.0345,0.0000,0.4850,0.0279,boundary,low,1
Sentinel,0.7536,0.8025,0.3528,-0.0374,0.0000,0.4846,0.0627,boundary,low,1
Sentinel,0.7536,0.8030,0.3430,-0.0392,0.1500,0.4843,0.1202,boundary,low,1
Sentinel,0.7535,0.8032,0.3325,-0.0403,0.1500,0.4841,0.1820,boundary,low,1
Sentinel,0.7535,0.8035,0.3238,-0.0412,0.1499,0.4839,0.2328,boundary,low,1
Sentinel,0.7534,0.8037,0.3118,-0.0421,0.0000,0.4838,0.3037,boundary,low,1
Sentinel,0.7532,0.8040,0.2968,-0.0430,0.0000,0.4838,0.3915,boundary,low,1
Sentinel,0.7531,0.8043,0.2840,-0.0438,0.0000,0.4837,0.4663,boundary,boundary,0
Sentinel,0.7530,0.8046,0.2684,-0.0446,0.0000,0.4836,0.5573,boundary,boundary,0
Sentinel,0.7529,0.8049,0.2505,-0.0453,0.0000,0.4836,0.6618,boundary,boundary,0
Sentinel,0.7528,0.8052,0.2353,-0.0460,0.0000,0.4835,0.7502,high,high,0
Sentinel,0.7526,0.8054,0.2270,-0.0467,0.0000,0.4835,0.7978,high,high,0
Sentinel,0.7525,0.8057,0.2199,-0.0474,0.0000,0.4834,0.8377,high,high,0
Sentinel,0.7524,0.8059,0.2139,-0.0480,0.0000,0.4834,0.8708,high,high,0
Sentinel,0.7524,0.8061,0.2087,-0.0486,0.0000,0.4834,0.8978,high,high,0
Sentinel,0.7523,0.8064,0.2044,-0.0491,0.0000,0.4834,0.9188,high,high,0
Sentinel,0.7522,0.8065,0.2006,-0.0496,0.0000,0.4834,0.9339,high,high,0
Sentinel,0.7521,0.8067,0.1975,-0.0501,0.0000,0.4835,0.9432,high,high,0
Sentinel,0.7521,0.8069,0.1948,-0.0506,0.0000,0.4835,0.9469,high,high,0
Sentinel,0.7520,0.8071,0.1925,-0.0510,0.0000,0.4835,0.9464,high,high,0
Sentinel,0.7520,0.8072,0.1859,-0.0515,0.0000,0.4835,0.9301,high,high,0
Sentinel,0.7519,0.8073,0.1802,-0.0519,0.0000,0.4835,0.9052,high,high,0
Sentinel,0.7519,0.8075,0.1755,-0.0522,0.0000,0.4835,0.8808,high,high,0
Sentinel,0.7519,0.8076,0.1714,-0.0526,0.0000,0.4835,0.8589,high,high,0
Sentinel,0.7518,0.8077,0.1679,-0.0529,0.0000,0.4835,0.8399,high,high,0
Sentinel,0.7518,0.8078,0.1650,-0.0532,0.0000,0.4835,0.8234,high,high,0
Sentinel,0.7518,0.8079,0.1625,-0.0535,0.0000,0.4835,0.8093,high,high,0
Sentinel,0.7518,0.8080,0.1604,-0.0538,0.0000,0.4835,0.7973,high,high,0
Sentinel,0.7518,0.8080,0.1585,-0.0540,0.0000,0.4835,0.7869,high,high,0
Sentinel,0.7518,0.8081,0.1570,-0.0543,0.0000,0.4835,0.7781,high,high,0
Sentinel,0.7517,0.8082,0.1557,-0.0545,0.0000,0.4835,0.7706,high,high,0
Sentinel,0.7517,0.8082,0.1546,-0.0547,0.0000,0.4835,0.7642,high,high,0
Sentinel,0.7517,0.8083,0.1536,-0.0549,0.0000,0.4835,0.7588,high,high,0
Sentinel,0.7517,0.8083,0.1528,-0.0550,0.0000,0.4835,0.7541,high,high,0
Sentinel,0.7517,0.8084,0.1522,-0.0552,0.0000,0.4835,0.7502,high,high,0
Sentinel,0.7517,0.8084,0.1516,-0.0554,0.0000,0.4835,0.7468,high,high,0
Sentinel,0.7517,0.8085,0.1511,-0.0555,0.0000,0.4835,0.7440,high,high,0
Sentinel,0.7517,0.8085,0.1507,-0.0556,0.0000,0.4835,0.7415,high,high,0
Sentinel,0.7517,0.8085,0.1503,-0.0558,0.0000,0.4835,0.7394,high,high,0
Sentinel,0.7517,0.8086,0.1500,-0.0559,0.0000,0.4834,0.7377,high,high,0
Sentinel,0.7517,0.8086,0.1498,-0.0560,0.1483,0.4834,0.7362,high,high,0
Sentinel,0.7517,0.8086,0.1495,-0.0561,0.0000,0.4834,0.7349,high,high,0
Sentinel,0.7517,0.8086,0.1493,-0.0562,0.0000,0.4834,0.7338,high,high,0
Sentinel,0.7517,0.8087,0.1492,-0.0562,0.0000,0.4834,0.7328,high,high,0
Sentinel,0.7517,0.8087,0.1491,-0.0563,0.0000,0.4834,0.7320,high,high,0
Sentinel,0.7517,0.8087,0.1489,-0.0564,0.0000,0.4834,0.7314,high,high,0
Sentinel,0.7517,0.8087,0.1488,-0.0565,0.0000,0.4834,0.7308,high,high,0
Sentinel,0.7517,0.8087,0.1488,-0.0565,0.0000,0.4834,0.7303,high,high,0
Sentinel,0.7517,0.8087,0.1487,-0.0566,0.0000,0.4834,0.7299,high,high,0
Sentinel,0.7516,0.8088,0.1486,-0.0566,0.0000,0.4834,0.7295,high,high,0
Sentinel,0.7516,0.8088,0.1486,-0.0567,0.0000,0.4834,0.7292,high,high,0
Sentinel,0.7516,0.8088,0.1485,-0.0567,0.0000,0.4834,0.7290,high,high,0
Sentinel,0.7516,0.8088,0.1485,-0.0568,0.0000,0.4834,0.7287,high,high,0
Sentinel,0.7516,0.8088,0.1485,-0.0568,0.0000,0.4833,0.7285,high,high,0
Sentinel,0.7516,0.8088,0.1484,-0.0568,0.0000,0.4833,0.7284,high,high,0
Sentinel,0.7516,0.8088,0.1484,-0.0569,0.0000,0.4833,0.7282,high,high,0
Sentinel,0.7516,0.8088,0.1484,-0.0569,0.0000,0.4833,0.7281,high,high,0
Sentinel,0.7516,0.8088,0.1484,-0.0569,0.0000,0.4833,0.7280,high,high,0
Sentinel,0.7516,0.8088,0.1484,-0.0570,0.0000,0.4833,0.7279,high,high,0
Sentinel,0.7516,0.8088,0.1484,-0.0570,0.0000,0.4833,0.7279,high,high,0
Sentinel,0.7516,0.8088,0.1483,-0.0570,0.0000,0.4833,0.7278,high,high,0
Sentinel,0.7516,0.8088,0.1483,-0.0570,0.0000,0.4833,0.7278,high,high,0
Sentinel,0.7516,0.8088,0.1483,-0.0571,0.0000,0.4833,0.7277,high,high,0
Sentinel,0.7516,0.8089,0.1483,-0.0571,0.0000,0.4832,0.7277,high,high,0
Sentinel,0.7516,0.8089,0.1483,-0.0571,0.0000,0.4832,0.7276,high,high,0
Sentinel,0.7516,0.8089,0.1483,-0.0571,0.0000,0.4832,0.7276,high,high,0
Sentinel,0.7516,0.8089,0.1483,-0.0571,0.0000,0.4832,0.7276,high,high,0
Sentinel,0.7516,0.8089,0.1483,-0.0571,0.0000,0.4832,0.7276,high,high,0
Sentinel,0.7516,0.8089,0.1483,-0.0572,0.0000,0.4832,0.7275,high,high,0
Sentinel,0.7732,0.7865,0.1339,-0.0321,0.2751,0.4839,0.6201,high,high,0
Sentinel,0.7766,0.7868,0.1524,-0.0292,0.3342,0.4854,0.7069,high,high,0
Sentinel,0.7764,0.7865,0.1529,-0.0290,0.2772,0.4855,0.7097,high,high,0
Sentinel,0.7730,0.7863,0.1497,-0.0267,0.2728,0.4866,0.7033,high,high,0
Sentinel,0.7441,0.7622,0.2329,0.0015,0.0000,0.4870,0.6841,high,high,0
Sentinel,0.7456,0.7794,0.2373,-0.0144,0.1500,0.4867,0.7183,high,high,0
Sentinel,0.7464,0.7882,0.2532,-0.0254,0.1000,0.4862,0.6428,boundary,boundary,0
Sentinel,0.7468,0.7929,0.2634,-0.0326,0.1500,0.4856,0.5870,boundary,boundary,0
Sentinel,0.7470,0.7954,0.2683,-0.0374,0.0000,0.4851,0.5589,boundary,boundary,0
Sentinel,0.7472,0.7968,0.2708,-0.0404,0.0000,0.4846,0.5446,boundary,boundary,0
Sentinel,0.7473,0.7974,0.2721,-0.0424,0.0000,0.4843,0.5372,boundary,boundary,0
Sentinel,0.7474,0.7977,0.2665,-0.0436,0.0000,0.4840,0.5700,boundary,boundary,0
Sentinel,0.7474,0.7979,0.2584,-0.0442,0.0000,0.4837,0.6174,boundary,boundary,0
Sentinel,0.7475,0.7979,0.2516,-0.0449,0.0000,0.4836,0.6576,boundary,boundary,0
Sentinel,0.7475,0.7980,0.2408,-0.0454,0.0000,0.4834,0.7211,high,high,0
Sentinel,0.7474,0.7981,0.2316,-0.0460,0.0000,0.4833,0.7750,high,high,0
Sentinel,0.7474,0.7982,0.2237,-0.0464,0.0000,0.4832,0.8207,high,high,0
Sentinel,0.7474,0.7983,0.2171,-0.0469,0.0000,0.4831,0.8595,high,high,0
Sentinel,0.7473,0.7984,0.2114,-0.0473,0.0000,0.4830,0.8922,high,high,0
Sentinel,0.7473,0.7985,0.2066,-0.0477,0.0000,0.4829,0.9198,high,high,0
Sentinel,0.7472,0.7987,0.2026,-0.0481,0.0000,0.4829,0.9426,high,high,0
Sentinel,0.7472,0.7988,0.1991,-0.0484,0.0000,0.4829,0.9608,high,high,0
Sentinel,0.7471,0.7989,0.1961,-0.0488,0.0000,0.4828,0.9736,high,high,0
Sentinel,0.7476,0.7993,0.1936,-0.0491,0.0000,0.4828,0.9812,high,high,0
Sentinel,0.7464,0.7985,0.1933,-0.0494,0.1499,0.4829,0.9750,high,high,0
Sentinel,0.7605,0.7832,0.1419,-0.0343,0.2602,0.4829,0.6799,high,high,0
Sentinel,0.7639,0.7841,0.1386,-0.0337,0.2726,0.4831,0.6586,high,high,0
Sentinel,0.7476,0.7822,0.1522,-0.0251,0.0000,0.4834,0.7398,high,high,0
Sentinel,0.7494,0.7931,0.1660,-0.0335,0.1500,0.4834,0.8364,high,high,0
Sentinel,0.7441,0.7916,0.2059,-0.0391,0.0000,0.4835,0.9090,high,high,0
Sentinel,0.7408,0.7901,0.2277,-0.0427,0.0000,0.4836,0.7852,high,high,0
Sentinel,0.7390,0.7893,0.2391,-0.0450,0.0000,0.4836,0.7180,high,high,0
Sentinel,0.7380,0.7889,0.2455,-0.0464,0.0000,0.4836,0.6804,high,high,0
Sentinel,0.7374,0.7886,0.2492,-0.0474,0.0000,0.4835,0.6584,high,high,0
Sentinel,0.7373,0.7887,0.2502,-0.0480,0.0000,0.4834,0.6526,boundary,boundary,0
Sentinel,0.7373,0.7887,0.2509,-0.0483,0.0000,0.4833,0.6491,boundary,boundary,0
Sentinel,0.7370,0.7885,0.2523,-0.0486,0.0000,0.4832,0.6407,boundary,boundary,0
Sentinel,0.7368,0.7884,0.2488,-0.0489,0.0000,0.4830,0.6599,high,high,0
Sentinel,0.7369,0.7884,0.2449,-0.0492,0.0000,0.4829,0.6814,high,high,0
Sentinel,0.7369,0.7885,0.2417,-0.0494,0.0000,0.4828,0.6997,high,high,0
Sentinel,0.7370,0.7886,0.2384,-0.0496,0.0000,0.4826,0.7179,high,high,0
Sentinel,0.7368,0.7884,0.2370,-0.0498,0.0000,0.4825,0.7251,high,high,0
Sentinel,0.7366,0.7882,0.2358,-0.0500,0.0000,0.4825,0.7311,high,high,0
Sentinel,0.7364,0.7881,0.2348,-0.0502,0.0000,0.4824,0.7361,high,high,0
Sentinel,0.7362,0.7879,0.2340,-0.0503,0.0000,0.4824,0.7402,high,high,0
Sentinel,0.7361,0.7878,0.2332,-0.0505,0.0000,0.4823,0.7438,high,high,0
Sentinel,0.7360,0.7878,0.2326,-0.0506,0.0000,0.4822,0.7467,high,high,0
Sentinel,0.7362,0.7880,0.2261,-0.0507,0.0000,0.4822,0.7819,high,high,0
Sentinel,0.7363,0.7881,0.2205,-0.0508,0.0000,0.4821,0.8109,high,high,0
Sentinel,0.7381,0.7897,0.2097,-0.0509,0.1500,0.4819,0.8698,high,high,0
Sentinel,0.7397,0.7911,0.2004,-0.0510,0.0000,0.4817,0.9133,high,high,0
Sentinel,0.7411,0.7924,0.1926,-0.0510,0.0000,0.4815,0.9345,high,high,0
Sentinel,0.7423,0.7936,0.1860,-0.0510,0.0000,0.4814,0.9293,high,high,0
Sentinel,0.7433,0.7947,0.1803,-0.0511,0.0000,0.4814,0.9098,high,high,0
Sentinel,0.7442,0.7957,0.1755,-0.0511,0.0000,0.4814,0.8876,high,high,0
Sentinel,0.7451,0.7966,0.1714,-0.0512,0.0000,0.4815,0.8666,high,high,0
Sentinel,0.7458,0.7975,0.1680,-0.0512,0.0000,0.4816,0.8478,high,high,0
Sentinel,0.7464,0.7983,0.1650,-0.0513,0.0000,0.4817,0.8314,high,high,0
Sentinel,0.7469,0.7990,0.1625,-0.0514,0.0000,0.4818,0.8171,high,high,0
Sentinel,0.7474,0.7997,0.1604,-0.0515,0.0000,0.4820,0.8048,high,high,0
Sentinel,0.7478,0.8004,0.1586,-0.0516,0.0000,0.4820,0.7942,high,high,0
Sentinel,0.7482,0.8010,0.1570,-0.0517,0.0000,0.4821,0.7851,high,high,0
Sentinel,0.7485,0.8015,0.1557,-0.0518,0.0000,0.4822,0.7773,high,high,0
Sentinel,0.7488,0.8021,0.1546,-0.0520,0.0000,0.4823,0.7706,high,high,0
Sentinel,0.7491,0.8025,0.1537,-0.0521,0.0000,0.4823,0.7648,high,high,0
Sentinel,0.7493,0.8030,0.1528,-0.0523,0.0000,0.4824,0.7599,high,high,0
Sentinel,0.7495,0.8034,0.1522,-0.0524,0.0000,0.4824,0.7557,high,high,0
Sentinel,0.7497,0.8038,0.1516,-0.0526,0.0000,0.4825,0.7520,high,high,0
Sentinel,0.7499,0.8041,0.1511,-0.0527,0.0000,0.4825,0.7489,high,high,0
Sentinel,0.7500,0.8044,0.1507,-0.0529,0.0000,0.4826,0.7462,high,high,0
Sentinel,0.7484,0.8026,0.1570,-0.0530,0.1500,0.4828,0.7842,high,high,0
Sentinel,0.7469,0.8002,0.1671,-0.0531,0.0000,0.4831,0.8433,high,high,0
Sentinel,0.7475,0.7996,0.1689,-0.0530,0.0000,0.4833,0.8547,high,high,0
Sentinel,0.7479,0.7989,0.1752,-0.0528,0.0000,0.4834,0.8916,high,high,0
Sentinel,0.7483,0.7984,0.1851,-0.0525,0.0000,0.4834,0.9496,high,high,0
Sentinel,0.7487,0.7979,0.1936,-0.0522,0.0000,0.4834,0.9887,high,high,0
Sentinel,0.7490,0.7974,0.2008,-0.0518,0.0000,0.4834,0.9553,high,high,0
Sentinel,0.7493,0.7969,0.2069,-0.0514,0.0000,0.4834,0.9199,high,high,0
Sentinel,0.7496,0.7965,0.2121,-0.0509,0.0000,0.4834,0.8894,high,high,0
Sentinel,0.7498,0.7961,0.2166,-0.0505,0.0000,0.4833,0.8634,high,high,0
Sentinel,0.7500,0.7958,0.2157,-0.0500,0.0000,0.4833,0.8685,high,high,0
Sentinel,0.7502,0.7954,0.2195,-0.0495,0.0000,0.4833,0.8456,high,high,0
Sentinel,0.7504,0.7951,0.2229,-0.0490,0.1491,0.4833,0.8260,high,high,0
Sentinel,0.7505,0.7948,0.2210,-0.0486,0.0000,0.4833,0.8367,high,high,0
Sentinel,0.7507,0.7945,0.2241,-0.0481,0.1339,0.4833,0.8184,high,high,0
Sentinel,0.7508,0.7943,0.2314,-0.0476,0.0000,0.4833,0.7756,high,high,0
Sentinel,0.7509,0.7941,0.2376,-0.0472,0.0000,0.4833,0.7392,high,high,0
Sentinel,0.7510,0.7938,0.2429,-0.0468,0.0000,0.4833,0.7083,high,high,0
Sentinel,0.7510,0.7943,0.2473,-0.0464,0.0000,0.4832,0.6823,high,high,0
Sentinel,0.7511,0.7948,0.2512,-0.0461,0.1500,0.4831,0.6601,boundary,boundary,0
Sentinel,0.7512,0.7958,0.2497,-0.0460,0.0000,0.4830,0.6688,high,high,0
Sentinel,0.7512,0.7967,0.2485,-0.0459,0.0000,0.4828,0.6761,high,high,0
Sentinel,0.7512,0.7976,0.2475,-0.0460,0.0000,0.4826,0.6822,high,high,0
Sentinel,0.7513,0.7984,0.2419,-0.0461,0.0000,0.4825,0.7148,high,high,0
Sentinel,0.7513,0.7992,0.2326,-0.0463,0.0000,0.4824,0.7698,high,high,0
Sentinel,0.7513,0.7998,0.2246,-0.0465,0.0000,0.4823,0.8165,high,high,0
Sentinel,0.7513,0.8004,0.2178,-0.0468,0.0000,0.4823,0.8559,high,high,0
Sentinel,0.7513,0.8010,0.2120,-0.0471,0.0000,0.4822,0.8891,high,high,0
Sentinel,0.7513,0.8015,0.2071,-0.0474,0.0000,0.4822,0.9167,high,high,0
Sentinel,0.7513,0.8020,0.2030,-0.0477,0.0000,0.4822,0.9391,high,high,0
Sentinel,0.7513,0.8024,0.1948,-0.0480,0.0000,0.4823,0.9729,high,high,0
Sentinel,0.7513,0.8029,0.1878,-0.0484,0.0000,0.4823,0.9566,high,high,0
Sentinel,0.7513,0.8033,0.1819,-0.0488,0.0000,0.4823,0.9257,high,high,0
Sentinel,0.7513,0.8036,0.1768,-0.0491,0.0000,0.4823,0.8974,high,high,0
Sentinel,0.7513,0.8040,0.1726,-0.0495,0.0000,0.4823,0.8727,high,high,0
Sentinel,0.7513,0.8043,0.1689,-0.0498,0.0000,0.4824,0.8516,high,high,0
Sentinel,0.7512,0.8046,0.1658,-0.0502,0.0000,0.4824,0.8335,high,high,0
Sentinel,0.7512,0.8049,0.1632,-0.0505,0.0000,0.4824,0.8181,high,high,0
Sentinel,0.7512,0.8051,0.1610,-0.0509,0.0000,0.4824,0.8050,high,high,0
Sentinel,0.7512,0.8053,0.1591,-0.0512,0.0000,0.4824,0.7938,high,high,0
Sentinel,0.7717,0.7851,0.1337,-0.0336,0.2758,0.4832,0.6204,high,high,0
Sentinel,0.7714,0.7863,0.1337,-0.0313,0.2597,0.4843,0.6222,high,high,0
Sentinel,0.7543,0.7710,0.1512,0.0049,0.1500,0.4848,0.7045,high,high,0
Sentinel,0.7529,0.7872,0.1653,-0.0128,0.1500,0.4849,0.8224,high,high,0
Sentinel,0.7457,0.7851,0.2072,-0.0234,0.1000,0.4848,0.8850,high,high,0
Sentinel,0.7419,0.7838,0.2284,-0.0299,0.0000,0.4847,0.7722,high,high,0
Sentinel,0.7398,0.7831,0.2395,-0.0339,0.0000,0.4847,0.7082,high,high,0
Sentinel,0.7326,0.7792,0.2666,-0.0371,0.0000,0.4849,0.5436,boundary,boundary,0
Sentinel,0.7279,0.7756,0.2845,-0.0392,0.0000,0.4849,0.4330,boundary,boundary,0
Sentinel,0.7284,0.7766,0.2796,-0.0406,0.0000,0.4846,0.4618,boundary,boundary,0
Sentinel,0.7287,0.7770,0.2767,-0.0414,0.0000,0.4842,0.4790,boundary,boundary,0
Sentinel,0.7290,0.7774,0.2742,-0.0421,0.0000,0.4837,0.4937,boundary,boundary,0
Sentinel,0.7292,0.7778,0.2674,-0.0427,0.0000,0.4833,0.5317,boundary,boundary,0
Sentinel,0.7294,0.7781,0.2570,-0.0433,0.0000,0.4829,0.5888,boundary,boundary,0
Sentinel,0.7296,0.7783,0.2482,-0.0439,0.0000,0.4825,0.6363,high,high,0
Sentinel,0.7317,0.7802,0.2378,-0.0443,0.1500,0.4821,0.6973,high,high,0
Sentinel,0.7335,0.7818,0.2291,-0.0447,0.0000,0.4818,0.7487,high,high,0
Sentinel,0.7351,0.7834,0.2216,-0.0451,0.0000,0.4815,0.7920,high,high,0
Sentinel,0.7365,0.7848,0.2153,-0.0454,0.0000,0.4813,0.8282,high,high,0
Sentinel,0.7377,0.7861,0.2099,-0.0457,0.0000,0.4812,0.8581,high,high,0
Sentinel,0.7388,0.7873,0.2053,-0.0460,0.0000,0.4812,0.8825,high,high,0
Sentinel,0.7397,0.7891,0.2014,-0.0463,0.0000,0.4812,0.9044,high,high,0
Sentinel,0.7405,0.7909,0.1981,-0.0467,0.0000,0.4811,0.9218,high,high,0
Sentinel,0.7411,0.7925,0.1953,-0.0472,0.0000,0.4810,0.9345,high,high,0
Sentinel,0.7417,0.7941,0.1883,-0.0477,0.0000,0.4810,0.9353,high,high,0
Sentinel,0.7422,0.7960,0.1823,-0.0483,0.0000,0.4810,0.9173,high,high,0
Sentinel,0.7433,0.7979,0.1772,-0.0489,0.0000,0.4809,0.8954,high,high,0
Sentinel,0.7442,0.8003,0.1728,-0.0497,0.0000,0.4809,0.8728,high,high,0
Sentinel,0.7449,0.8024,0.1738,-0.0504,0.0000,0.4808,0.8776,high,high,0
Sentinel,0.7456,0.8045,0.1793,-0.0513,0.0000,0.4808,0.9046,high,high,0
Sentinel,0.7462,0.8064,0.1887,-0.0522,0.0000,0.4808,0.9382,high,high,0
Sentinel,0.7468,0.8082,0.1966,-0.0531,0.0000,0.4808,0.9339,high,high,0
Sentinel,0.7472,0.8098,0.2034,-0.0540,0.0000,0.4808,0.9075,high,high,0
Sentinel,0.7476,0.8113,0.2091,-0.0550,0.0000,0.4809,0.8782,high,high,0
Sentinel,0.7480,0.8127,0.2140,-0.0560,0.0000,0.4809,0.8510,high,high,0
Sentinel,0.7483,0.8140,0.2181,-0.0569,0.1497,0.4809,0.8269,high,high,0
Sentinel,0.7486,0.8152,0.2217,-0.0579,0.0000,0.4809,0.8057,high,high,0
Sentinel,0.7488,0.8163,0.2200,-0.0589,0.0000,0.4810,0.8106,high,high,0
Sentinel,0.7490,0.8173,0.2186,-0.0598,0.0000,0.4810,0.8139,high,high,0
Sentinel,0.7492,0.8182,0.2127,-0.0607,0.0000,0.4810,0.8361,high,high,0
Sentinel,0.7494,0.8191,0.2077,-0.0616,0.0000,0.4810,0.8507,high,high,0
Sentinel,0.7495,0.8199,0.2035,-0.0625,0.0000,0.4810,0.8590,high,high,0
Sentinel,0.7497,0.8206,0.1998,-0.0633,0.0000,0.4810,0.8625,high,high,0
Sentinel,0.7498,0.8213,0.1968,-0.0641,0.0000,0.4810,0.8624,high,high,0
Sentinel,0.7499,0.8219,0.1942,-0.0649,0.0000,0.4810,0.8602,high,high,0
Sentinel,0.7500,0.8224,0.1920,-0.0657,0.0000,0.4810,0.8568,high,high,0
Sentinel,0.7501,0.8229,0.1901,-0.0664,0.0000,0.4810,0.8527,high,high,0
Sentinel,0.7501,0.8234,0.1838,-0.0671,0.0000,0.4811,0.8409,high,high,0
Sentinel,0.7502,0.8239,0.1785,-0.0677,0.0000,0.4811,0.8251,high,high,0
Sentinel,0.7503,0.8243,0.1739,-0.0684,0.0000,0.4811,0.8084,high,high,0
Sentinel,0.7503,0.8246,0.1701,-0.0690,0.0000,0.4811,0.7925,high,high,0
Sentinel,0.7504,0.8250,0.1668,-0.0695,0.0000,0.4811,0.7779,high,high,0
Sentinel,0.7504,0.8253,0.1640,-0.0701,0.0000,0.4811,0.7649,high,high,0
Sentinel,0.7504,0.8256,0.1617,-0.0706,0.0000,0.4812,0.7534,high,high,0
Sentinel,0.7505,0.8259,0.1597,-0.0711,0.0000,0.4812,0.7434,high,high,0
Sentinel,0.7505,0.8261,0.1580,-0.0715,0.0000,0.4812,0.7347,high,high,0
Sentinel,0.7505,0.8263,0.1565,-0.0719,0.0000,0.4812,0.7271,high,high,0
Sentinel,0.7505,0.8265,0.1553,-0.0724,0.0000,0.4812,0.7206,high,high,0
Sentinel,0.7506,0.8267,0.1542,-0.0727,0.0000,0.4812,0.7150,high,high,0
Sentinel,0.7506,0.8269,0.1533,-0.0731,0.0000,0.4813,0.7101,high,high,0
Sentinel,0.7506,0.8271,0.1526,-0.0734,0.0000,0.4813,0.7059,high,high,0
Sentinel,0.7506,0.8272,0.1519,-0.0737,0.0000,0.4813,0.7023,high,high,0
Sentinel,0.7506,0.8274,0.1514,-0.0740,0.0000,0.4813,0.6992,high,high,0
Sentinel,0.7506,0.8275,0.1509,-0.0743,0.0000,0.4813,0.6966,high,high,0
Sentinel,0.7507,0.8276,0.1505,-0.0746,0.0000,0.4813,0.6943,high,high,0
Sentinel,0.7507,0.8277,0.1502,-0.0748,0.0000,0.4813,0.6923,high,high,0
Sentinel,0.7507,0.8278,0.1499,-0.0751,0.0000,0.4813,0.6906,high,high,0
Sentinel,0.7507,0.8279,0.1497,-0.0753,0.0000,0.4813,0.6891,high,high,0
Sentinel,0.7507,0.8280,0.1495,-0.0755,0.0000,0.4813,0.6878,high,high,0
Sentinel,0.7507,0.8280,0.1493,-0.0757,0.0000,0.4813,0.6867,high,high,0
Sentinel,0.7507,0.8281,0.1491,-0.0758,0.0000,0.4813,0.6858,high,high,0
Sentinel,0.7507,0.8282,0.1490,-0.0760,0.0000,0.4813,0.6850,high,high,0
Sentinel,0.7507,0.8282,0.1489,-0.0761,0.0000,0.4813,0.6843,high,high,0
Sentinel,0.7507,0.8283,0.1488,-0.0763,0.0000,0.4813,0.6836,high,high,0
Sentinel,0.7507,0.8283,0.1487,-0.0764,0.0000,0.4813,0.6831,high,high,0
Sentinel,0.7508,0.8284,0.1487,-0.0765,0.0000,0.4813,0.6826,high,high,0
Sentinel,0.7508,0.8284,0.1486,-0.0766,0.0000,0.4813,0.6822,high,high,0
Sentinel,0.7508,0.8285,0.1486,-0.0767,0.0000,0.4813,0.6819,high,high,0
Sentinel,0.7508,0.8285,0.1485,-0.0768,0.0000,0.4813,0.6816,high,high,0
Sentinel,0.7508,0.8285,0.1485,-0.0769,0.0000,0.4813,0.6813,high,high,0
Sentinel,0.7508,0.8285,0.1485,-0.0770,0.0000,0.4813,0.6810,high,high,0
Sentinel,0.7508,0.8286,0.1484,-0.0771,0.1362,0.4813,0.6808,high,high,0
Sentinel,0.7508,0.8286,0.1484,-0.0772,0.1335,0.4813,0.6807,high,high,0
Sentinel,0.7508,0.8286,0.1484,-0.0772,0.0000,0.4813,0.6805,high,high,0
Sentinel,0.7508,0.8286,0.1487,-0.0773,0.1498,0.4813,0.6818,high,high,0
Sentinel,0.7508,0.8287,0.1489,-0.0774,0.0000,0.4813,0.6827,high,high,0
Sentinel,0.7508,0.8287,0.1490,-0.0774,0.0000,0.4814,0.6832,high,high,0
Sentinel,0.7508,0.8287,0.1490,-0.0775,0.0000,0.4814,0.6834,high,high,0
Sentinel,0.7508,0.8287,0.1491,-0.0775,0.0000,0.4814,0.6835,high,high,0
Sentinel,0.7508,0.8287,0.1491,-0.0776,0.0000,0.4814,0.6834,high,high,0
Sentinel,0.7508,0.8287,0.1490,-0.0776,0.1493,0.4813,0.6832,high,high,0
Sentinel,0.7508,0.8287,0.1490,-0.0776,0.1494,0.4813,0.6829,high,high,0
Sentinel,0.7508,0.8288,0.1489,-0.0777,0.1483,0.4813,0.6827,high,high,0
Sentinel,0.7508,0.8288,0.1489,-0.0777,0.0000,0.4813,0.6824,high,high,0
Sentinel,0.7508,0.8288,0.1488,-0.0777,0.0000,0.4813,0.6821,high,high,0
Sentinel,0.7508,0.8288,0.1488,-0.0777,0.0000,0.4813,0.6819,high,high,0
Sentinel,0.7508,0.8288,0.1487,-0.0778,0.0000,0.4813,0.6816,high,high,0
Sentinel,0.7508,0.8288,0.1487,-0.0778,0.0000,0.4813,0.6814,high,high,0
Sentinel,0.7508,0.8288,0.1486,-0.0778,0.0000,0.4813,0.6811,high,high,0
Sentinel,0.7508,0.8288,0.1486,-0.0778,0.0000,0.4813,0.6809,high,high,0
Sentinel,0.7508,0.8288,0.1486,-0.0779,0.0000,0.4813,0.6807,high,high,0
Sentinel,0.7508,0.8288,0.1485,-0.0779,0.0000,0.4813,0.6806,high,high,0
Sentinel,0.7508,0.8288,0.1485,-0.0779,0.0000,0.4813,0.6804,high,high,0
Sentinel,0.7508,0.8288,0.1485,-0.0779,0.0000,0.4813,0.6803,high,high,0
Sentinel,0.7508,0.8288,0.1485,-0.0779,0.0000,0.4813,0.6801,high,high,0
Sentinel,0.7508,0.8288,0.1484,-0.0779,0.0000,0.4813,0.6800,high,high,0
Sentinel,0.7508,0.8288,0.1484,-0.0779,0.0000,0.4813,0.6799,high,high,0
Sentinel,0.7508,0.8288,0.1484,-0.0779,0.0000,0.4813,0.6798,high,high,0
Sentinel,0.7508,0.8288,0.1484,-0.0780,0.0000,0.4813,0.6797,high,high,0
Sentinel,0.7508,0.8288,0.1484,-0.0780,0.1153,0.4813,0.6797,high,high,0
Sentinel,0.7508,0.8288,0.1484,-0.0780,0.0276,0.4813,0.6796,high,high,0
Sentinel,0.7508,0.8288,0.1484,-0.0780,0.0000,0.4813,0.6796,high,high,0
Sentinel,0.7508,0.8288,0.1483,-0.0780,0.0000,0.4813,0.6795,high,high,0
Sentinel,0.7508,0.8288,0.1483,-0.0780,0.0000,0.4813,0.6795,high,high,0
Sentinel,0.7508,0.8288,0.1483,-0.0780,0.0000,0.4813,0.6794,high,high,0
Sentinel,0.7508,0.8289,0.1483,-0.0780,0.0000,0.4813,0.6794,high,high,0
Sentinel,0.7508,0.8289,0.1483,-0.0780,0.0000,0.4813,0.6794,high,high,0
Sentinel,0.7508,0.8289,0.1483,-0.0780,0.0000,0.4813,0.6793,high,high,0
Sentinel,0.7508,0.8289,0.1483,-0.0780,0.0000,0.4813,0.6793,high,high,0
Sentinel,0.7508,0.8289,0.1483,-0.0780,0.0000,0.4813,0.6793,high,high,0
Sentinel,0.7508,0.8289,0.1483,-0.0780,0.0000,0.4813,0.6793,high,high,0
Sentinel,0.7508,0.8289,0.1483,-0.0780,0.0000,0.4813,0.6793,high,high,0
Sentinel,0.7508,0.8289,0.1483,-0.0780,0.0000,0.4813,0.6793,high,high,0
Sentinel,0.7508,0.8289,0.1483,-0.0780,0.0000,0.4813,0.6793,high,high,0
Sentinel,0.7508,0.8289,0.1483,-0.0781,0.0000,0.4813,0.6792,high,high,0
Sentinel,0.7508,0.8289,0.1483,-0.0781,0.0000,0.4813,0.6792,high,high,0
Sentinel,0.7508,0.8289,0.1483,-0.0781,0.0000,0.4813,0.6792,high,high,0
Sentinel,0.7508,0.8289,0.1483,-0.0781,0.0000,0.4813,0.6792,high,high,0
Sentinel,0.7508,0.8289,0.1483,-0.0781,0.0000,0.4813,0.6792,high,high,0
Sentinel,0.7508,0.8289,0.1483,-0.0781,0.0000,0.4813,0.6792,high,high,0
Sentinel,0.7508,0.8289,0.1483,-0.0781,0.0000,0.4813,0.6792,high,high,0
Sentinel,0.7709,0.7947,0.1350,-0.0375,0.2601,0.4812,0.6364,high,high,0
Sentinel,0.7724,0.7914,0.1452,-0.0366,0.2912,0.4817,0.6867,high,high,0
Sentinel,0.7319,0.7690,0.2149,-0.0265,0.1500,0.4823,0.7609,high,high,0
Sentinel,0.7334,0.7789,0.2216,-0.0351,0.0000,0.4829,0.7752,high,high,0
Sentinel,0.7240,0.7706,0.2586,-0.0397,0.0000,0.4834,0.5556,boundary,boundary,0
Sentinel,0.7267,0.7711,0.2451,-0.0413,0.0000,0.4838,0.6295,high,high,0
Sentinel,0.7202,0.7615,0.2765,-0.0413,0.0000,0.4842,0.4374,boundary,boundary,0
Sentinel,0.7216,0.7613,0.2811,-0.0409,0.0000,0.4845,0.4158,boundary,boundary,0
Sentinel,0.7170,0.7550,0.3035,-0.0403,0.0000,0.4846,0.2782,boundary,low,1
Sentinel,0.7177,0.7545,0.3011,-0.0398,0.0000,0.4845,0.2905,boundary,low,1
Sentinel,0.7181,0.7543,0.2997,-0.0394,0.0000,0.4842,0.2979,boundary,low,1
Sentinel,0.7184,0.7540,0.2938,-0.0391,0.0000,0.4840,0.3284,boundary,low,1
Sentinel,0.7159,0.7511,0.2999,-0.0387,0.1500,0.4840,0.2864,boundary,low,1
Sentinel,0.7138,0.7485,0.3044,-0.0383,0.0000,0.4841,0.2538,boundary,low,1
Sentinel,0.7120,0.7456,0.3082,-0.0378,0.0000,0.4841,0.2244,boundary,low,1
Sentinel,0.7126,0.7455,0.2963,-0.0373,0.0000,0.4838,0.2850,boundary,low,1
Sentinel,0.7128,0.7453,0.2825,-0.0368,0.1500,0.4834,0.3521,boundary,low,1
Sentinel,0.7130,0.7455,0.2708,-0.0364,0.0000,0.4829,0.4074,boundary,boundary,0
Sentinel,0.7138,0.7458,0.2608,-0.0360,0.0000,0.4824,0.4540,boundary,boundary,0
Sentinel,0.7145,0.7465,0.2523,-0.0356,0.0000,0.4820,0.4931,boundary,boundary,0
Sentinel,0.7150,0.7471,0.2451,-0.0352,0.0000,0.4816,0.5249,high,high,0
Sentinel,0.7177,0.7500,0.2353,-0.0349,0.0000,0.4812,0.5782,high,high,0
Sentinel,0.7206,0.7527,0.2316,-0.0347,0.0000,0.4808,0.6096,high,high,0
Sentinel,0.7231,0.7553,0.2284,-0.0344,0.0000,0.4805,0.6372,high,high,0
Sentinel,0.7253,0.7582,0.2257,-0.0343,0.0000,0.4803,0.6637,high,high,0
Sentinel,0.7278,0.7610,0.2235,-0.0341,0.0000,0.4802,0.6892,high,high,0
Sentinel,0.7300,0.7637,0.2215,-0.0341,0.0000,0.4802,0.7122,high,high,0
Sentinel,0.7319,0.7661,0.2245,-0.0341,0.0000,0.4803,0.7158,high,high,0
Sentinel,0.7336,0.7684,0.2318,-0.0342,0.0000,0.4804,0.6980,high,high,0
Sentinel,0.7351,0.7711,0.2379,-0.0344,0.0000,0.4806,0.6809,high,high,0
Sentinel,0.7369,0.7738,0.2385,-0.0346,0.0000,0.4806,0.6885,high,high,0
Sentinel,0.7385,0.7769,0.2389,-0.0350,0.0000,0.4807,0.6965,high,high,0
Sentinel,0.7400,0.7798,0.2393,-0.0355,0.0000,0.4807,0.7029,high,high,0
Sentinel,0.7412,0.7831,0.2397,-0.0361,0.0000,0.4807,0.7089,high,high,0
Sentinel,0.7423,0.7861,0.2400,-0.0369,0.0000,0.4806,0.7133,high,high,0
Sentinel,0.7433,0.7889,0.2402,-0.0378,0.0000,0.4806,0.7164,high,high,0
Sentinel,0.7442,0.7915,0.2358,-0.0387,0.0000,0.4806,0.7453,high,high,0
Sentinel,0.7449,0.7939,0.2320,-0.0397,0.0000,0.4806,0.7696,high,high,0
Sentinel,0.7456,0.7961,0.2288,-0.0408,0.0000,0.4806,0.7899,high,high,0
Sentinel,0.7462,0.7981,0.2260,-0.0419,0.0000,0.4806,0.8066,high,high,0
Sentinel,0.7467,0.8000,0.2190,-0.0431,0.0000,0.4807,0.8473,high,high,0
Sentinel,0.7472,0.8017,0.2178,-0.0442,0.0000,0.4808,0.8539,high,high,0
Sentinel,0.7476,0.8033,0.2167,-0.0454,0.0051,0.4808,0.8588,high,high,0
Sentinel,0.7479,0.8048,0.2157,-0.0465,0.0212,0.4809,0.8620,high,high,0
Sentinel,0.7482,0.8062,0.2150,-0.0477,0.0350,0.4809,0.8640,high,high,0
Sentinel,0.7485,0.8074,0.2143,-0.0488,0.0465,0.4810,0.8650,high,high,0
Sentinel,0.7488,0.8086,0.2091,-0.0499,0.0559,0.4810,0.8888,high,high,0
Sentinel,0.7490,0.8097,0.2046,-0.0510,0.0632,0.4811,0.9049,high,high,0
Sentinel,0.7492,0.8106,0.2008,-0.0520,0.0687,0.4811,0.9140,high,high,0
Sentinel,0.7493,0.8115,0.1976,-0.0530,0.0727,0.4811,0.9169,high,high,0
Sentinel,0.7495,0.8124,0.1902,-0.0540,0.0752,0.4812,0.9139,high,high,0
Sentinel,0.7496,0.8131,0.1839,-0.0550,0.0766,0.4812,0.8955,high,high,0
Sentinel,0.7498,0.8138,0.1786,-0.0559,0.0770,0.4812,0.8729,high,high,0
Sentinel,0.7499,0.8145,0.1740,-0.0568,0.0767,0.4812,0.8510,high,high,0
Sentinel,0.7500,0.8151,0.1702,-0.0576,0.0756,0.4813,0.8310,high,high,0
Sentinel,0.7501,0.8156,0.1669,-0.0584,0.0741,0.4813,0.8133,high,high,0
Sentinel,0.7501,0.8161,0.1641,-0.0591,0.0721,0.4813,0.7979,high,high,0
Sentinel,0.7502,0.8166,0.1617,-0.0599,0.0698,0.4814,0.7846,high,high,0
Sentinel,0.7475,0.8151,0.1683,-0.0606,0.2184,0.4817,0.8208,high,high,0
Sentinel,0.7423,0.8116,0.1899,-0.0615,0.0683,0.4821,0.9045,high,high,0
Sentinel,0.7399,0.8101,0.1969,-0.0624,0.0680,0.4824,0.9034,high,high,0
Sentinel,0.7353,0.8062,0.2128,-0.0632,0.0675,0.4828,0.8471,high,high,0
Sentinel,0.7310,0.8017,0.2278,-0.0640,0.0657,0.4830,0.7666,high,high,0
Sentinel,0.7295,0.7993,0.2291,-0.0646,0.0623,0.4830,0.7563,high,high,0
Sentinel,0.7281,0.7971,0.2349,-0.0650,0.0576,0.4829,0.7229,high,high,0
Sentinel,0.7270,0.7951,0.2444,-0.0653,0.0521,0.4826,0.6690,high,high,0
Sentinel,0.7259,0.7933,0.2526,-0.0655,0.0459,0.4823,0.6222,boundary,boundary,0
Sentinel,0.7250,0.7915,0.2595,-0.0656,0.0391,0.4820,0.5818,boundary,boundary,0
Sentinel,0.7243,0.7899,0.2607,-0.0656,0.0320,0.4817,0.5725,boundary,boundary,0
Sentinel,0.7236,0.7884,0.2664,-0.0655,0.0247,0.4815,0.5390,boundary,boundary,0
Sentinel,0.7230,0.7870,0.2759,-0.0654,0.0172,0.4813,0.4844,boundary,boundary,0
Sentinel,0.7224,0.7857,0.2840,-0.0652,0.0096,0.4812,0.4376,boundary,boundary,0
Sentinel,0.7219,0.7844,0.2909,-0.0649,0.0020,0.4810,0.3976,boundary,low,1
Sentinel,0.7237,0.7851,0.2835,-0.0646,0.0000,0.4807,0.4423,boundary,boundary,0
Sentinel,0.7252,0.7858,0.2772,-0.0642,0.0000,0.4804,0.4804,boundary,boundary,0
Sentinel,0.7272,0.7864,0.2719,-0.0637,0.0000,0.4802,0.5139,boundary,boundary,0
Sentinel,0.7288,0.7877,0.2673,-0.0632,0.0000,0.4801,0.5431,boundary,boundary,0
Sentinel,0.7309,0.7891,0.2635,-0.0627,0.0000,0.4799,0.5690,boundary,boundary,0
Sentinel,0.7327,0.7905,0.2555,-0.0622,0.0000,0.4799,0.6174,boundary,boundary,0
Sentinel,0.7342,0.7922,0.2441,-0.0618,0.0000,0.4799,0.6850,high,high,0
Sentinel,0.7362,0.7939,0.2391,-0.0614,0.0000,0.4799,0.7175,high,high,0
Sentinel,0.7379,0.7961,0.2348,-0.0611,0.0000,0.4799,0.7453,high,high,0
Sentinel,0.7394,0.7981,0.2358,-0.0608,0.0000,0.4799,0.7422,high,high,0
Sentinel,0.7407,0.8001,0.2367,-0.0607,0.0000,0.4800,0.7388,high,high,0
Sentinel,0.7418,0.8019,0.2374,-0.0606,0.0000,0.4801,0.7353,high,high,0
Sentinel,0.7428,0.8035,0.2381,-0.0606,0.0000,0.4801,0.7318,high,high,0
Sentinel,0.7437,0.8051,0.2386,-0.0607,0.0000,0.4802,0.7283,high,high,0
Sentinel,0.7445,0.8065,0.2390,-0.0608,0.0000,0.4803,0.7250,high,high,0
Sentinel,0.7452,0.8078,0.2394,-0.0610,0.0000,0.4804,0.7218,high,high,0
Sentinel,0.7458,0.8090,0.2351,-0.0612,0.0000,0.4805,0.7452,high,high,0
Sentinel,0.7464,0.8101,0.2314,-0.0615,0.0000,0.4806,0.7644,high,high,0
Sentinel,0.7468,0.8112,0.2236,-0.0618,0.0000,0.4806,0.8053,high,high,0
Sentinel,0.7473,0.8121,0.2123,-0.0621,0.0000,0.4807,0.8603,high,high,0
Sentinel,0.7476,0.8130,0.2027,-0.0624,0.0000,0.4807,0.8951,high,high,0
Sentinel,0.7480,0.8139,0.1945,-0.0628,0.0000,0.4808,0.9058,high,high,0
Sentinel,0.7483,0.8146,0.1876,-0.0631,0.0000,0.4808,0.8961,high,high,0
Sentinel,0.7485,0.8153,0.1817,-0.0635,0.0000,0.4809,0.8770,high,high,0
Sentinel,0.7488,0.8160,0.1767,-0.0639,0.0000,0.4809,0.8558,high,high,0
Sentinel,0.7490,0.8166,0.1724,-0.0642,0.0000,0.4810,0.8355,high,high,0
Sentinel,0.7492,0.8171,0.1688,-0.0646,0.0000,0.4810,0.8172,high,high,0
Sentinel,0.7493,0.8176,0.1657,-0.0650,0.0000,0.4811,0.8009,high,high,0
Sentinel,0.7495,0.8181,0.1631,-0.0653,0.0000,0.4811,0.7868,high,high,0
Sentinel,0.7496,0.8185,0.1609,-0.0657,0.0000,0.4812,0.7745,high,high,0
Sentinel,0.7498,0.8189,0.1590,-0.0660,0.0000,0.4812,0.7638,high,high,0
Sentinel,0.7499,0.8192,0.1574,-0.0664,0.0000,0.4813,0.7546,high,high,0
Sentinel,0.7500,0.8196,0.1560,-0.0667,0.0000,0.4813,0.7467,high,high,0
Sentinel,0.7501,0.8199,0.1549,-0.0670,0.0000,0.4813,0.7400,high,high,0
Sentinel,0.7501,0.8201,0.1539,-0.0673,0.0000,0.4813,0.7341,high,high,0
Sentinel,0.7502,0.8204,0.1530,-0.0676,0.0000,0.4814,0.7291,high,high,0
Sentinel,0.7503,0.8206,0.1523,-0.0679,0.0000,0.4814,0.7248,high,high,0
Sentinel,0.7503,0.8208,0.1517,-0.0681,0.0000,0.4814,0.7210,high,high,0
Sentinel,0.7504,0.8210,0.1512,-0.0684,0.0000,0.4814,0.7178,high,high,0
Sentinel,0.7504,0.8212,0.1508,-0.0686,0.0000,0.4814,0.7151,high,high,0
Sentinel,0.7505,0.8214,0.1504,-0.0689,0.0000,0.4814,0.7127,high,high,0
Sentinel,0.7505,0.8215,0.1501,-0.0691,0.0000,0.4814,0.7106,high,high,0
Sentinel,0.7506,0.8217,0.1498,-0.0693,0.0000,0.4815,0.7089,high,high,0
Sentinel,0.7487,0.8195,0.1568,-0.0694,0.1500,0.4817,0.7505,high,high,0
Sentinel,0.7470,0.8171,0.1673,-0.0695,0.0000,0.4820,0.8094,high,high,0
Sentinel,0.7475,0.8164,0.1691,-0.0694,0.0000,0.4821,0.8204,high,high,0
Sentinel,0.7479,0.8159,0.1753,-0.0693,0.0000,0.4822,0.8504,high,high,0
Sentinel,0.7463,0.8137,0.1927,-0.0691,0.0000,0.4824,0.9050,high,high,0
Sentinel,0.7449,0.8117,0.2075,-0.0689,0.0000,0.4826,0.8802,high,high,0
Sentinel,0.7437,0.8098,0.2201,-0.0686,0.0000,0.4827,0.8239,high,high,0
Sentinel,0.7426,0.8082,0.2308,-0.0683,0.0000,0.4828,0.7678,high,high,0
Sentinel,0.7388,0.8039,0.2512,-0.0680,0.0000,0.4832,0.6519,boundary,boundary,0
Sentinel,0.7356,0.7993,0.2679,-0.0675,0.0000,0.4839,0.5534,boundary,boundary,0
Sentinel,0.7294,0.7920,0.2927,-0.0670,0.0191,0.4846,0.4022,boundary,boundary,0
Sentinel,0.7289,0.7891,0.2883,-0.0664,0.0028,0.4847,0.4254,boundary,boundary,0
Sentinel,0.7284,0.7864,0.2846,-0.0655,0.0000,0.4845,0.4444,boundary,boundary,0
Sentinel,0.7328,0.7551,0.1737,-0.0312,0.2987,0.4844,0.7028,high,high,0
Sentinel,0.7345,0.7527,0.1837,-0.0311,0.3254,0.4845,0.7113,high,high,0
Sentinel,0.7061,0.7239,0.3401,-0.0158,0.1500,0.4846,0.0000,boundary,low,1
Sentinel,0.7367,0.7501,0.1809,-0.0298,0.3178,0.4851,0.6976,high,high,0
Sentinel,0.7378,0.7523,0.1863,-0.0283,0.3171,0.4859,0.7174,high,high,0
Sentinel,0.7225,0.7228,0.3606,0.0183,0.0000,0.4862,0.0000,boundary,low,1
Sentinel,0.7126,0.7260,0.3967,0.0041,0.0000,0.4861,0.0000,boundary,low,1
Sentinel,0.7080,0.7255,0.4130,-0.0046,0.0000,0.4861,0.0000,boundary,low,1
Sentinel,0.6957,0.7146,0.4475,-0.0096,0.0000,0.4862,0.0000,boundary,low,1
Sentinel,0.6977,0.7166,0.4313,-0.0124,0.0000,0.4860,0.0000,boundary,low,1
Sentinel,0.7231,0.7373,0.1824,-0.0276,0.3514,0.4862,0.6025,high,high,0
Sentinel,0.7252,0.7429,0.1756,-0.0271,0.3179,0.4865,0.6278,high,high,0
Sentinel,0.7367,0.7269,0.3126,0.0275,0.0000,0.4861,0.1802,boundary,low,1
Sentinel,0.7320,0.7368,0.3330,0.0130,0.1500,0.4858,0.0973,boundary,low,1
Sentinel,0.7212,0.7287,0.3858,0.0048,0.0000,0.4859,0.0000,boundary,low,1
Sentinel,0.7275,0.7375,0.3750,-0.0004,0.0000,0.4858,0.0000,boundary,low,1
Sentinel,0.7257,0.7382,0.3678,-0.0040,0.1500,0.4855,0.0000,boundary,low,1
Sentinel,0.7201,0.7318,0.3937,-0.0059,0.0000,0.4853,0.0000,boundary,low,1
Sentinel,0.7162,0.7275,0.4116,-0.0070,0.0000,0.4855,0.0000,boundary,low,1
Sentinel,0.7092,0.7207,0.4355,-0.0077,0.1500,0.4862,0.0000,boundary,low,1
Sentinel,0.7057,0.7169,0.4452,-0.0080,0.0000,0.4869,0.0000,boundary,low,1
Sentinel,0.7130,0.7258,0.2354,-0.0261,0.5382,0.4870,0.4614,boundary,boundary,0
Sentinel,0.7121,0.7234,0.2352,-0.0247,0.7304,0.4877,0.4483,low,low,0
Sentinel,0.6543,0.6789,0.4113,-0.0153,0.0000,0.4874,0.0000,boundary,low,1
Sentinel,0.6724,0.7068,0.3425,-0.0239,0.0000,0.4860,0.0000,boundary,low,1
Sentinel,0.6854,0.7208,0.3117,-0.0285,0.1000,0.4841,0.0858,boundary,low,1
Sentinel,0.6949,0.7315,0.2840,-0.0314,0.0000,0.4823,0.2627,boundary,low,1
Sentinel,0.6982,0.7315,0.2867,-0.0319,0.0000,0.4811,0.2592,boundary,low,1
Sentinel,0.7012,0.7311,0.2976,-0.0314,0.0000,0.4803,0.2166,boundary,low,1
Sentinel,0.7053,0.7328,0.3016,-0.0306,0.0000,0.4799,0.2114,boundary,low,1
Sentinel,0.7081,0.7337,0.3040,-0.0299,0.0000,0.4797,0.2077,boundary,low,1
Sentinel,0.7102,0.7339,0.3021,-0.0293,0.0000,0.4799,0.2212,boundary,low,1
Sentinel,0.7092,0.7325,0.3130,-0.0287,0.1500,0.4801,0.1626,boundary,low,1
Sentinel,0.7131,0.7352,0.2977,-0.0280,0.0000,0.4803,0.2516,boundary,low,1
Sentinel,0.7165,0.7378,0.2846,-0.0273,0.0000,0.4803,0.3271,boundary,low,1
Sentinel,0.7194,0.7404,0.2735,-0.0267,0.0000,0.4802,0.3918,boundary,low,1
Sentinel,0.7220,0.7429,0.2641,-0.0261,0.0000,0.4800,0.4468,boundary,boundary,0
Sentinel,0.7248,0.7455,0.2514,-0.0256,0.0000,0.4800,0.5157,boundary,boundary,0
Sentinel,0.7273,0.7480,0.2406,-0.0251,0.0000,0.4800,0.5731,high,high,0
Sentinel,0.7295,0.7504,0.2314,-0.0247,0.0000,0.4801,0.6205,high,high,0
Sentinel,0.7288,0.7507,0.2312,-0.0244,0.0000,0.4804,0.6213,high,high,0
Sentinel,0.7283,0.7510,0.2356,-0.0242,0.0000,0.4807,0.6061,high,high,0
Sentinel,0.7281,0.7515,0.2427,-0.0241,0.0000,0.4809,0.5802,high,high,0
Sentinel,0.7281,0.7521,0.2433,-0.0241,0.0000,0.4811,0.5798,high,high,0
Sentinel,0.7283,0.7541,0.2479,-0.0243,0.0000,0.4812,0.5680,high,high,0
Sentinel,0.7282,0.7557,0.2575,-0.0246,0.1500,0.4811,0.5293,boundary,boundary,0
Sentinel,0.7285,0.7564,0.2665,-0.0249,0.1500,0.4810,0.4889,boundary,boundary,0
Sentinel,0.7291,0.7567,0.2729,-0.0252,0.0000,0.4812,0.4583,boundary,boundary,0
Sentinel,0.7265,0.7541,0.2904,-0.0254,0.1500,0.4817,0.3586,boundary,low,1
Sentinel,0.7240,0.7509,0.3064,-0.0256,0.0000,0.4824,0.2638,boundary,low,1
Sentinel,0.7223,0.7478,0.3160,-0.0256,0.0000,0.4831,0.2037,boundary,low,1
Sentinel,0.7208,0.7449,0.3196,-0.0254,0.0000,0.4837,0.1768,boundary,low,1
Sentinel,0.7195,0.7423,0.3226,-0.0252,0.0000,0.4842,0.1533,boundary,low,1
Sentinel,0.7183,0.7398,0.3204,-0.0248,0.0000,0.4845,0.1572,boundary,low,1
Sentinel,0.7176,0.7378,0.3126,-0.0243,0.0000,0.4844,0.1914,boundary,low,1
Sentinel,0.7197,0.7381,0.2928,-0.0237,0.0000,0.4841,0.2944,boundary,low,1
Sentinel,0.7216,0.7391,0.2760,-0.0231,0.0000,0.4835,0.3794,boundary,low,1
Sentinel,0.7232,0.7407,0.2619,-0.0225,0.0000,0.4829,0.4508,boundary,boundary,0
Sentinel,0.7252,0.7424,0.2502,-0.0220,0.0000,0.4823,0.5091,boundary,boundary,0
Sentinel,0.7267,0.7450,0.2409,-0.0216,0.0000,0.4817,0.5586,high,high,0
Sentinel,0.7304,0.7493,0.2298,-0.0214,0.0000,0.4812,0.6230,high,high,0
Sentinel,0.7336,0.7532,0.2205,-0.0212,0.0000,0.4807,0.6764,high,high,0
Sentinel,0.7364,0.7569,0.2125,-0.0211,0.0000,0.4804,0.7205,high,high,0
Sentinel,0.7389,0.7602,0.2057,-0.0211,0.0000,0.4802,0.7562,high,high,0
Sentinel,0.7410,0.7634,0.1999,-0.0213,0.0000,0.4802,0.7853,high,high,0
Sentinel,0.7422,0.7658,0.1969,-0.0215,0.0000,0.4802,0.8030,high,high,0
Sentinel,0.7432,0.7682,0.1942,-0.0219,0.0000,0.4804,0.8192,high,high,0
Sentinel,0.7441,0.7705,0.1920,-0.0223,0.0000,0.4805,0.8331,high,high,0
Sentinel,0.7449,0.7728,0.1901,-0.0229,0.0000,0.4806,0.8465,high,high,0
Sentinel,0.7456,0.7750,0.1885,-0.0235,0.0000,0.4807,0.8581,high,high,0
Sentinel,0.7462,0.7773,0.1872,-0.0243,0.0000,0.4808,0.8698,high,high,0
Sentinel,0.7467,0.7795,0.1860,-0.0251,0.0000,0.4809,0.8800,high,high,0
Sentinel,0.7471,0.7819,0.1850,-0.0261,0.0000,0.4809,0.8908,high,high,0
Sentinel,0.7475,0.7841,0.1842,-0.0271,0.0000,0.4809,0.8999,high,high,0
Sentinel,0.7479,0.7866,0.1834,-0.0283,0.0000,0.4809,0.9093,high,high,0
Sentinel,0.7482,0.7889,0.1828,-0.0295,0.0000,0.4809,0.9167,high,high,0
Sentinel,0.7485,0.7916,0.1823,-0.0309,0.0000,0.4808,0.9235,high,high,0
Sentinel,0.7487,0.7940,0.1819,-0.0323,0.0321,0.4807,0.9274,high,high,0
Sentinel,0.7490,0.7969,0.1768,-0.0339,0.0675,0.4806,0.9020,high,high,0
Sentinel,0.7492,0.7995,0.1772,-0.0355,0.0997,0.4805,0.9043,high,high,0
Sentinel,0.7493,0.8019,0.1822,-0.0372,0.1274,0.4804,0.9303,high,high,0
Sentinel,0.7495,0.8041,0.1911,-0.0390,0.1498,0.4803,0.9620,high,high,0
Sentinel,0.7496,0.8061,0.1987,-0.0407,0.1668,0.4803,0.9434,high,high,0
Sentinel,0.7497,0.8079,0.2051,-0.0425,0.1788,0.4803,0.9098,high,high,0
Sentinel,0.7498,0.8096,0.2106,-0.0442,0.3356,0.4803,0.8781,high,high,0
Sentinel,0.7499,0.8112,0.2153,-0.0459,0.3406,0.4803,0.8501,high,high,0
Sentinel,0.7500,0.8127,0.2192,-0.0476,0.1922,0.4803,0.8257,high,high,0
Sentinel,0.7500,0.8140,0.2226,-0.0492,0.1914,0.4803,0.8046,high,high,0
Sentinel,0.7501,0.8153,0.2208,-0.0508,0.1891,0.4804,0.8101,high,high,0
Sentinel,0.7501,0.8164,0.2192,-0.0524,0.1855,0.4804,0.8139,high,high,0
Sentinel,0.7501,0.8175,0.2133,-0.0539,0.1811,0.4804,0.8370,high,high,0
Sentinel,0.7502,0.8184,0.2082,-0.0553,0.1761,0.4804,0.8522,high,high,0
Sentinel,0.7502,0.8193,0.2039,-0.0567,0.1706,0.4804,0.8608,high,high,0
Sentinel,0.7502,0.8202,0.2002,-0.0580,0.1649,0.4804,0.8643,high,high,0
Sentinel,0.7502,0.8209,0.1971,-0.0593,0.1590,0.4804,0.8641,high,high,0
Sentinel,0.7503,0.8216,0.1944,-0.0605,0.1530,0.4804,0.8616,high,high,0
Sentinel,0.7503,0.8223,0.1922,-0.0617,0.1470,0.4804,0.8578,high,high,0
Sentinel,0.7503,0.8229,0.1903,-0.0627,0.1411,0.4804,0.8534,high,high,0
Sentinel,0.7503,0.8234,0.1840,-0.0638,0.1352,0.4805,0.8413,high,high,0
Sentinel,0.7503,0.8239,0.1786,-0.0648,0.1293,0.4805,0.8253,high,high,0
Sentinel,0.7503,0.8244,0.1741,-0.0657,0.1236,0.4805,0.8084,high,high,0
Sentinel,0.7503,0.8248,0.1702,-0.0666,0.1180,0.4805,0.7922,high,high,0
Sentinel,0.7504,0.8252,0.1669,-0.0674,0.1125,0.4805,0.7774,high,high,0
Sentinel,0.7504,0.8255,0.1641,-0.0682,0.1072,0.4806,0.7642,high,high,0
Sentinel,0.7504,0.8259,0.1617,-0.0689,0.1019,0.4806,0.7526,high,high,0
Sentinel,0.7504,0.8262,0.1597,-0.0696,0.0968,0.4806,0.7424,high,high,0
Sentinel,0.7504,0.8265,0.1580,-0.0702,0.0919,0.4806,0.7335,high,high,0
Sentinel,0.7504,0.8267,0.1566,-0.0708,0.0871,0.4806,0.7259,high,high,0
Sentinel,0.7504,0.8270,0.1553,-0.0714,0.0824,0.4807,0.7192,high,high,0
Sentinel,0.7504,0.8272,0.1543,-0.0719,0.0778,0.4807,0.7135,high,high,0
Sentinel,0.7504,0.8274,0.1534,-0.0724,0.0734,0.4807,0.7086,high,high,0
Sentinel,0.7504,0.8276,0.1526,-0.0729,0.0690,0.4807,0.7043,high,high,0
Sentinel,0.7504,0.8277,0.1520,-0.0734,0.0648,0.4807,0.7006,high,high,0
Sentinel,0.7505,0.8279,0.1514,-0.0738,0.0608,0.4807,0.6975,high,high,0
Sentinel,0.7505,0.8280,0.1510,-0.0741,0.0568,0.4808,0.6953,high,high,0
Sentinel,0.7505,0.8282,0.1507,-0.0745,0.0529,0.4808,0.6933,high,high,0
Sentinel,0.7505,0.8283,0.1504,-0.0748,0.0492,0.4808,0.6914,high,high,0
Sentinel,0.7505,0.8284,0.1502,-0.0751,0.0455,0.4808,0.6898,high,high,0
Sentinel,0.7505,0.8285,0.1499,-0.0754,0.0420,0.4808,0.6883,high,high,0
Sentinel,0.7505,0.8286,0.1497,-0.0757,0.0385,0.4808,0.6870,high,high,0
Sentinel,0.7505,0.8287,0.1495,-0.0759,0.0352,0.4808,0.6858,high,high,0
Sentinel,0.7505,0.8288,0.1494,-0.0762,0.0319,0.4808,0.6848,high,high,0
Sentinel,0.7505,0.8288,0.1492,-0.0764,0.0287,0.4808,0.6838,high,high,0
Sentinel,0.7505,0.8289,0.1491,-0.0766,0.0256,0.4808,0.6830,high,high,0
Sentinel,0.7505,0.8290,0.1490,-0.0768,0.0226,0.4808,0.6823,high,high,0
Sentinel,0.7505,0.8290,0.1489,-0.0769,0.0197,0.4808,0.6817,high,high,0
Sentinel,0.7506,0.8291,0.1488,-0.0771,0.0169,0.4808,0.6811,high,high,0
Sentinel,0.7506,0.8291,0.1487,-0.0772,0.0141,0.4809,0.6806,high,high,0
Sentinel,0.7506,0.8292,0.1487,-0.0774,0.0114,0.4809,0.6801,high,high,0
Sentinel,0.7506,0.8292,0.1486,-0.0775,0.0088,0.4809,0.6797,high,high,0
Sentinel,0.7506,0.8292,0.1486,-0.0776,0.0062,0.4809,0.6794,high,high,0
Sentinel,0.7506,0.8293,0.1485,-0.0777,0.0037,0.4809,0.6791,high,high,0
Sentinel,0.7506,0.8293,0.1485,-0.0778,0.0013,0.4809,0.6788,high,high,0
Sentinel,0.7506,0.8293,0.1485,-0.0779,0.0000,0.4809,0.6786,high,high,0
Sentinel,0.7506,0.8293,0.1484,-0.0780,0.0000,0.4809,0.6784,high,high,0
Sentinel,0.7506,0.8294,0.1484,-0.0781,0.0000,0.4809,0.6782,high,high,0
Sentinel,0.7506,0.8294,0.1484,-0.0781,0.0000,0.4809,0.6780,high,high,0
Sentinel,0.7506,0.8294,0.1484,-0.0782,0.0000,0.4809,0.6779,high,high,0
Sentinel,0.7506,0.8294,0.1484,-0.0783,0.0000,0.4809,0.6777,high,high,0
Sentinel,0.7506,0.8294,0.1484,-0.0783,0.0000,0.4809,0.6776,high,high,0
Sentinel,0.7506,0.8295,0.1484,-0.0784,0.0000,0.4809,0.6775,high,high,0
Sentinel,0.7506,0.8295,0.1483,-0.0784,0.0000,0.4809,0.6774,high,high,0
Sentinel,0.7506,0.8295,0.1483,-0.0785,0.0000,0.4809,0.6773,high,high,0
Sentinel,0.7506,0.8295,0.1483,-0.0785,0.0000,0.4809,0.6773,high,high,0
Sentinel,0.7506,0.8295,0.1483,-0.0786,0.0000,0.4809,0.6772,high,high,0
Sentinel,0.7506,0.8295,0.1483,-0.0786,0.0000,0.4809,0.6772,high,high,0
Sentinel,0.7506,0.8295,0.1483,-0.0786,0.0000,0.4809,0.6771,high,high,0
Sentinel,0.7506,0.8295,0.1483,-0.0787,0.0000,0.4809,0.6771,high,high,0
Sentinel,0.7506,0.8295,0.1483,-0.0787,0.0000,0.4809,0.6770,high,high,0
Sentinel,0.7506,0.8296,0.1483,-0.0787,0.0000,0.4809,0.6770,high,high,0
Sentinel,0.7506,0.8296,0.1483,-0.0787,0.0000,0.4809,0.6769,high,high,0
Sentinel,0.7506,0.8296,0.1483,-0.0788,0.0000,0.4809,0.6769,high,high,0
Sentinel,0.7506,0.8296,0.1483,-0.0788,0.0000,0.4810,0.6769,high,high,0
Sentinel,0.7488,0.8274,0.1552,-0.0788,0.1500,0.4812,0.7171,high,high,0
Sentinel,0.7470,0.8247,0.1663,-0.0787,0.0000,0.4815,0.7758,high,high,0
Sentinel,0.7455,0.8217,0.1757,-0.0784,0.0000,0.4818,0.8244,high,high,0
Sentinel,0.7442,0.8189,0.1836,-0.0780,0.0000,0.4821,0.8599,high,high,0
Sentinel,0.7450,0.8179,0.1829,-0.0775,0.0000,0.4822,0.8644,high,high,0
Sentinel,0.7457,0.8170,0.1871,-0.0769,0.1500,0.4822,0.8793,high,high,0
Sentinel,0.7463,0.8162,0.1953,-0.0762,0.0000,0.4821,0.8900,high,high,0
Sentinel,0.7469,0.8155,0.2022,-0.0754,0.0000,0.4820,0.8833,high,high,0
Sentinel,0.7474,0.8148,0.2081,-0.0746,0.0000,0.4819,0.8677,high,high,0
Sentinel,0.7478,0.8142,0.2132,-0.0738,0.0000,0.4818,0.8494,high,high,0
Sentinel,0.7482,0.8136,0.2128,-0.0730,0.0000,0.4818,0.8537,high,high,0
Sentinel,0.7485,0.8130,0.2171,-0.0721,0.0000,0.4818,0.8351,high,high,0
Sentinel,0.7488,0.8125,0.2254,-0.0713,0.0000,0.4818,0.7935,high,high,0
Sentinel,0.7491,0.8120,0.2325,-0.0704,0.1499,0.4818,0.7559,high,high,0
Sentinel,0.7493,0.8115,0.2339,-0.0696,0.0000,0.4818,0.7493,high,high,0
Sentinel,0.7495,0.8111,0.2351,-0.0688,0.0000,0.4818,0.7436,high,high,0
Sentinel,0.7497,0.8107,0.2360,-0.0680,0.0000,0.4818,0.7387,high,high,0
Sentinel,0.7499,0.8108,0.2369,-0.0673,0.0000,0.4818,0.7339,high,high,0
Sentinel,0.7500,0.8107,0.2376,-0.0667,0.0000,0.4817,0.7300,high,high,0
Sentinel,0.7501,0.8113,0.2383,-0.0661,0.0000,0.4817,0.7252,high,high,0
Sentinel,0.7502,0.8119,0.2342,-0.0657,0.0000,0.4815,0.7471,high,high,0
Sentinel,0.7503,0.8130,0.2260,-0.0654,0.0000,0.4814,0.7894,high,high,0
Sentinel,0.7504,0.8140,0.2191,-0.0652,0.0000,0.4812,0.8227,high,high,0
Sentinel,0.7504,0.8149,0.2131,-0.0651,0.0000,0.4810,0.8477,high,high,0
Sentinel,0.7505,0.8158,0.2034,-0.0651,0.0000,0.4809,0.8807,high,high,0
Sentinel,0.7505,0.8165,0.1952,-0.0652,0.0000,0.4808,0.8912,high,high,0
Sentinel,0.7506,0.8173,0.1882,-0.0654,0.0000,0.4808,0.8833,high,high,0
Sentinel,0.7506,0.8179,0.1822,-0.0656,0.0000,0.4808,0.8663,high,high,0
Sentinel,0.7506,0.8185,0.1771,-0.0658,0.0000,0.4808,0.8466,high,high,0
Sentinel,0.7506,0.8191,0.1728,-0.0661,0.0000,0.4808,0.8273,high,high,0
Sentinel,0.7506,0.8196,0.1691,-0.0664,0.0000,0.4808,0.8095,high,high,0
Sentinel,0.7506,0.8201,0.1660,-0.0667,0.0000,0.4809,0.7936,high,high,0
Sentinel,0.7506,0.8206,0.1634,-0.0670,0.0000,0.4809,0.7796,high,high,0
Sentinel,0.7506,0.8210,0.1611,-0.0673,0.0000,0.4809,0.7674,high,high,0
Sentinel,0.7506,0.8214,0.1592,-0.0677,0.0000,0.4810,0.7568,high,high,0
Sentinel,0.7506,0.8218,0.1576,-0.0680,0.0000,0.4810,0.7476,high,high,0
Sentinel,0.7506,0.8221,0.1562,-0.0684,0.0000,0.4810,0.7397,high,high,0
Sentinel,0.7506,0.8224,0.1550,-0.0687,0.0000,0.4810,0.7329,high,high,0
Sentinel,0.7506,0.8227,0.1540,-0.0691,0.0000,0.4810,0.7270,high,high,0
Sentinel,0.7506,0.8230,0.1531,-0.0694,0.0000,0.4811,0.7219,high,high,0
Sentinel,0.7506,0.8232,0.1524,-0.0697,0.0000,0.4811,0.7175,high,high,0
Sentinel,0.7506,0.8235,0.1518,-0.0700,0.0000,0.4811,0.7137,high,high,0
Sentinel,0.7506,0.8237,0.1513,-0.0703,0.0000,0.4811,0.7104,high,high,0
Sentinel,0.7506,0.8239,0.1508,-0.0706,0.0000,0.4811,0.7076,high,high,0
Sentinel,0.7506,0.8240,0.1504,-0.0709,0.0000,0.4811,0.7052,high,high,0
Sentinel,0.7506,0.8242,0.1501,-0.0712,0.0000,0.4811,0.7031,high,high,0
Sentinel,0.7507,0.8243,0.1498,-0.0714,0.0000,0.4812,0.7013,high,high,0
Sentinel,0.7507,0.8245,0.1496,-0.0716,0.0000,0.4812,0.6997,high,high,0
Sentinel,0.7507,0.8246,0.1494,-0.0719,0.0000,0.4812,0.6983,high,high,0
Sentinel,0.7507,0.8247,0.1492,-0.0721,0.0000,0.4812,0.6971,high,high,0
Sentinel,0.7507,0.8248,0.1491,-0.0723,0.0000,0.4812,0.6961,high,high,0
Sentinel,0.7507,0.8249,0.1490,-0.0725,0.0000,0.4812,0.6952,high,high,0
Sentinel,0.7507,0.8250,0.1489,-0.0727,0.0000,0.4812,0.6944,high,high,0
Sentinel,0.7507,0.8251,0.1488,-0.0728,0.0000,0.4812,0.6937,high,high,0
Sentinel,0.7507,0.8251,0.1487,-0.0730,0.0000,0.4812,0.6933,high,high,0
Sentinel,0.7507,0.8250,0.1487,-0.0731,0.0000,0.4812,0.6931,high,high,0
Sentinel,0.7507,0.8250,0.1486,-0.0732,0.0000,0.4812,0.6930,high,high,0
Sentinel,0.7507,0.8249,0.1486,-0.0733,0.0000,0.4813,0.6931,high,high,0
Sentinel,0.7507,0.8247,0.1485,-0.0734,0.0000,0.4813,0.6934,high,high,0
Sentinel,0.7507,0.8246,0.1485,-0.0735,0.0000,0.4813,0.6936,high,high,0
Sentinel,0.7507,0.8245,0.1485,-0.0735,0.0000,0.4813,0.6938,high,high,0
Sentinel,0.7507,0.8244,0.1484,-0.0735,0.0000,0.4814,0.6940,high,high,0
Sentinel,0.7507,0.8243,0.1484,-0.0735,0.0000,0.4814,0.6942,high,high,0
Sentinel,0.7507,0.8242,0.1484,-0.0735,0.0000,0.4814,0.6944,high,high,0
Sentinel,0.7507,0.8241,0.1484,-0.0735,0.0000,0.4814,0.6946,high,high,0
Sentinel,0.7507,0.8240,0.1484,-0.0735,0.0000,0.4814,0.6948,high,high,0
Sentinel,0.7508,0.8239,0.1484,-0.0734,0.0000,0.4814,0.6949,high,high,0
Sentinel,0.7508,0.8239,0.1483,-0.0734,0.0000,0.4814,0.6951,high,high,0
Sentinel,0.7508,0.8238,0.1483,-0.0734,0.0000,0.4814,0.6952,high,high,0
Sentinel,0.7508,0.8237,0.1483,-0.0733,0.0000,0.4814,0.6954,high,high,0
Sentinel,0.7508,0.8237,0.1483,-0.0733,0.0000,0.4814,0.6955,high,high,0
Sentinel,0.7508,0.8236,0.1483,-0.0732,0.0000,0.4814,0.6956,high,high,0
Sentinel,0.7508,0.8236,0.1483,-0.0732,0.0000,0.4814,0.6957,high,high,0
Sentinel,0.7508,0.8235,0.1483,-0.0731,0.0000,0.4814,0.6959,high,high,0
Sentinel,0.7508,0.8235,0.1483,-0.0731,0.0000,0.4814,0.6960,high,high,0
Sentinel,0.7508,0.8234,0.1483,-0.0731,0.0000,0.4814,0.6961,high,high,0
Sentinel,0.7508,0.8234,0.1483,-0.0730,0.0000,0.4814,0.6961,high,high,0
Sentinel,0.7508,0.8234,0.1483,-0.0730,0.0000,0.4814,0.6962,high,high,0
Sentinel,0.7508,0.8234,0.1483,-0.0729,0.0000,0.4814,0.6963,high,high,0
Sentinel,0.7508,0.8233,0.1483,-0.0729,0.1226,0.4814,0.6964,high,high,0
Sentinel,0.7508,0.8233,0.1483,-0.0728,0.1311,0.4814,0.6964,high,high,0
Sentinel,0.7508,0.8233,0.1483,-0.0728,0.0000,0.4814,0.6965,high,high,0
Sentinel,0.7508,0.8233,0.1483,-0.0728,0.0000,0.4814,0.6966,high,high,0
Sentinel,0.7508,0.8232,0.1483,-0.0727,0.0000,0.4814,0.6966,high,high,0
Sentinel,0.7508,0.8232,0.1483,-0.0727,0.0000,0.4814,0.6967,high,high,0
Sentinel,0.7508,0.8232,0.1483,-0.0727,0.0000,0.4814,0.6967,high,high,0
Sentinel,0.7508,0.8232,0.1483,-0.0726,0.0000,0.4814,0.6967,high,high,0
Sentinel,0.7508,0.8232,0.1483,-0.0726,0.0000,0.4814,0.6968,high,high,0
Sentinel,0.7508,0.8232,0.1483,-0.0726,0.0000,0.4814,0.6968,high,high,0
Sentinel,0.7508,0.8231,0.1483,-0.0726,0.0000,0.4814,0.6969,high,high,0
Sentinel,0.7508,0.8231,0.1483,-0.0725,0.0000,0.4814,0.6969,high,high,0
Sentinel,0.7508,0.8231,0.1483,-0.0725,0.0000,0.4814,0.6969,high,high,0
Sentinel,0.7508,0.8231,0.1483,-0.0725,0.0000,0.4814,0.6969,high,high,0
Sentinel,0.7508,0.8231,0.1483,-0.0725,0.0000,0.4814,0.6970,high,high,0
Sentinel,0.7508,0.8231,0.1483,-0.0725,0.0000,0.4814,0.6970,high,high,0
Sentinel,0.7508,0.8231,0.1483,-0.0724,0.0000,0.4814,0.6970,high,high,0
Sentinel,0.7508,0.8231,0.1483,-0.0724,0.0000,0.4814,0.6970,high,high,0
Sentinel,0.7508,0.8231,0.1483,-0.0724,0.0000,0.4814,0.6970,high,high,0
Sentinel,0.7508,0.8231,0.1483,-0.0724,0.0000,0.4814,0.6971,high,high,0
Sentinel,0.7508,0.8231,0.1483,-0.0724,0.0000,0.4814,0.6971,high,high,0
Sentinel,0.7508,0.8231,0.1483,-0.0724,0.0000,0.4814,0.6971,high,high,0
Sentinel,0.7508,0.8231,0.1483,-0.0723,0.0000,0.4814,0.6971,high,high,0
Sentinel,0.7508,0.8231,0.1483,-0.0723,0.0000,0.4814,0.6971,high,high,0
Sentinel,0.7508,0.8231,0.1483,-0.0723,0.0000,0.4814,0.6971,high,high,0
Sentinel,0.7508,0.8230,0.1483,-0.0723,0.0000,0.4814,0.6971,high,high,0
Sentinel,0.7508,0.8230,0.1483,-0.0723,0.0000,0.4814,0.6971,high,high,0
Sentinel,0.7508,0.8230,0.1483,-0.0723,0.0000,0.4814,0.6971,high,high,0
Sentinel,0.7508,0.8230,0.1483,-0.0723,0.0000,0.4814,0.6971,high,high,0
Sentinel,0.7508,0.8230,0.1483,-0.0723,0.0000,0.4814,0.6972,high,high,0
Sentinel,0.7508,0.8230,0.1483,-0.0723,0.0000,0.4814,0.6972,high,high,0
Sentinel,0.7508,0.8230,0.1483,-0.0723,0.0000,0.4814,0.6972,high,high,0
Sentinel,0.7508,0.8230,0.1483,-0.0723,0.0000,0.4814,0.6972,high,high,0
Sentinel,0.7508,0.8230,0.1483,-0.0723,0.0000,0.4814,0.6972,high,high,0
Sentinel,0.7508,0.8230,0.1483,-0.0722,0.0000,0.4814,0.6972,high,high,0
Sentinel,0.7508,0.8230,0.1483,-0.0722,0.0000,0.4814,0.6972,high,high,0
Sentinel,0.7508,0.8230,0.1483,-0.0722,0.0000,0.4814,0.6972,high,high,0
Sentinel,0.7508,0.8230,0.1483,-0.0722,0.0000,0.4814,0.6972,high,high,0
Sentinel,0.7508,0.8230,0.1483,-0.0722,0.0000,0.4814,0.6972,high,high,0
Sentinel,0.7508,0.8230,0.1483,-0.0722,0.0000,0.4814,0.6972,high,high,0
Sentinel,0.7508,0.8230,0.1483,-0.0722,0.0000,0.4814,0.6972,high,high,0
Sentinel,0.7508,0.8230,0.1483,-0.0722,0.0000,0.4815,0.6972,high,high,0
Sentinel,0.7489,0.8207,0.1557,-0.0722,0.1500,0.4818,0.7417,high,high,0
Sentinel,0.7442,0.8160,0.1785,-0.0721,0.0000,0.4825,0.8582,high,high,0
Sentinel,0.7401,0.8110,0.1980,-0.0720,0.0000,0.4831,0.8986,high,high,0
Sentinel,0.7388,0.8081,0.2027,-0.0717,0.0000,0.4833,0.8941,high,high,0
Sentinel,0.7397,0.8071,0.1992,-0.0713,0.0000,0.4833,0.9104,high,high,0
Sentinel,0.7405,0.8061,0.2009,-0.0707,0.1500,0.4830,0.9123,high,high,0
Sentinel,0.7412,0.8053,0.2024,-0.0701,0.0000,0.4827,0.9128,high,high,0
Sentinel,0.7418,0.8045,0.2036,-0.0693,0.0000,0.4824,0.9126,high,high,0
Sentinel,0.7424,0.8038,0.2046,-0.0685,0.0000,0.4822,0.9118,high,high,0
Sentinel,0.7429,0.8030,0.2055,-0.0677,0.0000,0.4820,0.9109,high,high,0
Sentinel,0.7433,0.8022,0.2016,-0.0668,0.0000,0.4820,0.9313,high,high,0
Sentinel,0.7418,0.7992,0.2057,-0.0659,0.1500,0.4825,0.9107,high,high,0
Sentinel,0.7351,0.7915,0.2385,-0.0649,0.1500,0.4838,0.7171,high,high,0
Sentinel,0.7292,0.7839,0.2664,-0.0639,0.0096,0.4853,0.5453,boundary,boundary,0
Sentinel,0.7239,0.7768,0.2866,-0.0628,0.0603,0.4866,0.4165,boundary,boundary,0
Sentinel,0.7198,0.7706,0.3033,-0.0616,0.1157,0.4877,0.3105,boundary,low,1
Sentinel,0.7163,0.7649,0.3174,-0.0603,0.1912,0.4884,0.2194,boundary,low,1
Sentinel,0.7133,0.7592,0.3294,-0.0589,0.2531,0.4888,0.1406,boundary,low,1
Sentinel,0.7108,0.7537,0.3384,-0.0573,0.3104,0.4890,0.0786,boundary,low,1
Sentinel,0.7086,0.7481,0.3467,-0.0555,0.3794,0.4889,0.0212,boundary,low,1
Sentinel,0.7062,0.7446,0.3407,-0.0538,0.4018,0.4882,0.0429,boundary,low,1
Sentinel,0.7023,0.7414,0.3351,-0.0523,0.5918,0.4871,0.0597,boundary,low,1
Sentinel,0.6979,0.7392,0.3303,-0.0512,0.6323,0.4857,0.0713,boundary,low,1
Sentinel,0.6912,0.7371,0.3256,-0.0507,0.6646,0.4841,0.0761,boundary,low,1
Sentinel,0.6829,0.7344,0.3229,-0.0508,0.6674,0.4823,0.0631,boundary,low,1
Sentinel,0.6766,0.7339,0.3073,-0.0514,0.6269,0.4802,0.1174,boundary,low,1
Sentinel,0.6700,0.7334,0.2936,-0.0526,0.5925,0.4781,0.1545,boundary,low,1
Sentinel,0.6652,0.7329,0.2815,-0.0541,0.4121,0.4762,0.1837,boundary,low,1
Sentinel,0.6616,0.7325,0.2712,-0.0558,0.4059,0.4747,0.2058,boundary,low,1
Sentinel,0.6610,0.7344,0.2557,-0.0576,0.3913,0.4735,0.2576,boundary,low,1
Sentinel,0.6602,0.7356,0.2396,-0.0593,0.3814,0.4725,0.2994,high,low,1
Sentinel,0.6598,0.7375,0.2306,-0.0612,0.3677,0.4719,0.3222,high,low,1
Sentinel,0.6580,0.7381,0.2290,-0.0631,0.3613,0.4715,0.3187,high,low,1
Sentinel,0.6563,0.7382,0.2291,-0.0649,0.3584,0.4714,0.3110,high,low,1
Sentinel,0.6570,0.7398,0.2216,-0.0667,0.3464,0.4713,0.3314,high,low,1
Sentinel,0.6605,0.7421,0.2153,-0.0682,0.3317,0.4713,0.3632,high,low,1
Sentinel,0.6656,0.7442,0.2146,-0.0693,0.3179,0.4716,0.3956,high,low,1
Sentinel,0.6716,0.7468,0.2187,-0.0698,0.2834,0.4722,0.4272,high,boundary,1
Sentinel,0.6780,0.7493,0.2268,-0.0700,0.2197,0.4729,0.4500,high,boundary,1
Sentinel,0.6845,0.7524,0.2337,-0.0698,0.1595,0.4737,0.4716,high,high,0
Sentinel,0.6908,0.7553,0.2349,-0.0693,0.1025,0.4744,0.5038,high,high,0
Sentinel,0.6968,0.7588,0.2406,-0.0685,0.0494,0.4752,0.5203,high,high,0
Sentinel,0.7024,0.7621,0.2501,-0.0677,0.0003,0.4758,0.5144,boundary,boundary,0
Sentinel,0.7076,0.7660,0.2581,-0.0667,0.0000,0.4764,0.5059,boundary,boundary,0
Sentinel,0.7105,0.7678,0.2724,-0.0658,0.0000,0.4770,0.4496,boundary,boundary,0
Sentinel,0.7130,0.7691,0.2799,-0.0648,0.1500,0.4776,0.4200,boundary,boundary,0
Sentinel,0.7534,0.7744,0.1460,-0.0447,0.4645,0.4777,0.6884,boundary,boundary,0
Sentinel,0.7590,0.7710,0.1787,-0.0418,0.6108,0.4791,0.8122,boundary,boundary,0
Sentinel,0.7026,0.7308,0.3944,0.0040,0.1500,0.4803,0.0000,boundary,low,1
Sentinel,0.7035,0.7496,0.3412,-0.0185,0.0000,0.4806,0.0451,boundary,low,1
Sentinel,0.7073,0.7565,0.3170,-0.0308,0.0000,0.4805,0.1925,boundary,low,1
Sentinel,0.7169,0.7664,0.2749,-0.0373,0.0000,0.4801,0.4492,boundary,boundary,0
Sentinel,0.7235,0.7720,0.2528,-0.0407,0.0000,0.4798,0.5871,boundary,boundary,0
Sentinel,0.7282,0.7752,0.2403,-0.0423,0.0000,0.4795,0.6662,high,high,0
Sentinel,0.7279,0.7721,0.2457,-0.0426,0.0000,0.4796,0.6319,high,high,0
Sentinel,0.7281,0.7695,0.2549,-0.0425,0.1500,0.4798,0.5801,boundary,boundary,0
Sentinel,0.7284,0.7678,0.2552,-0.0421,0.0000,0.4802,0.5752,boundary,boundary,0
Sentinel,0.7296,0.7668,0.2531,-0.0417,0.0000,0.4806,0.5854,boundary,boundary,0
Sentinel,0.7306,0.7661,0.2521,-0.0410,0.0000,0.4809,0.5901,boundary,boundary,0
Sentinel,0.7337,0.7673,0.2394,-0.0403,0.0000,0.4810,0.6598,high,high,0
Sentinel,0.7357,0.7679,0.2351,-0.0395,0.0000,0.4811,0.6849,high,high,0
Sentinel,0.7374,0.7684,0.2314,-0.0386,0.0000,0.4811,0.7062,high,high,0
Sentinel,0.7390,0.7699,0.2283,-0.0379,0.0000,0.4810,0.7275,high,high,0
Sentinel,0.7404,0.7714,0.2257,-0.0372,0.0000,0.4810,0.7467,high,high,0
Sentinel,0.7416,0.7732,0.2187,-0.0366,0.0000,0.4808,0.7847,high,high,0
Sentinel,0.7427,0.7749,0.2128,-0.0362,0.0000,0.4807,0.8159,high,high,0
Sentinel,0.7436,0.7763,0.2078,-0.0358,0.0000,0.4807,0.8411,high,high,0
Sentinel,0.7444,0.7777,0.2036,-0.0356,0.0000,0.4807,0.8611,high,high,0
Sentinel,0.7452,0.7789,0.2000,-0.0354,0.0000,0.4808,0.8766,high,high,0
Sentinel,0.7458,0.7805,0.1922,-0.0353,0.0000,0.4808,0.8927,high,high,0
Sentinel,0.7464,0.7820,0.1856,-0.0353,0.0000,0.4809,0.8923,high,high,0
Sentinel,0.7469,0.7840,0.1800,-0.0355,0.0000,0.4809,0.8837,high,high,0
Sentinel,0.7474,0.7858,0.1753,-0.0358,0.0000,0.4809,0.8698,high,high,0
Sentinel,0.7477,0.7882,0.1712,-0.0363,0.0000,0.4808,0.8563,high,high,0
Sentinel,0.7481,0.7904,0.1725,-0.0369,0.0000,0.4807,0.8680,high,high,0
Sentinel,0.7484,0.7929,0.1782,-0.0376,0.0000,0.4806,0.9046,high,high,0
Sentinel,0.7486,0.7953,0.1877,-0.0385,0.0000,0.4804,0.9609,high,high,0
Sentinel,0.7489,0.7981,0.1958,-0.0396,0.0000,0.4803,0.9828,high,high,0
Sentinel,0.7491,0.8006,0.2027,-0.0408,0.0000,0.4802,0.9430,high,high,0
Sentinel,0.7476,0.8009,0.2147,-0.0420,0.0000,0.4803,0.8725,high,high,0
Sentinel,0.7462,0.8005,0.2253,-0.0433,0.0000,0.4805,0.8102,high,high,0
Sentinel,0.7449,0.7996,0.2344,-0.0444,0.0000,0.4808,0.7565,high,high,0
Sentinel,0.7438,0.7984,0.2422,-0.0454,0.0000,0.4811,0.7106,high,high,0
Sentinel,0.7428,0.7969,0.2441,-0.0463,0.0000,0.4814,0.6985,high,high,0
Sentinel,0.7437,0.7971,0.2391,-0.0470,0.0000,0.4815,0.7286,high,high,0
Sentinel,0.7446,0.7972,0.2301,-0.0476,0.1500,0.4815,0.7813,high,high,0
Sentinel,0.7453,0.7974,0.2225,-0.0480,0.0000,0.4814,0.8260,high,high,0
Sentinel,0.7459,0.7975,0.2160,-0.0484,0.0000,0.4814,0.8641,high,high,0
Sentinel,0.7465,0.7977,0.2106,-0.0487,0.0000,0.4813,0.8963,high,high,0
Sentinel,0.7470,0.7978,0.2059,-0.0489,0.0000,0.4813,0.9237,high,high,0
Sentinel,0.7474,0.7979,0.2019,-0.0490,0.0000,0.4813,0.9467,high,high,0
Sentinel,0.7478,0.7980,0.1985,-0.0491,0.0000,0.4814,0.9658,high,high,0
Sentinel,0.7482,0.7980,0.1957,-0.0492,0.0000,0.4814,0.9806,high,high,0
Sentinel,0.7485,0.7981,0.1886,-0.0492,0.0000,0.4815,0.9690,high,high,0
Sentinel,0.7488,0.7985,0.1825,-0.0493,0.0000,0.4816,0.9351,high,high,0
Sentinel,0.7696,0.7909,0.1139,-0.0369,0.2547,0.4816,0.5176,high,high,0
Sentinel,0.7717,0.7897,0.1149,-0.0362,0.2576,0.4819,0.5200,high,high,0
Sentinel,0.7402,0.7756,0.1701,-0.0269,0.1500,0.4822,0.8001,high,high,0
Sentinel,0.7452,0.7901,0.1747,-0.0350,0.1500,0.4823,0.8767,high,high,0
Sentinel,0.7414,0.7891,0.2109,-0.0401,0.0000,0.4824,0.8726,high,high,0
Sentinel,0.7389,0.7879,0.2306,-0.0432,0.0000,0.4825,0.7632,high,high,0
Sentinel,0.7384,0.7881,0.2378,-0.0452,0.0000,0.4825,0.7233,high,high,0
Sentinel,0.7378,0.7864,0.2427,-0.0460,0.0000,0.4826,0.6930,high,high,0
Sentinel,0.7375,0.7842,0.2458,-0.0462,0.0000,0.4827,0.6724,high,high,0
Sentinel,0.7370,0.7819,0.2487,-0.0460,0.0000,0.4828,0.6524,high,high,0
Sentinel,0.7368,0.7803,0.2504,-0.0457,0.0000,0.4830,0.6400,boundary,boundary,0
Sentinel,0.7366,0.7786,0.2519,-0.0454,0.0000,0.4831,0.6286,boundary,boundary,0
Sentinel,0.7364,0.7767,0.2484,-0.0449,0.0000,0.4833,0.6432,high,high,0
Sentinel,0.7362,0.7748,0.2455,-0.0442,0.0000,0.4834,0.6540,high,high,0
Sentinel,0.7364,0.7746,0.2415,-0.0436,0.0000,0.4834,0.6744,high,high,0
Sentinel,0.7368,0.7745,0.2375,-0.0430,0.1500,0.4832,0.6951,high,high,0
Sentinel,0.7371,0.7733,0.2341,-0.0423,0.1500,0.4831,0.7092,high,high,0
Sentinel,0.7372,0.7712,0.2318,-0.0415,0.0000,0.4831,0.7137,high,high,0
Sentinel,0.7373,0.7693,0.2298,-0.0406,0.0000,0.4832,0.7162,high,high,0
Sentinel,0.7375,0.7676,0.2276,-0.0395,0.0000,0.4833,0.7200,high,high,0
Sentinel,0.7399,0.7682,0.2186,-0.0384,0.0000,0.4833,0.7618,high,high,0
Sentinel,0.7420,0.7687,0.2109,-0.0372,0.0000,0.4832,0.7927,high,high,0
Sentinel,0.7438,0.7695,0.1997,-0.0361,0.0000,0.4831,0.8234,high,high,0
Sentinel,0.7454,0.7703,0.1902,-0.0350,0.0000,0.4830,0.8325,high,high,0
Sentinel,0.7461,0.7708,0.1839,-0.0339,0.0000,0.4829,0.8280,high,high,0
Sentinel,0.7468,0.7713,0.1785,-0.0330,0.0000,0.4828,0.8184,high,high,0
Sentinel,0.7474,0.7722,0.1740,-0.0322,0.0000,0.4828,0.8088,high,high,0
Sentinel,0.7459,0.7713,0.1776,-0.0315,0.0000,0.4829,0.8151,high,high,0
Sentinel,0.7446,0.7705,0.1853,-0.0309,0.0000,0.4831,0.8272,high,high,0
Sentinel,0.7435,0.7701,0.1919,-0.0305,0.0000,0.4832,0.8299,high,high,0
Sentinel,0.7425,0.7704,0.1975,-0.0302,0.0000,0.4832,0.8285,high,high,0
Sentinel,0.7436,0.7723,0.1947,-0.0301,0.1500,0.4830,0.8427,high,high,0
Sentinel,0.7654,0.7787,0.1209,-0.0331,0.2762,0.4835,0.5504,high,high,0
Sentinel,0.7669,0.7819,0.1194,-0.0314,0.2664,0.4843,0.5448,high,high,0
Sentinel,0.7545,0.7626,0.2113,0.0123,0.0000,0.4846,0.7652,high,high,0
Sentinel,0.7531,0.7802,0.2109,-0.0054,0.1500,0.4844,0.8523,high,high,0
Sentinel,0.7525,0.7891,0.2107,-0.0179,0.0000,0.4840,0.8849,high,high,0
Sentinel,0.7522,0.7939,0.1982,-0.0262,0.0000,0.4836,0.9613,high,high,0
Sentinel,0.7452,0.7892,0.2202,-0.0315,0.0000,0.4834,0.8309,high,high,0
Sentinel,0.7417,0.7860,0.2400,-0.0347,0.0000,0.4833,0.7123,high,high,0
Sentinel,0.7396,0.7834,0.2515,-0.0365,0.0000,0.4833,0.6418,boundary,boundary,0
Sentinel,0.7380,0.7817,0.2534,-0.0376,0.0000,0.4833,0.6269,boundary,boundary,0
Sentinel,0.7371,0.7808,0.2545,-0.0382,0.0000,0.4833,0.6188,boundary,boundary,0
Sentinel,0.7363,0.7799,0.2553,-0.0388,0.0000,0.4832,0.6117,boundary,boundary,0
Sentinel,0.7357,0.7791,0.2560,-0.0392,0.0000,0.4831,0.6056,boundary,boundary,0
Sentinel,0.7370,0.7801,0.2492,-0.0396,0.0000,0.4828,0.6462,high,high,0
Sentinel,0.7382,0.7809,0.2481,-0.0399,0.0000,0.4825,0.6554,high,high,0
Sentinel,0.7392,0.7817,0.2424,-0.0402,0.0000,0.4823,0.6889,high,high,0
Sentinel,0.7401,0.7824,0.2330,-0.0404,0.0000,0.4821,0.7423,high,high,0
Sentinel,0.7409,0.7831,0.2249,-0.0406,0.0000,0.4819,0.7869,high,high,0
Sentinel,0.7422,0.7842,0.2163,-0.0407,0.0000,0.4818,0.8352,high,high,0
Sentinel,0.7428,0.7849,0.2108,-0.0409,0.0000,0.4818,0.8639,high,high,0
Sentinel,0.7438,0.7857,0.2061,-0.0410,0.0000,0.4818,0.8884,high,high,0
Sentinel,0.7447,0.7867,0.2021,-0.0411,0.0000,0.4819,0.9088,high,high,0
Sentinel,0.7454,0.7876,0.1987,-0.0412,0.0000,0.4819,0.9245,high,high,0
Sentinel,0.7461,0.7888,0.1911,-0.0413,0.0000,0.4820,0.9376,high,high,0
Sentinel,0.7467,0.7899,0.1847,-0.0415,0.0000,0.4820,0.9259,high,high,0
Sentinel,0.7472,0.7913,0.1792,-0.0418,0.0000,0.4820,0.9055,high,high,0
Sentinel,0.7477,0.7926,0.1746,-0.0421,0.0000,0.4820,0.8836,high,high,0
Sentinel,0.7481,0.7943,0.1706,-0.0425,0.0000,0.4819,0.8636,high,high,0
Sentinel,0.7484,0.7959,0.1673,-0.0430,0.0000,0.4818,0.8455,high,high,0
Sentinel,0.7488,0.7978,0.1644,-0.0436,0.0000,0.4818,0.8295,high,high,0
Sentinel,0.7490,0.7996,0.1620,-0.0443,0.0000,0.4817,0.8152,high,high,0
Sentinel,0.7493,0.8019,0.1600,-0.0451,0.0000,0.4816,0.8021,high,high,0
Sentinel,0.7477,0.8024,0.1694,-0.0461,0.0000,0.4815,0.8560,high,high,0
Sentinel,0.7481,0.8044,0.1756,-0.0471,0.0000,0.4815,0.8881,high,high,0
Sentinel,0.7485,0.8063,0.1808,-0.0482,0.0000,0.4814,0.9111,high,high,0
Sentinel,0.7487,0.8080,0.1853,-0.0493,0.0000,0.4813,0.9242,high,high,0
Sentinel,0.7490,0.8095,0.1891,-0.0504,0.0000,0.4812,0.9277,high,high,0
Sentinel,0.7492,0.8109,0.1970,-0.0515,0.0000,0.4812,0.9213,high,high,0
Sentinel,0.7494,0.8122,0.2037,-0.0527,0.0000,0.4811,0.8971,high,high,0
Sentinel,0.7496,0.8135,0.2094,-0.0538,0.0000,0.4811,0.8698,high,high,0
Sentinel,0.7497,0.8146,0.2142,-0.0549,0.0000,0.4811,0.8441,high,high,0
Sentinel,0.7499,0.8156,0.2136,-0.0560,0.1497,0.4812,0.8428,high,high,0
Sentinel,0.7500,0.8165,0.2132,-0.0570,0.0000,0.4812,0.8411,high,high,0
Sentinel,0.7501,0.8174,0.2128,-0.0581,0.0000,0.4812,0.8392,high,high,0
Sentinel,0.7482,0.8159,0.2199,-0.0590,0.1500,0.4814,0.8118,high,high,0
Sentinel,0.7465,0.8140,0.2306,-0.0599,0.0000,0.4817,0.7612,high,high,0
Sentinel,0.7451,0.8115,0.2350,-0.0605,0.0000,0.4821,0.7409,high,high,0
Sentinel,0.7438,0.8088,0.2388,-0.0610,0.0000,0.4825,0.7231,high,high,0
Sentinel,0.7427,0.8057,0.2420,-0.0612,0.0000,0.4829,0.7072,high,high,0
Sentinel,0.7417,0.8025,0.2447,-0.0611,0.0000,0.4832,0.6928,high,high,0
Sentinel,0.7428,0.8013,0.2396,-0.0609,0.0000,0.4833,0.7241,high,high,0
Sentinel,0.7438,0.8001,0.2352,-0.0604,0.1500,0.4833,0.7507,high,high,0
Sentinel,0.7447,0.7991,0.2315,-0.0598,0.0000,0.4832,0.7732,high,high,0
Sentinel,0.7455,0.7981,0.2284,-0.0591,0.0000,0.4831,0.7923,high,high,0
Sentinel,0.7462,0.7971,0.2210,-0.0583,0.0000,0.4831,0.8355,high,high,0
Sentinel,0.7468,0.7963,0.2148,-0.0574,0.0000,0.4831,0.8720,high,high,0
Sentinel,0.7474,0.7955,0.2095,-0.0565,0.0000,0.4831,0.9024,high,high,0
Sentinel,0.7479,0.7947,0.2050,-0.0555,0.0000,0.4831,0.9274,high,high,0
Sentinel,0.7483,0.7944,0.2011,-0.0546,0.0000,0.4831,0.9478,high,high,0
Sentinel,0.7487,0.7942,0.1979,-0.0536,0.0000,0.4831,0.9633,high,high,0
Sentinel,0.7490,0.7948,0.1904,-0.0529,0.0000,0.4831,0.9726,high,high,0
Sentinel,0.7493,0.7955,0.1841,-0.0522,0.0000,0.4829,0.9428,high,high,0
Sentinel,0.7496,0.7965,0.1787,-0.0517,0.0000,0.4828,0.9131,high,high,0
Sentinel,0.7498,0.7974,0.1742,-0.0512,0.0000,0.4827,0.8869,high,high,0
Sentinel,0.7482,0.7971,0.1770,-0.0510,0.0000,0.4827,0.9024,high,high,0
Sentinel,0.7468,0.7969,0.1841,-0.0509,0.0000,0.4826,0.9403,high,high,0
Sentinel,0.7474,0.7987,0.1834,-0.0510,0.0000,0.4825,0.9379,high,high,0
Sentinel,0.7479,0.8004,0.1874,-0.0511,0.0000,0.4823,0.9592,high,high,0
Sentinel,0.7483,0.8025,0.1956,-0.0514,0.0000,0.4820,0.9682,high,high,0
Sentinel,0.7486,0.8044,0.2025,-0.0519,0.0000,0.4818,0.9340,high,high,0
Sentinel,0.7490,0.8062,0.2083,-0.0524,0.0000,0.4815,0.8996,high,high,0
Sentinel,0.7492,0.8079,0.2133,-0.0530,0.0000,0.4814,0.8692,high,high,0
Sentinel,0.7495,0.8094,0.2176,-0.0537,0.0000,0.4813,0.8430,high,high,0
Sentinel,0.7497,0.8108,0.2212,-0.0545,0.0000,0.4812,0.8204,high,high,0
Sentinel,0.7498,0.8121,0.2196,-0.0552,0.0000,0.4812,0.8255,high,high,0
Sentinel,0.7500,0.8133,0.2229,-0.0561,0.0000,0.4812,0.8051,high,high,0
Sentinel,0.7501,0.8144,0.2257,-0.0569,0.0000,0.4812,0.7875,high,high,0
Sentinel,0.7502,0.8154,0.2234,-0.0577,0.0000,0.4812,0.7964,high,high,0
Sentinel,0.7503,0.8163,0.2262,-0.0585,0.0000,0.4813,0.7797,high,high,0
Sentinel,0.7503,0.8172,0.2331,-0.0594,0.0000,0.4813,0.7409,high,high,0
Sentinel,0.7504,0.8180,0.2391,-0.0602,0.0000,0.4813,0.7072,high,high,0
Sentinel,0.7504,0.8188,0.2441,-0.0610,0.0000,0.4813,0.6781,high,high,0
Sentinel,0.7505,0.8195,0.2484,-0.0618,0.0000,0.4813,0.6532,high,high,0
Sentinel,0.7505,0.8201,0.2521,-0.0626,0.0097,0.4814,0.6318,boundary,boundary,0
Sentinel,0.7505,0.8208,0.2505,-0.0634,0.0000,0.4814,0.6391,boundary,boundary,0
Sentinel,0.7506,0.8213,0.2492,-0.0641,0.1490,0.4814,0.6451,high,high,0
Sentinel,0.7506,0.8219,0.2527,-0.0648,0.0017,0.4814,0.6246,boundary,boundary,0
Sentinel,0.7506,0.8224,0.2557,-0.0655,0.0125,0.4813,0.6072,boundary,boundary,0
Sentinel,0.7506,0.8228,0.2536,-0.0662,0.0000,0.4814,0.6177,boundary,boundary,0
Sentinel,0.7489,0.8217,0.2632,-0.0669,0.1902,0.4815,0.5671,boundary,boundary,0
Sentinel,0.7491,0.8222,0.2693,-0.0675,0.0630,0.4815,0.5322,boundary,boundary,0
Sentinel,0.7493,0.8226,0.2745,-0.0681,0.2295,0.4815,0.5024,boundary,boundary,0
Sentinel,0.7495,0.8230,0.2789,-0.0686,0.2410,0.4814,0.4769,boundary,boundary,0
Sentinel,0.7496,0.8234,0.2826,-0.0691,0.0984,0.4814,0.4552,boundary,boundary,0
Sentinel,0.7498,0.8237,0.2811,-0.0696,0.0830,0.4813,0.4630,boundary,boundary,0
Sentinel,0.7499,0.8240,0.2799,-0.0701,0.0699,0.4813,0.4696,boundary,boundary,0
Sentinel,0.7500,0.8243,0.2741,-0.0705,0.0392,0.4813,0.5013,boundary,boundary,0
Sentinel,0.7501,0.8245,0.2693,-0.0709,0.0140,0.4812,0.5280,boundary,boundary,0
Sentinel,0.7502,0.8248,0.2604,-0.0712,0.0000,0.4812,0.5760,boundary,boundary,0
Sentinel,0.7503,0.8250,0.2483,-0.0716,0.0000,0.4812,0.6409,high,high,0
Sentinel,0.7503,0.8252,0.2426,-0.0719,0.0000,0.4812,0.6699,high,high,0
Sentinel,0.7504,0.8254,0.2378,-0.0722,0.0000,0.4812,0.6939,high,high,0
Sentinel,0.7504,0.8255,0.2337,-0.0725,0.0000,0.4813,0.7135,high,high,0
Sentinel,0.7505,0.8257,0.2302,-0.0728,0.0000,0.4813,0.7297,high,high,0
Sentinel,0.7505,0.8258,0.2226,-0.0730,0.0000,0.4813,0.7634,high,high,0
Sentinel,0.7505,0.8260,0.2161,-0.0733,0.0000,0.4813,0.7888,high,high,0
Sentinel,0.7506,0.8261,0.2106,-0.0735,0.0000,0.4814,0.8069,high,high,0
Sentinel,0.7506,0.8262,0.2059,-0.0737,0.0000,0.4814,0.8192,high,high,0
Sentinel,0.7506,0.8263,0.2020,-0.0739,0.0000,0.4814,0.8267,high,high,0
Sentinel,0.7506,0.8264,0.1939,-0.0741,0.0000,0.4815,0.8335,high,high,0
Sentinel,0.7507,0.8266,0.1871,-0.0743,0.0000,0.4815,0.8286,high,high,0
Sentinel,0.7507,0.8267,0.1812,-0.0745,0.0000,0.4815,0.8174,high,high,0
Sentinel,0.7507,0.8268,0.1763,-0.0746,0.0000,0.4815,0.8037,high,high,0
Sentinel,0.7507,0.8269,0.1721,-0.0748,0.0000,0.4816,0.7895,high,high,0
Sentinel,0.7507,0.8270,0.1685,-0.0749,0.0000,0.4816,0.7760,high,high,0
Sentinel,0.7507,0.8271,0.1655,-0.0751,0.0000,0.4816,0.7636,high,high,0
Sentinel,0.7508,0.8272,0.1629,-0.0752,0.0000,0.4817,0.7525,high,high,0
Sentinel,0.7508,0.8272,0.1607,-0.0753,0.0000,0.4817,0.7427,high,high,0
Sentinel,0.7508,0.8273,0.1589,-0.0755,0.0000,0.4817,0.7342,high,high,0
Sentinel,0.7508,0.8274,0.1573,-0.0756,0.0000,0.4817,0.7268,high,high,0
Sentinel,0.7508,0.8274,0.1559,-0.0757,0.0000,0.4818,0.7204,high,high,0
Sentinel,0.7508,0.8275,0.1548,-0.0758,0.0000,0.4818,0.7149,high,high,0
Sentinel,0.7508,0.8275,0.1538,-0.0759,0.0000,0.4818,0.7101,high,high,0
Sentinel,0.7508,0.8276,0.1530,-0.0759,0.0000,0.4818,0.7061,high,high,0
Sentinel,0.7509,0.8276,0.1523,-0.0760,0.0000,0.4818,0.7026,high,high,0
Sentinel,0.7509,0.8277,0.1517,-0.0761,0.0000,0.4819,0.6996,high,high,0
Sentinel,0.7509,0.8277,0.1512,-0.0762,0.0000,0.4819,0.6970,high,high,0
Sentinel,0.7509,0.8277,0.1507,-0.0762,0.0000,0.4819,0.6949,high,high,0
Sentinel,0.7509,0.8277,0.1504,-0.0763,0.0000,0.4819,0.6930,high,high,0
Sentinel,0.7509,0.8278,0.1501,-0.0764,0.0000,0.4819,0.6914,high,high,0
Sentinel,0.7509,0.8278,0.1498,-0.0764,0.0000,0.4819,0.6900,high,high,0
Sentinel,0.7509,0.8278,0.1496,-0.0765,0.0000,0.4819,0.6889,high,high,0
Sentinel,0.7509,0.8278,0.1494,-0.0765,0.0000,0.4819,0.6879,high,high,0
Sentinel,0.7510,0.8278,0.1492,-0.0765,0.0000,0.4819,0.6870,high,high,0
Sentinel,0.7510,0.8279,0.1491,-0.0766,0.0000,0.4819,0.6863,high,high,0
Sentinel,0.7510,0.8279,0.1490,-0.0766,0.0000,0.4820,0.6857,high,high,0
Sentinel,0.7510,0.8279,0.1489,-0.0766,0.0000,0.4820,0.6852,high,high,0
Sentinel,0.7492,0.8264,0.1555,-0.0767,0.1500,0.4821,0.7219,high,high,0
Sentinel,0.7478,0.8246,0.1652,-0.0767,0.0000,0.4823,0.7719,high,high,0
Sentinel,0.7462,0.8220,0.1747,-0.0766,0.0000,0.4826,0.8202,high,high,0
Sentinel,0.7450,0.8191,0.1820,-0.0764,0.0000,0.4828,0.8559,high,high,0
Sentinel,0.7458,0.8179,0.1816,-0.0759,0.0000,0.4830,0.8615,high,high,0
Sentinel,0.7464,0.8169,0.1859,-0.0754,0.0000,0.4830,0.8788,high,high,0
Sentinel,0.7470,0.8159,0.1943,-0.0747,0.1500,0.4830,0.8932,high,high,0
Sentinel,0.7475,0.8150,0.2014,-0.0740,0.0000,0.4830,0.8886,high,high,0
Sentinel,0.7460,0.8119,0.2149,-0.0732,0.1500,0.4831,0.8474,high,high,0
Sentinel,0.7447,0.8084,0.2263,-0.0723,0.0000,0.4834,0.7942,high,high,0
Sentinel,0.7455,0.8068,0.2240,-0.0712,0.0000,0.4835,0.8108,high,high,0
Sentinel,0.7462,0.8054,0.2266,-0.0700,0.0000,0.4836,0.7986,high,high,0
Sentinel,0.7449,0.8018,0.2410,-0.0687,0.1500,0.4838,0.7176,high,high,0
Sentinel,0.7439,0.7980,0.2523,-0.0672,0.0000,0.4841,0.6517,boundary,boundary,0
Sentinel,0.7434,0.7950,0.2561,-0.0656,0.0000,0.4844,0.6289,boundary,boundary,0
Sentinel,0.7427,0.7921,0.2553,-0.0640,0.0000,0.4846,0.6315,boundary,boundary,0
Sentinel,0.7418,0.7891,0.2607,-0.0623,0.0000,0.4847,0.5977,boundary,boundary,0
Sentinel,0.7414,0.7867,0.2686,-0.0606,0.0172,0.4848,0.5498,boundary,boundary,0
Sentinel,0.7380,0.7819,0.2872,-0.0590,0.1852,0.4849,0.4358,boundary,boundary,0
Sentinel,0.7391,0.7812,0.2850,-0.0573,0.1223,0.4848,0.4484,boundary,boundary,0
Sentinel,0.7382,0.7792,0.2900,-0.0557,0.1643,0.4846,0.4170,boundary,boundary,0
Sentinel,0.7376,0.7782,0.2937,-0.0542,0.1897,0.4845,0.3945,boundary,low,1
Sentinel,0.7341,0.7747,0.3085,-0.0528,0.5127,0.4845,0.3029,boundary,low,1
Sentinel,0.7283,0.7708,0.3215,-0.0518,0.4974,0.4844,0.2191,boundary,low,1
Sentinel,0.7232,0.7701,0.3219,-0.0513,0.4920,0.4838,0.2109,boundary,low,1
Sentinel,0.7173,0.7693,0.3221,-0.0514,0.6365,0.4828,0.2009,boundary,low,1
Sentinel,0.7091,0.7689,0.3176,-0.0522,0.6145,0.4815,0.2118,boundary,low,1
Sentinel,0.6969,0.7661,0.3245,-0.0539,0.6487,0.4802,0.1466,boundary,low,1
Sentinel,0.6846,0.7636,0.3351,-0.0564,0.5390,0.4789,0.0596,boundary,low,1
Sentinel,0.6745,0.7615,0.3382,-0.0595,0.5522,0.4775,0.0152,boundary,low,1
Sentinel,0.6659,0.7593,0.3376,-0.0629,0.5550,0.4762,0.0000,boundary,low,1
Sentinel,0.6613,0.7591,0.3307,-0.0664,0.5236,0.4749,0.0111,boundary,low,1
Sentinel,0.6576,0.7590,0.3248,-0.0699,0.4959,0.4737,0.0266,boundary,low,1
Sentinel,0.6545,0.7589,0.3198,-0.0733,0.6220,0.4726,0.0393,boundary,low,1
Sentinel,0.7095,0.7479,0.1645,-0.0550,0.3688,0.4725,0.5825,high,high,0
Sentinel,0.7118,0.7459,0.1691,-0.0557,0.3998,0.4722,0.5920,high,high,0
Sentinel,0.6252,0.7168,0.3548,-0.0622,0.1500,0.4720,0.0000,boundary,low,1
Sentinel,0.6309,0.7243,0.3561,-0.0763,0.0000,0.4720,0.0000,boundary,low,1
Sentinel,0.6412,0.7281,0.3725,-0.0805,0.0000,0.4723,0.0000,boundary,low,1
Sentinel,0.6525,0.7309,0.3964,-0.0798,0.1500,0.4729,0.0000,boundary,low,1
Sentinel,0.6619,0.7320,0.3980,-0.0769,0.1500,0.4736,0.0000,boundary,low,1
Sentinel,0.6747,0.7382,0.3847,-0.0735,0.0000,0.4740,0.0000,boundary,low,1
Sentinel,0.6846,0.7420,0.3803,-0.0703,0.0000,0.4745,0.0000,boundary,low,1
Sentinel,0.6913,0.7433,0.3777,-0.0676,0.0000,0.4750,0.0000,boundary,low,1
Sentinel,0.6956,0.7442,0.3762,-0.0657,0.0000,0.4755,0.0000,boundary,low,1
Sentinel,0.7018,0.7472,0.3635,-0.0636,0.0000,0.4760,0.0000,boundary,low,1
Sentinel,0.7362,0.7509,0.1492,-0.0457,0.3193,0.4772,0.6107,high,high,0
Sentinel,0.7378,0.7528,0.1524,-0.0423,0.2984,0.4788,0.6330,high,high,0
Sentinel,0.7424,0.7378,0.3363,0.0251,0.0000,0.4798,0.0872,boundary,low,1
Sentinel,0.7453,0.7612,0.3357,0.0067,0.1500,0.4802,0.1359,boundary,low,1
Sentinel,0.7406,0.7673,0.3551,-0.0066,0.0000,0.4802,0.0312,boundary,low,1
Sentinel,0.7438,0.7768,0.3346,-0.0159,0.0000,0.4800,0.1601,boundary,low,1
Sentinel,0.7444,0.7681,0.1335,-0.0401,0.2732,0.4800,0.6046,high,high,0
Sentinel,0.7493,0.7697,0.1424,-0.0396,0.3003,0.4802,0.6568,high,high,0
Sentinel,0.7442,0.7559,0.3760,0.0104,0.0000,0.4805,0.0000,boundary,low,1
Sentinel,0.7399,0.7742,0.3777,-0.0097,0.1500,0.4804,0.0000,boundary,low,1
Sentinel,0.7579,0.7738,0.1436,-0.0382,0.2943,0.4809,0.6714,high,high,0
Sentinel,0.7584,0.7761,0.1368,-0.0366,0.2824,0.4817,0.6403,high,high,0
Sentinel,0.7497,0.7786,0.3133,-0.0055,0.0000,0.4820,0.2863,boundary,low,1
Sentinel,0.7437,0.7915,0.3130,-0.0245,0.1500,0.4818,0.2954,boundary,low,1
Sentinel,0.7656,0.7818,0.1309,-0.0359,0.2792,0.4820,0.6102,high,high,0
Sentinel,0.7655,0.7817,0.1309,-0.0359,0.2588,0.4821,0.6102,high,high,0
Sentinel,0.7662,0.7840,0.1281,-0.0346,0.2675,0.4827,0.5966,high,high,0
Sentinel,0.7415,0.7941,0.2869,-0.0390,0.0000,0.4827,0.4473,boundary,boundary,0
Sentinel,0.7459,0.8101,0.2798,-0.0503,0.1500,0.4823,0.4865,boundary,boundary,0
Sentinel,0.7481,0.8179,0.2766,-0.0581,0.0000,0.4818,0.4970,boundary,boundary,0
Sentinel,0.7492,0.8221,0.2751,-0.0633,0.0000,0.4813,0.4998,boundary,boundary,0
Sentinel,0.7498,0.8257,0.2743,-0.0671,0.0000,0.4808,0.4980,boundary,boundary,0
Sentinel,0.7501,0.8279,0.2738,-0.0698,0.0000,0.4805,0.4962,boundary,boundary,0
Sentinel,0.7503,0.8291,0.2658,-0.0716,0.0000,0.4802,0.5374,boundary,boundary,0
Sentinel,0.7504,0.8298,0.2547,-0.0727,0.0000,0.4800,0.5945,boundary,boundary,0
Sentinel,0.7505,0.8302,0.2481,-0.0734,0.0000,0.4799,0.6275,high,high,0
Sentinel,0.7505,0.8305,0.2424,-0.0741,0.0000,0.4799,0.6545,high,high,0
Sentinel,0.7488,0.8294,0.2440,-0.0747,0.0000,0.4800,0.6504,high,high,0
Sentinel,0.7490,0.8303,0.2390,-0.0754,0.0000,0.4800,0.6721,high,high,0
Sentinel,0.7492,0.8312,0.2347,-0.0761,0.0000,0.4800,0.6889,high,high,0
Sentinel,0.7493,0.8321,0.2264,-0.0767,0.0000,0.4798,0.7215,high,high,0
Sentinel,0.7494,0.8335,0.2193,-0.0775,0.0000,0.4797,0.7419,high,high,0
Sentinel,0.7495,0.8348,0.2134,-0.0783,0.0000,0.4795,0.7543,high,high,0
Sentinel,0.7496,0.8361,0.2083,-0.0791,0.0000,0.4794,0.7604,high,high,0
Sentinel,0.7497,0.8372,0.2039,-0.0799,0.0000,0.4793,0.7621,high,high,0
Sentinel,0.7498,0.8382,0.1956,-0.0808,0.0000,0.4793,0.7637,high,high,0
Sentinel,0.7498,0.8392,0.1885,-0.0816,0.0000,0.4793,0.7567,high,high,0
Sentinel,0.7498,0.8401,0.1825,-0.0825,0.0000,0.4793,0.7448,high,high,0
Sentinel,0.7482,0.8395,0.1837,-0.0834,0.0000,0.4795,0.7495,high,high,0
Sentinel,0.7467,0.8390,0.1847,-0.0843,0.0000,0.4796,0.7533,high,high,0
Sentinel,0.7471,0.8399,0.1792,-0.0851,0.0000,0.4797,0.7398,high,high,0
Sentinel,0.7474,0.8408,0.1746,-0.0859,0.0000,0.4796,0.7255,high,high,0
Sentinel,0.7478,0.8415,0.1706,-0.0867,0.0000,0.4796,0.7113,high,high,0
Sentinel,0.7480,0.8423,0.1673,-0.0875,0.0000,0.4795,0.6981,high,high,0
Sentinel,0.7483,0.8430,0.1644,-0.0882,0.0000,0.4795,0.6860,high,high,0
Sentinel,0.7485,0.8436,0.1620,-0.0889,0.0000,0.4795,0.6751,high,high,0
Sentinel,0.7487,0.8441,0.1600,-0.0895,0.0000,0.4795,0.6655,high,high,0
Sentinel,0.7471,0.8432,0.1645,-0.0902,0.1500,0.4796,0.6846,high,high,0
Sentinel,0.7887,0.8041,0.1240,-0.0393,0.2813,0.4803,0.5335,high,high,0
Sentinel,0.7870,0.8027,0.1311,-0.0370,0.2737,0.4815,0.5754,high,high,0
Sentinel,0.7424,0.7971,0.2413,-0.0282,0.0000,0.4822,0.7143,high,high,0
Sentinel,0.7818,0.8016,0.1250,-0.0357,0.2475,0.4822,0.5575,high,high,0
Sentinel,0.7834,0.8032,0.1220,-0.0351,0.2565,0.4824,0.5370,high,high,0
Sentinel,0.7884,0.8018,0.1305,-0.0337,0.2802,0.4832,0.5684,high,high,0
Sentinel,0.7860,0.8006,0.1362,-0.0318,0.2724,0.4841,0.6047,high,high,0
Sentinel,0.7422,0.7897,0.3044,-0.0234,0.0000,0.4845,0.3439,boundary,low,1
Sentinel,0.7400,0.8018,0.3085,-0.0407,0.0000,0.4843,0.3204,boundary,low,1
Sentinel,0.7390,0.8060,0.2964,-0.0512,0.0000,0.4841,0.3895,boundary,low,1
Sentinel,0.7291,0.7972,0.3229,-0.0571,0.0000,0.4841,0.2287,boundary,low,1
Sentinel,0.7750,0.7846,0.1641,-0.0302,0.3031,0.4849,0.7625,high,high,0
Sentinel,0.7750,0.7817,0.1568,-0.0275,0.2879,0.4863,0.7240,high,high,0
Sentinel,0.7695,0.7818,0.1445,-0.0254,0.2947,0.4873,0.6775,high,high,0
Sentinel,0.7459,0.7714,0.3157,-0.0025,0.1500,0.4873,0.2640,boundary,low,1
Sentinel,0.7398,0.7767,0.3317,-0.0180,0.1500,0.4868,0.1753,boundary,low,1
Sentinel,0.7262,0.7645,0.3892,-0.0261,0.0000,0.4864,0.0000,boundary,low,1
Sentinel,0.7270,0.7649,0.3850,-0.0303,0.0000,0.4858,0.0000,boundary,low,1
Sentinel,0.7321,0.7703,0.3675,-0.0326,0.0000,0.4851,0.0000,boundary,low,1
Sentinel,0.7350,0.7743,0.3578,-0.0343,0.1500,0.4844,0.0199,boundary,low,1
Sentinel,0.7368,0.7766,0.3443,-0.0354,0.0000,0.4837,0.1009,boundary,low,1
Sentinel,0.7378,0.7779,0.3300,-0.0361,0.0000,0.4832,0.1854,boundary,low,1
Sentinel,0.7385,0.7789,0.3214,-0.0365,0.0000,0.4827,0.2363,boundary,low,1
Sentinel,0.7390,0.7799,0.3141,-0.0370,0.0000,0.4823,0.2796,boundary,low,1
Sentinel,0.7394,0.7812,0.3032,-0.0375,0.0000,0.4821,0.3439,boundary,low,1
Sentinel,0.7380,0.7810,0.2959,-0.0380,0.0000,0.4819,0.3850,boundary,low,1
Sentinel,0.7385,0.7828,0.2831,-0.0386,0.0000,0.4817,0.4607,boundary,boundary,0
Sentinel,0.7395,0.7846,0.2722,-0.0393,0.0000,0.4815,0.5258,boundary,boundary,0
Sentinel,0.7403,0.7869,0.2583,-0.0400,0.0000,0.4813,0.6085,boundary,boundary,0
Sentinel,0.7411,0.7890,0.2511,-0.0408,0.0000,0.4811,0.6522,boundary,boundary,0
Sentinel,0.7417,0.7917,0.2450,-0.0417,0.0000,0.4809,0.6899,high,high,0
Sentinel,0.7422,0.7941,0.2352,-0.0427,0.0000,0.4807,0.7486,high,high,0
Sentinel,0.7427,0.7970,0.2268,-0.0439,0.0000,0.4805,0.7982,high,high,0
Sentinel,0.7431,0.7997,0.2197,-0.0452,0.0000,0.4803,0.8390,high,high,0
Sentinel,0.7434,0.8029,0.2137,-0.0466,0.0000,0.4802,0.8707,high,high,0
Sentinel,0.7426,0.8044,0.2148,-0.0481,0.0000,0.4801,0.8605,high,high,0
Sentinel,0.7419,0.8065,0.2205,-0.0498,0.0000,0.4801,0.8255,high,high,0
Sentinel,0.7429,0.8099,0.2237,-0.0515,0.0000,0.4800,0.8038,high,high,0
Sentinel,0.7438,0.8130,0.2264,-0.0533,0.0000,0.4798,0.7836,high,high,0
Sentinel,0.7446,0.8159,0.2287,-0.0551,0.0000,0.4797,0.7651,high,high,0
Sentinel,0.7453,0.8186,0.2306,-0.0569,0.0000,0.4796,0.7484,high,high,0
Sentinel,0.7459,0.8211,0.2369,-0.0587,0.0000,0.4795,0.7095,high,high,0
Sentinel,0.7464,0.8233,0.2470,-0.0605,0.0000,0.4795,0.6512,high,high,0
Sentinel,0.7469,0.8254,0.2555,-0.0623,0.0000,0.4795,0.6008,boundary,boundary,0
Sentinel,0.7473,0.8274,0.2628,-0.0641,0.0000,0.4795,0.5573,boundary,boundary,0
Sentinel,0.7476,0.8291,0.2642,-0.0659,0.0000,0.4796,0.5452,boundary,boundary,0
Sentinel,0.7479,0.8308,0.2655,-0.0676,0.0000,0.4796,0.5344,boundary,boundary,0
Sentinel,0.7482,0.8324,0.2619,-0.0692,0.0000,0.4796,0.5496,boundary,boundary,0
Sentinel,0.7484,0.8338,0.2589,-0.0708,0.0000,0.4797,0.5616,boundary,boundary,0
Sentinel,0.7486,0.8351,0.2563,-0.0724,0.0000,0.4797,0.5711,boundary,boundary,0
Sentinel,0.7488,0.8363,0.2494,-0.0739,0.0000,0.4798,0.6014,high,high,0
Sentinel,0.7472,0.8360,0.2499,-0.0754,0.1500,0.4799,0.5997,high,high,0
Sentinel,0.7476,0.8371,0.2440,-0.0768,0.0000,0.4799,0.6241,high,high,0
Sentinel,0.7479,0.8382,0.2390,-0.0782,0.0000,0.4799,0.6431,high,high,0
Sentinel,0.7482,0.8391,0.2347,-0.0794,0.0000,0.4799,0.6577,high,high,0
Sentinel,0.7484,0.8400,0.2264,-0.0807,0.0000,0.4799,0.6864,high,high,0
Sentinel,0.7486,0.8408,0.2194,-0.0818,0.0000,0.4799,0.7061,high,high,0
Sentinel,0.7488,0.8416,0.2134,-0.0829,0.0000,0.4799,0.7187,high,high,0
Sentinel,0.7490,0.8423,0.2083,-0.0839,0.0000,0.4799,0.7260,high,high,0
Sentinel,0.7474,0.8415,0.2103,-0.0850,0.1499,0.4800,0.7259,high,high,0
Sentinel,0.7478,0.8421,0.2010,-0.0859,0.0000,0.4801,0.7369,high,high,0
Sentinel,0.7481,0.8428,0.1931,-0.0868,0.0000,0.4801,0.7372,high,high,0
Sentinel,0.7483,0.8433,0.1864,-0.0876,0.0000,0.4801,0.7307,high,high,0
Sentinel,0.7485,0.8439,0.1806,-0.0884,0.0000,0.4801,0.7206,high,high,0
Sentinel,0.7488,0.8443,0.1758,-0.0891,0.0000,0.4801,0.7090,high,high,0
Sentinel,0.7489,0.8448,0.1717,-0.0898,0.0000,0.4801,0.6972,high,high,0
Sentinel,0.7491,0.8452,0.1682,-0.0904,0.0000,0.4801,0.6859,high,high,0
Sentinel,0.7492,0.8456,0.1652,-0.0910,0.0000,0.4802,0.6754,high,high,0
Sentinel,0.7494,0.8459,0.1626,-0.0916,0.0000,0.4802,0.6659,high,high,0
Sentinel,0.7495,0.8462,0.1605,-0.0921,0.0000,0.4802,0.6573,high,high,0
Sentinel,0.7496,0.8465,0.1587,-0.0926,0.0000,0.4803,0.6498,high,high,0
Sentinel,0.7497,0.8468,0.1571,-0.0930,0.0000,0.4803,0.6430,high,high,0
Sentinel,0.7497,0.8471,0.1558,-0.0935,0.0000,0.4804,0.6370,high,high,0
Sentinel,0.7498,0.8474,0.1547,-0.0939,0.0000,0.4804,0.6318,high,high,0
Sentinel,0.7499,0.8476,0.1537,-0.0942,0.0000,0.4804,0.6272,high,high,0
Sentinel,0.7499,0.8478,0.1529,-0.0946,0.0000,0.4805,0.6232,high,high,0
Sentinel,0.7500,0.8480,0.1522,-0.0950,0.0000,0.4805,0.6197,high,high,0
Sentinel,0.7500,0.8482,0.1516,-0.0953,0.0000,0.4805,0.6166,high,high,0
Sentinel,0.7501,0.8484,0.1511,-0.0956,0.0000,0.4805,0.6140,high,high,0
Sentinel,0.7501,0.8486,0.1507,-0.0959,0.0000,0.4806,0.6116,high,high,0
Sentinel,0.7502,0.8487,0.1503,-0.0961,0.0000,0.4806,0.6094,high,high,0
Sentinel,0.7502,0.8489,0.1500,-0.0964,0.0000,0.4806,0.6075,high,high,0
Sentinel,0.7502,0.8490,0.1498,-0.0966,0.0000,0.4806,0.6059,high,high,0
Sentinel,0.7503,0.8492,0.1495,-0.0969,0.0000,0.4806,0.6045,high,high,0
Sentinel,0.7503,0.8493,0.1494,-0.0971,0.0000,0.4806,0.6032,high,high,0
Sentinel,0.7503,0.8494,0.1492,-0.0973,0.0000,0.4806,0.6021,high,high,0
Sentinel,0.7503,0.8495,0.1491,-0.0975,0.0000,0.4806,0.6011,high,high,0
Sentinel,0.7503,0.8496,0.1489,-0.0976,0.0000,0.4807,0.6002,high,high,0
Sentinel,0.7504,0.8497,0.1488,-0.0978,0.0000,0.4807,0.5995,high,high,0
Sentinel,0.7504,0.8498,0.1488,-0.0980,0.0000,0.4807,0.5988,high,high,0
Sentinel,0.7504,0.8498,0.1487,-0.0981,0.0000,0.4807,0.5982,high,high,0
Sentinel,0.7504,0.8499,0.1486,-0.0983,0.0000,0.4807,0.5977,high,high,0
Sentinel,0.7504,0.8500,0.1486,-0.0984,0.0000,0.4807,0.5972,high,high,0
Sentinel,0.7504,0.8500,0.1485,-0.0985,0.0000,0.4807,0.5968,high,high,0
Sentinel,0.7504,0.8501,0.1485,-0.0986,0.0000,0.4807,0.5964,high,high,0
Sentinel,0.7505,0.8501,0.1485,-0.0987,0.0000,0.4807,0.5963,high,high,0
Sentinel,0.7505,0.8502,0.1485,-0.0988,0.0000,0.4807,0.5961,high,high,0
Sentinel,0.7505,0.8502,0.1485,-0.0989,0.0000,0.4807,0.5959,high,high,0
Sentinel,0.7505,0.8503,0.1485,-0.0990,0.0000,0.4807,0.5957,high,high,0
Sentinel,0.7505,0.8503,0.1485,-0.0991,0.0000,0.4807,0.5955,high,high,0
Sentinel,0.7505,0.8503,0.1485,-0.0992,0.0000,0.4807,0.5953,high,high,0
Sentinel,0.7505,0.8503,0.1485,-0.0992,0.0000,0.4808,0.5951,high,high,0
Sentinel,0.7505,0.8504,0.1484,-0.0993,0.0000,0.4808,0.5949,high,high,0
Sentinel,0.7505,0.8504,0.1484,-0.0993,0.0000,0.4808,0.5948,high,high,0
Sentinel,0.7505,0.8504,0.1484,-0.0994,0.0000,0.4808,0.5946,high,high,0
Sentinel,0.7505,0.8504,0.1484,-0.0995,0.0000,0.4808,0.5945,high,high,0
Sentinel,0.7505,0.8505,0.1484,-0.0995,0.0000,0.4808,0.5943,high,high,0
Sentinel,0.7488,0.8490,0.1547,-0.0996,0.1500,0.4809,0.6240,high,high,0
Sentinel,0.7473,0.8477,0.1647,-0.0997,0.0000,0.4811,0.6627,high,high,0
Sentinel,0.7477,0.8479,0.1669,-0.0997,0.0000,0.4810,0.6680,high,high,0
Sentinel,0.7481,0.8481,0.1688,-0.0997,0.1500,0.4810,0.6721,high,high,0
Sentinel,0.7484,0.8483,0.1751,-0.0998,0.0000,0.4808,0.6856,high,high,0
Sentinel,0.7486,0.8485,0.1850,-0.0998,0.0000,0.4807,0.6997,high,high,0
Sentinel,0.7489,0.8486,0.1935,-0.0998,0.0000,0.4807,0.7030,high,high,0
Sentinel,0.7491,0.8488,0.2008,-0.0998,0.0000,0.4806,0.6991,high,high,0
Sentinel,0.7493,0.8489,0.2069,-0.0997,0.0000,0.4806,0.6913,high,high,0
Sentinel,0.7494,0.8490,0.2121,-0.0997,0.1499,0.4805,0.6816,high,high,0
Sentinel,0.7496,0.8490,0.2119,-0.0997,0.0000,0.4805,0.6816,high,high,0
Sentinel,0.7497,0.8491,0.2163,-0.0997,0.1477,0.4805,0.6714,high,high,0
Sentinel,0.7498,0.8492,0.2248,-0.0996,0.0000,0.4805,0.6477,high,high,0
Sentinel,0.7499,0.8493,0.2273,-0.0996,0.0000,0.4805,0.6394,high,high,0
Sentinel,0.7500,0.8493,0.2248,-0.0996,0.0000,0.4805,0.6470,high,high,0
Sentinel,0.7500,0.8494,0.2273,-0.0996,0.1497,0.4805,0.6387,high,high,0
Sentinel,0.7501,0.8495,0.2341,-0.0996,0.0000,0.4805,0.6149,high,high,0
Sentinel,0.7501,0.8495,0.2399,-0.0995,0.0000,0.4805,0.5926,high,high,0
Sentinel,0.7502,0.8496,0.2448,-0.0995,0.0000,0.4805,0.5724,high,high,0
Sentinel,0.7502,0.8496,0.2490,-0.0995,0.0000,0.4805,0.5547,high,high,0
Sentinel,0.7502,0.8496,0.2479,-0.0995,0.0000,0.4811,0.5594,high,high,0
Sentinel,0.7950,0.8009,0.1603,-0.0345,0.3472,0.4828,0.6740,high,high,0
Sentinel,0.7916,0.7974,0.1447,-0.0299,0.3011,0.4851,0.6260,high,high,0
Sentinel,0.7865,0.7990,0.1358,-0.0272,0.2817,0.4864,0.6014,high,high,0
Sentinel,0.7493,0.8057,0.2810,-0.0291,0.1500,0.4866,0.4835,boundary,boundary,0
Sentinel,0.7480,0.8235,0.2774,-0.0500,0.1500,0.4859,0.4842,boundary,boundary,0
Sentinel,0.7474,0.8327,0.2757,-0.0641,0.1000,0.4849,0.4752,boundary,boundary,0
Sentinel,0.7472,0.8377,0.2872,-0.0733,0.1500,0.4839,0.4014,boundary,boundary,0
Sentinel,0.7860,0.8038,0.1264,-0.0325,0.2668,0.4837,0.5534,high,high,0
Sentinel,0.7860,0.8045,0.1275,-0.0318,0.2479,0.4841,0.5592,high,high,0
Sentinel,0.7503,0.8055,0.3574,-0.0287,0.1500,0.4841,0.0356,boundary,low,1
Sentinel,0.7489,0.8220,0.3619,-0.0487,0.1500,0.4837,0.0002,boundary,low,1
Sentinel,0.7483,0.8302,0.3509,-0.0620,0.1000,0.4832,0.0558,boundary,low,1
Sentinel,0.7479,0.8345,0.3573,-0.0706,0.0000,0.4827,0.0133,boundary,low,1
Sentinel,0.7477,0.8370,0.3606,-0.0762,0.0000,0.4822,0.0000,boundary,low,1
Sentinel,0.7475,0.8385,0.3625,-0.0799,0.0000,0.4818,0.0000,boundary,low,1
Sentinel,0.7474,0.8394,0.3635,-0.0823,0.0000,0.4815,0.0000,boundary,low,1
Sentinel,0.7472,0.8399,0.3579,-0.0839,0.0000,0.4812,0.0028,boundary,low,1
Sentinel,0.7472,0.8402,0.3498,-0.0848,0.0000,0.4810,0.0481,boundary,low,1
Sentinel,0.7471,0.8404,0.3383,-0.0857,0.0000,0.4808,0.1130,boundary,low,1
Sentinel,0.7470,0.8406,0.3238,-0.0864,0.0000,0.4806,0.1938,boundary,low,1
Sentinel,0.7469,0.8408,0.3115,-0.0872,0.0000,0.4805,0.2618,boundary,low,1
Sentinel,0.7468,0.8410,0.2964,-0.0879,0.0000,0.4804,0.3442,boundary,low,1
Sentinel,0.7467,0.8412,0.2789,-0.0885,0.0000,0.4804,0.4373,boundary,boundary,0
Sentinel,0.7472,0.8418,0.2640,-0.0892,0.0000,0.4803,0.5119,boundary,boundary,0
Sentinel,0.7476,0.8424,0.2466,-0.0897,0.0000,0.4802,0.5926,high,high,0
Sentinel,0.7479,0.8430,0.2365,-0.0903,0.0000,0.4802,0.6338,high,high,0
Sentinel,0.7482,0.8435,0.2280,-0.0908,0.0000,0.4802,0.6642,high,high,0
Sentinel,0.7485,0.8440,0.2207,-0.0912,0.0000,0.4802,0.6858,high,high,0
Sentinel,0.7487,0.8445,0.2145,-0.0917,0.0000,0.4803,0.7003,high,high,0
Sentinel,0.7489,0.8449,0.2092,-0.0921,0.0000,0.4803,0.7093,high,high,0
Sentinel,0.7491,0.8453,0.2048,-0.0925,0.0000,0.4804,0.7144,high,high,0
Sentinel,0.7493,0.8457,0.2010,-0.0929,0.0000,0.4804,0.7166,high,high,0
Sentinel,0.7494,0.8461,0.1977,-0.0933,0.0000,0.4805,0.7169,high,high,0
Sentinel,0.7495,0.8464,0.1950,-0.0937,0.0000,0.4805,0.7160,high,high,0
Sentinel,0.7496,0.8467,0.1880,-0.0940,0.0000,0.4805,0.7126,high,high,0
Sentinel,0.7497,0.8470,0.1820,-0.0943,0.0000,0.4806,0.7051,high,high,0
Sentinel,0.7498,0.8472,0.1770,-0.0946,0.0000,0.4806,0.6955,high,high,0
Sentinel,0.7499,0.8475,0.1727,-0.0949,0.0000,0.4806,0.6853,high,high,0
Sentinel,0.7499,0.8477,0.1690,-0.0952,0.0000,0.4807,0.6752,high,high,0
Sentinel,0.7500,0.8479,0.1659,-0.0955,0.0000,0.4807,0.6658,high,high,0
Sentinel,0.7501,0.8481,0.1633,-0.0957,0.0000,0.4808,0.6571,high,high,0
Sentinel,0.7484,0.8468,0.1673,-0.0960,0.1500,0.4809,0.6751,high,high,0
Sentinel,0.7487,0.8471,0.1692,-0.0962,0.0000,0.4809,0.6788,high,high,0
Sentinel,0.7489,0.8473,0.1754,-0.0965,0.1500,0.4809,0.6921,high,high,0
Sentinel,0.7491,0.8475,0.1853,-0.0967,0.1499,0.4809,0.7059,high,high,0
Sentinel,0.7493,0.8477,0.1937,-0.0968,0.1499,0.4809,0.7087,high,high,0
Sentinel,0.7494,0.8478,0.2009,-0.0970,0.0000,0.4808,0.7044,high,high,0
Sentinel,0.7496,0.8480,0.2070,-0.0971,0.0000,0.4808,0.6960,high,high,0
Sentinel,0.7497,0.8481,0.2122,-0.0973,0.0000,0.4808,0.6859,high,high,0
Sentinel,0.7498,0.8483,0.2166,-0.0974,0.0000,0.4808,0.6752,high,high,0
Sentinel,0.7499,0.8484,0.2204,-0.0975,0.0000,0.4808,0.6648,high,high,0
Sentinel,0.7500,0.8485,0.2189,-0.0976,0.0000,0.4807,0.6683,high,high,0
Sentinel,0.7500,0.8485,0.2176,-0.0977,0.0000,0.4807,0.6711,high,high,0
Sentinel,0.7501,0.8486,0.2119,-0.0978,0.0000,0.4807,0.6838,high,high,0
Sentinel,0.7502,0.8487,0.2070,-0.0978,0.0000,0.4807,0.6920,high,high,0
Sentinel,0.7502,0.8488,0.2029,-0.0979,0.0000,0.4807,0.6971,high,high,0
Sentinel,0.7503,0.8488,0.1994,-0.0980,0.0000,0.4807,0.6998,high,high,0
Sentinel,0.7503,0.8489,0.1964,-0.0980,0.0000,0.4807,0.7010,high,high,0
Sentinel,0.7503,0.8490,0.1938,-0.0981,0.0000,0.4807,0.7007,high,high,0
Sentinel,0.7504,0.8492,0.1917,-0.0982,0.0000,0.4807,0.6997,high,high,0
Sentinel,0.7504,0.8493,0.1898,-0.0983,0.0000,0.4807,0.6983,high,high,0
Sentinel,0.7504,0.8495,0.1836,-0.0983,0.0000,0.4807,0.6928,high,high,0
Sentinel,0.7504,0.8496,0.1783,-0.0984,0.0000,0.4807,0.6847,high,high,0
Sentinel,0.7926,0.8084,0.1099,-0.0372,0.2586,0.4814,0.4479,high,boundary,1
Sentinel,0.7927,0.8095,0.1097,-0.0351,0.2432,0.4825,0.4456,high,boundary,1
Sentinel,0.7536,0.8114,0.1512,-0.0305,0.0000,0.4830,0.7392,high,high,0
Sentinel,0.7523,0.8288,0.1653,-0.0512,0.1500,0.4830,0.7554,high,high,0
Sentinel,0.7890,0.8112,0.1104,-0.0341,0.2383,0.4829,0.4571,high,high,0
Sentinel,0.7913,0.8118,0.1135,-0.0340,0.2489,0.4830,0.4671,high,high,0
Sentinel,0.7471,0.8182,0.2525,-0.0522,0.0000,0.4830,0.6328,boundary,boundary,0
Sentinel,0.7490,0.8329,0.2782,-0.0664,0.1500,0.4828,0.4616,boundary,boundary,0
Sentinel,0.7499,0.8402,0.2897,-0.0760,0.0000,0.4826,0.3825,boundary,low,1
Sentinel,0.7504,0.8439,0.2954,-0.0821,0.0000,0.4823,0.3431,boundary,low,1
Sentinel,0.7507,0.8460,0.2983,-0.0861,0.0000,0.4820,0.3223,boundary,low,1
Sentinel,0.7509,0.8471,0.3000,-0.0886,0.0000,0.4818,0.3108,boundary,low,1
Sentinel,0.7510,0.8477,0.3010,-0.0902,0.0000,0.4816,0.3041,boundary,low,1
Sentinel,0.7510,0.8481,0.2953,-0.0912,0.0000,0.4814,0.3332,boundary,low,1
Sentinel,0.7510,0.8482,0.2873,-0.0918,0.0000,0.4813,0.3748,boundary,low,1
Sentinel,0.7511,0.8484,0.2757,-0.0924,0.0000,0.4812,0.4331,boundary,boundary,0
Sentinel,0.7511,0.8485,0.2613,-0.0929,0.0000,0.4811,0.5030,boundary,boundary,0
Sentinel,0.7510,0.8487,0.2490,-0.0934,0.0000,0.4810,0.5583,high,high,0
Sentinel,0.7510,0.8488,0.2432,-0.0938,0.0000,0.4809,0.5822,high,high,0
Sentinel,0.7510,0.8490,0.2383,-0.0942,0.0000,0.4809,0.6012,high,high,0
Sentinel,0.7510,0.8491,0.2342,-0.0946,0.0000,0.4808,0.6164,high,high,0
Sentinel,0.7510,0.8492,0.2259,-0.0950,0.0000,0.4808,0.6439,high,high,0
Sentinel,0.7509,0.8493,0.2190,-0.0953,0.0000,0.4808,0.6635,high,high,0
Sentinel,0.7509,0.8495,0.2130,-0.0957,0.0000,0.4808,0.6769,high,high,0
Sentinel,0.7509,0.8496,0.2080,-0.0960,0.0000,0.4808,0.6857,high,high,0
Sentinel,0.7508,0.8497,0.2037,-0.0962,0.0000,0.4808,0.6910,high,high,0
Sentinel,0.7508,0.8498,0.2001,-0.0965,0.0000,0.4808,0.6938,high,high,0
Sentinel,0.7922,0.8080,0.1111,-0.0371,0.2608,0.4815,0.4548,high,high,0
Sentinel,0.7923,0.8091,0.1104,-0.0350,0.2442,0.4825,0.4502,high,high,0
Sentinel,0.7537,0.8101,0.1512,-0.0295,0.0000,0.4830,0.7414,high,high,0
Sentinel,0.7523,0.8273,0.1653,-0.0500,0.1500,0.4831,0.7614,high,high,0
Sentinel,0.7517,0.8362,0.1856,-0.0638,0.1000,0.4828,0.7717,high,high,0
Sentinel,0.7514,0.8411,0.2080,-0.0729,0.1500,0.4825,0.7331,high,high,0
Sentinel,0.7513,0.8440,0.2198,-0.0788,0.1500,0.4822,0.6888,high,high,0
Sentinel,0.7512,0.8457,0.2263,-0.0827,0.0000,0.4820,0.6601,high,high,0
Sentinel,0.7512,0.8466,0.2302,-0.0853,0.0000,0.4818,0.6426,high,high,0
Sentinel,0.7926,0.8083,0.1183,-0.0355,0.2607,0.4823,0.4910,high,high,0
Sentinel,0.7920,0.8087,0.1193,-0.0336,0.2460,0.4832,0.4972,high,high,0
Sentinel,0.7542,0.8099,0.2669,-0.0288,0.1500,0.4836,0.5624,boundary,boundary,0
Sentinel,0.7888,0.8088,0.1191,-0.0329,0.2414,0.4836,0.5053,high,high,0
Sentinel,0.7900,0.8094,0.1197,-0.0324,0.2440,0.4838,0.5047,high,high,0
Sentinel,0.7475,0.8167,0.2510,-0.0505,0.0000,0.4838,0.6438,boundary,boundary,0
Sentinel,0.7494,0.8315,0.2619,-0.0647,0.1500,0.4835,0.5523,boundary,boundary,0
Sentinel,0.7502,0.8389,0.2808,-0.0743,0.1000,0.4831,0.4334,boundary,boundary,0
Sentinel,0.7507,0.8429,0.2900,-0.0806,0.1500,0.4827,0.3745,boundary,low,1
Sentinel,0.7466,0.8381,0.3091,-0.0839,0.0000,0.4825,0.2805,boundary,low,1
Sentinel,0.7479,0.8381,0.2982,-0.0854,0.0000,0.4823,0.3409,boundary,low,1
Sentinel,0.7487,0.8383,0.2996,-0.0863,0.0000,0.4821,0.3329,boundary,low,1
Sentinel,0.7492,0.8383,0.2942,-0.0867,0.0000,0.4820,0.3622,boundary,low,1
Sentinel,0.7494,0.8380,0.2863,-0.0869,0.0000,0.4819,0.4056,boundary,boundary,0
Sentinel,0.7497,0.8378,0.2796,-0.0870,0.0000,0.4818,0.4423,boundary,boundary,0
Sentinel,0.7499,0.8376,0.2693,-0.0871,0.0000,0.4818,0.4975,boundary,boundary,0
Sentinel,0.7500,0.8374,0.2558,-0.0871,0.0000,0.4817,0.5669,boundary,boundary,0
Sentinel,0.7502,0.8372,0.2443,-0.0871,0.0000,0.4816,0.6227,high,high,0
Sentinel,0.7503,0.8371,0.2393,-0.0871,0.0000,0.4815,0.6464,high,high,0
Sentinel,0.7487,0.8355,0.2413,-0.0870,0.0000,0.4815,0.6428,high,high,0
Sentinel,0.7489,0.8355,0.2367,-0.0870,0.0000,0.4815,0.6638,high,high,0
Sentinel,0.7467,0.8331,0.2451,-0.0870,0.0000,0.4815,0.6324,high,high,0
Sentinel,0.7446,0.8303,0.2569,-0.0868,0.0000,0.4815,0.5804,boundary,boundary,0
Sentinel,0.7448,0.8293,0.2594,-0.0866,0.0000,0.4815,0.5696,boundary,boundary,0
Sentinel,0.7450,0.8284,0.2621,-0.0863,0.0000,0.4815,0.5575,boundary,boundary,0
Sentinel,0.7451,0.8276,0.2643,-0.0859,0.0000,0.4813,0.5478,boundary,boundary,0
Sentinel,0.7453,0.8254,0.2660,-0.0853,0.0000,0.4813,0.5431,boundary,boundary,0
Sentinel,0.7454,0.8256,0.2674,-0.0848,0.0000,0.4812,0.5351,boundary,boundary,0
Sentinel,0.7454,0.8258,0.2685,-0.0844,0.1500,0.4814,0.5287,boundary,boundary,0
Sentinel,0.7430,0.8239,0.2834,-0.0840,0.0000,0.4818,0.4480,boundary,boundary,0
Sentinel,0.7428,0.8237,0.2878,-0.0837,0.0000,0.4820,0.4236,boundary,boundary,0
Sentinel,0.7426,0.8234,0.2762,-0.0834,0.0000,0.4819,0.4892,boundary,boundary,0
Sentinel,0.7425,0.8231,0.2710,-0.0831,0.1500,0.4815,0.5185,boundary,boundary,0
Sentinel,0.7423,0.8228,0.2666,-0.0829,0.1500,0.4811,0.5434,boundary,boundary,0
Sentinel,0.7422,0.8226,0.2629,-0.0826,0.0000,0.4808,0.5644,boundary,boundary,0
Sentinel,0.7421,0.8224,0.2597,-0.0824,0.0000,0.4805,0.5823,boundary,boundary,0
Sentinel,0.7420,0.8221,0.2523,-0.0822,0.0000,0.4802,0.6228,boundary,boundary,0
Sentinel,0.7419,0.8219,0.2460,-0.0820,0.0000,0.4800,0.6566,high,high,0
Sentinel,0.7418,0.8217,0.2454,-0.0818,0.0000,0.4799,0.6606,high,high,0
Sentinel,0.7417,0.8220,0.2401,-0.0816,0.0000,0.4798,0.6870,high,high,0
Sentinel,0.7422,0.8224,0.2357,-0.0815,0.0000,0.4797,0.7091,high,high,0
Sentinel,0.7601,0.7855,0.1464,-0.0405,0.2635,0.4798,0.7086,high,high,0
Sentinel,0.7636,0.7868,0.1464,-0.0393,0.2716,0.4804,0.7058,high,high,0
Sentinel,0.7488,0.7952,0.1822,-0.0206,0.0000,0.4809,0.9313,high,high,0
Sentinel,0.7473,0.8123,0.1968,-0.0406,0.1500,0.4811,0.9123,high,high,0
Sentinel,0.7466,0.8210,0.2173,-0.0541,0.1000,0.4811,0.8043,high,high,0
Sentinel,0.7462,0.8258,0.2397,-0.0630,0.1499,0.4811,0.6821,high,high,0
Sentinel,0.7460,0.8286,0.2405,-0.0689,0.1500,0.4810,0.6692,high,high,0
Sentinel,0.7459,0.8302,0.2503,-0.0727,0.0000,0.4810,0.6151,boundary,boundary,0
Sentinel,0.7459,0.8312,0.2638,-0.0753,0.0000,0.4813,0.5423,boundary,boundary,0
Sentinel,0.7431,0.8292,0.2969,-0.0769,0.1500,0.4821,0.3639,boundary,low,1
Sentinel,0.7435,0.8297,0.3106,-0.0778,0.0000,0.4826,0.2854,boundary,low,1
Sentinel,0.7418,0.8279,0.3173,-0.0786,0.0000,0.4828,0.2493,boundary,low,1
Sentinel,0.7403,0.8258,0.3183,-0.0793,0.0000,0.4828,0.2461,boundary,low,1
Sentinel,0.7410,0.8254,0.3116,-0.0798,0.0000,0.4826,0.2848,boundary,low,1
Sentinel,0.7417,0.8251,0.3013,-0.0802,0.1500,0.4824,0.3444,boundary,low,1
Sentinel,0.7422,0.8248,0.2925,-0.0804,0.0000,0.4821,0.3951,boundary,low,1
Sentinel,0.7427,0.8245,0.2803,-0.0806,0.0000,0.4818,0.4645,boundary,boundary,0
Sentinel,0.7412,0.8219,0.2727,-0.0806,0.0000,0.4817,0.5106,boundary,boundary,0
Sentinel,0.7398,0.8191,0.2662,-0.0804,0.0000,0.4818,0.5505,boundary,boundary,0
Sentinel,0.7406,0.8181,0.2532,-0.0802,0.0000,0.4818,0.6248,boundary,boundary,0
Sentinel,0.7413,0.8172,0.2422,-0.0797,0.0000,0.4818,0.6873,high,high,0
Sentinel,0.7419,0.8164,0.2375,-0.0792,0.0000,0.4817,0.7150,high,high,0
Sentinel,0.7424,0.8156,0.2288,-0.0786,0.0000,0.4817,0.7630,high,high,0
Sentinel,0.7429,0.8149,0.2214,-0.0779,0.0000,0.4817,0.8027,high,high,0
Sentinel,0.7433,0.8143,0.2151,-0.0773,0.0000,0.4818,0.8350,high,high,0
Sentinel,0.7558,0.7801,0.1466,-0.0365,0.2646,0.4818,0.7037,high,high,0
Sentinel,0.7598,0.7816,0.1462,-0.0357,0.2738,0.4822,0.7013,high,high,0
Sentinel,0.7540,0.7783,0.1813,-0.0018,0.0000,0.4825,0.8624,high,high,0
Sentinel,0.7526,0.7965,0.1959,-0.0207,0.1500,0.4826,0.9789,high,high,0
Sentinel,0.7519,0.8061,0.2165,-0.0341,0.0000,0.4825,0.8561,high,high,0
Sentinel,0.7516,0.8132,0.2141,-0.0437,0.0000,0.4824,0.8490,high,high,0
Sentinel,0.7515,0.8173,0.2238,-0.0504,0.0000,0.4822,0.7888,high,high,0
Sentinel,0.7514,0.8197,0.2385,-0.0549,0.0000,0.4821,0.7063,high,high,0
Sentinel,0.7672,0.7838,0.1610,-0.0346,0.2909,0.4827,0.7700,high,high,0
Sentinel,0.7666,0.7844,0.1634,-0.0326,0.2729,0.4837,0.7845,high,high,0
Sentinel,0.7542,0.7889,0.2969,-0.0107,0.1500,0.4842,0.3890,boundary,low,1
Sentinel,0.7529,0.8055,0.3004,-0.0296,0.1500,0.4841,0.3697,boundary,low,1
Sentinel,0.7523,0.8166,0.2880,-0.0435,0.1000,0.4837,0.4339,boundary,boundary,0
Sentinel,0.7520,0.8228,0.2819,-0.0530,0.1500,0.4833,0.4603,boundary,boundary,0
Sentinel,0.7518,0.8284,0.2787,-0.0601,0.1500,0.4827,0.4682,boundary,boundary,0
Sentinel,0.7517,0.8317,0.2676,-0.0651,0.0000,0.4823,0.5217,boundary,boundary,0
Sentinel,0.7517,0.8336,0.2533,-0.0684,0.0000,0.4818,0.5909,boundary,boundary,0
Sentinel,0.7516,0.8346,0.2510,-0.0706,0.0000,0.4815,0.5994,boundary,boundary,0
Sentinel,0.7516,0.8352,0.2449,-0.0719,0.0000,0.4813,0.6272,high,high,0
Sentinel,0.7516,0.8356,0.2444,-0.0731,0.0000,0.4811,0.6280,high,high,0
Sentinel,0.7516,0.8360,0.2440,-0.0742,0.0000,0.4811,0.6285,high,high,0
Sentinel,0.7515,0.8364,0.2436,-0.0753,0.0000,0.4810,0.6288,high,high,0
Sentinel,0.7515,0.8368,0.2387,-0.0763,0.0000,0.4810,0.6502,high,high,0
Sentinel,0.7514,0.8371,0.2344,-0.0772,0.0000,0.4810,0.6672,high,high,0
Sentinel,0.7513,0.8375,0.2309,-0.0781,0.0000,0.4810,0.6806,high,high,0
Sentinel,0.7513,0.8378,0.2278,-0.0790,0.0000,0.4810,0.6912,high,high,0
Sentinel,0.7512,0.8381,0.2205,-0.0798,0.0000,0.4810,0.7157,high,high,0
Sentinel,0.7511,0.8385,0.2144,-0.0805,0.0000,0.4810,0.7328,high,high,0
Sentinel,0.7511,0.8387,0.2045,-0.0812,0.0000,0.4810,0.7525,high,high,0
Sentinel,0.7510,0.8390,0.1960,-0.0819,0.0000,0.4810,0.7591,high,high,0
Sentinel,0.7510,0.8393,0.1889,-0.0826,0.0000,0.4810,0.7567,high,high,0
Sentinel,0.7510,0.8395,0.1828,-0.0832,0.0000,0.4810,0.7489,high,high,0
Sentinel,0.7509,0.8397,0.1776,-0.0837,0.0000,0.4810,0.7385,high,high,0
Sentinel,0.7509,0.8399,0.1732,-0.0842,0.0000,0.4811,0.7272,high,high,0
Sentinel,0.7509,0.8401,0.1695,-0.0847,0.0000,0.4811,0.7161,high,high,0
Sentinel,0.7508,0.8403,0.1663,-0.0852,0.0000,0.4812,0.7056,high,high,0
Sentinel,0.7508,0.8404,0.1636,-0.0856,0.0000,0.4812,0.6959,high,high,0
Sentinel,0.7508,0.8405,0.1613,-0.0861,0.0000,0.4813,0.6873,high,high,0
Sentinel,0.7508,0.8407,0.1593,-0.0864,0.0000,0.4813,0.6797,high,high,0
Sentinel,0.7508,0.8408,0.1577,-0.0868,0.0000,0.4813,0.6729,high,high,0
Sentinel,0.7508,0.8409,0.1563,-0.0871,0.0000,0.4814,0.6671,high,high,0
Sentinel,0.7508,0.8410,0.1551,-0.0874,0.0000,0.4814,0.6620,high,high,0
Sentinel,0.7508,0.8411,0.1541,-0.0877,0.0000,0.4814,0.6575,high,high,0
Sentinel,0.7508,0.8412,0.1532,-0.0880,0.0000,0.4814,0.6535,high,high,0
Sentinel,0.7508,0.8413,0.1525,-0.0883,0.0000,0.4815,0.6502,high,high,0
Sentinel,0.7508,0.8414,0.1518,-0.0885,0.0000,0.4815,0.6473,high,high,0
Sentinel,0.7508,0.8415,0.1513,-0.0887,0.0000,0.4815,0.6448,high,high,0
Sentinel,0.7508,0.8415,0.1509,-0.0889,0.0000,0.4815,0.6427,high,high,0
Sentinel,0.7508,0.8416,0.1505,-0.0891,0.0000,0.4815,0.6409,high,high,0
Sentinel,0.7508,0.8416,0.1501,-0.0893,0.0000,0.4815,0.6395,high,high,0
Sentinel,0.7508,0.8416,0.1499,-0.0894,0.1496,0.4815,0.6382,high,high,0
Sentinel,0.7508,0.8416,0.1496,-0.0896,0.1484,0.4816,0.6372,high,high,0
Sentinel,0.7508,0.8416,0.1494,-0.0897,0.1493,0.4816,0.6365,high,high,0
Sentinel,0.7508,0.8416,0.1493,-0.0898,0.0000,0.4816,0.6359,high,high,0
Sentinel,0.7508,0.8415,0.1491,-0.0899,0.0000,0.4816,0.6355,high,high,0
Sentinel,0.7508,0.8415,0.1490,-0.0900,0.0000,0.4816,0.6352,high,high,0
Sentinel,0.7508,0.8414,0.1489,-0.0900,0.0000,0.4816,0.6350,high,high,0
Sentinel,0.7508,0.8414,0.1488,-0.0901,0.0000,0.4816,0.6348,high,high,0
Sentinel,0.7509,0.8413,0.1487,-0.0901,0.0000,0.4816,0.6347,high,high,0
Sentinel,0.7509,0.8413,0.1487,-0.0902,0.0000,0.4817,0.6347,high,high,0
Sentinel,0.7509,0.8412,0.1486,-0.0902,0.0000,0.4817,0.6347,high,high,0
Sentinel,0.7509,0.8412,0.1486,-0.0902,0.0000,0.4817,0.6346,high,high,0
Sentinel,0.7509,0.8412,0.1485,-0.0902,0.1497,0.4817,0.6346,high,high,0
Sentinel,0.7493,0.8393,0.1542,-0.0902,0.1500,0.4818,0.6659,high,high,0
Sentinel,0.7495,0.8389,0.1580,-0.0901,0.0000,0.4819,0.6826,high,high,0
Sentinel,0.7497,0.8385,0.1612,-0.0900,0.0000,0.4820,0.6964,high,high,0
Sentinel,0.7498,0.8382,0.1640,-0.0898,0.0000,0.4820,0.7077,high,high,0
Sentinel,0.7500,0.8379,0.1663,-0.0896,0.0000,0.4820,0.7171,high,high,0
Sentinel,0.7501,0.8376,0.1682,-0.0894,0.0000,0.4819,0.7248,high,high,0
Sentinel,0.7502,0.8373,0.1746,-0.0892,0.0000,0.4819,0.7443,high,high,0
Sentinel,0.7503,0.8371,0.1846,-0.0889,0.0000,0.4819,0.7652,high,high,0
Sentinel,0.7504,0.8369,0.1932,-0.0887,0.0000,0.4819,0.7722,high,high,0
Sentinel,0.7505,0.8366,0.2005,-0.0884,0.0000,0.4819,0.7698,high,high,0
Sentinel,0.7505,0.8364,0.2020,-0.0882,0.0000,0.4819,0.7691,high,high,0
Sentinel,0.7506,0.8363,0.2079,-0.0879,0.0000,0.4818,0.7601,high,high,0
Sentinel,0.7506,0.8361,0.2176,-0.0877,0.0000,0.4818,0.7353,high,high,0
Sentinel,0.7507,0.8359,0.2259,-0.0875,0.0000,0.4818,0.7070,high,high,0
Sentinel,0.7507,0.8358,0.2329,-0.0872,0.0000,0.4818,0.6792,high,high,0
Sentinel,0.7508,0.8356,0.2342,-0.0870,0.0000,0.4817,0.6741,high,high,0
Sentinel,0.7508,0.8355,0.2353,-0.0868,0.0000,0.4817,0.6698,high,high,0
Sentinel,0.7508,0.8354,0.2363,-0.0865,0.0000,0.4816,0.6661,high,high,0
Sentinel,0.7508,0.8353,0.2371,-0.0863,0.0000,0.4816,0.6629,high,high,0
Sentinel,0.7508,0.8358,0.2378,-0.0862,0.0000,0.4815,0.6579,high,high,0
Sentinel,0.7509,0.8363,0.2337,-0.0861,0.0000,0.4814,0.6739,high,high,0
Sentinel,0.7509,0.8367,0.2255,-0.0861,0.0000,0.4813,0.7048,high,high,0
Sentinel,0.7509,0.8371,0.2186,-0.0861,0.0000,0.4812,0.7269,high,high,0
Sentinel,0.7509,0.8375,0.2127,-0.0862,0.0000,0.4811,0.7421,high,high,0
Sentinel,0.7509,0.8379,0.2077,-0.0862,0.0000,0.4810,0.7517,high,high,0
Sentinel,0.7509,0.8382,0.1988,-0.0863,0.0000,0.4810,0.7625,high,high,0
Sentinel,0.7509,0.8384,0.1912,-0.0865,0.0000,0.4810,0.7626,high,high,0
Sentinel,0.7508,0.8387,0.1848,-0.0866,0.0000,0.4810,0.7561,high,high,0
Sentinel,0.7508,0.8390,0.1793,-0.0868,0.0000,0.4810,0.7461,high,high,0
Sentinel,0.7508,0.8392,0.1747,-0.0869,0.0000,0.4811,0.7347,high,high,0
Sentinel,0.7508,0.8394,0.1707,-0.0871,0.0000,0.4811,0.7231,high,high,0
Sentinel,0.7508,0.8396,0.1673,-0.0873,0.0000,0.4812,0.7120,high,high,0
Sentinel,0.7491,0.8384,0.1708,-0.0875,0.1500,0.4813,0.7285,high,high,0
Sentinel,0.7493,0.8386,0.1721,-0.0877,0.0000,0.4814,0.7308,high,high,0
Sentinel,0.7494,0.8389,0.1779,-0.0878,0.1500,0.4814,0.7434,high,high,0
Sentinel,0.7496,0.8391,0.1874,-0.0880,0.1500,0.4814,0.7563,high,high,0
Sentinel,0.7497,0.8394,0.1956,-0.0882,0.0000,0.4814,0.7572,high,high,0
Sentinel,0.7499,0.8396,0.2025,-0.0883,0.0000,0.4814,0.7506,high,high,0
Sentinel,0.7500,0.8397,0.2083,-0.0885,0.0000,0.4814,0.7401,high,high,0
Sentinel,0.7501,0.8399,0.2133,-0.0886,0.0000,0.4813,0.7279,high,high,0
Sentinel,0.7502,0.8400,0.2176,-0.0887,0.0000,0.4813,0.7156,high,high,0
Sentinel,0.7502,0.8402,0.2212,-0.0889,0.0000,0.4813,0.7038,high,high,0
Sentinel,0.7503,0.8403,0.2196,-0.0890,0.0000,0.4813,0.7083,high,high,0
Sentinel,0.7504,0.8404,0.2182,-0.0891,0.0000,0.4812,0.7119,high,high,0
Sentinel,0.7504,0.8405,0.2124,-0.0892,0.0000,0.4812,0.7271,high,high,0
Sentinel,0.7505,0.8406,0.2074,-0.0893,0.0000,0.4812,0.7372,high,high,0
Sentinel,0.7505,0.8406,0.2032,-0.0894,0.0000,0.4812,0.7434,high,high,0
Sentinel,0.7505,0.8407,0.1997,-0.0894,0.0000,0.4811,0.7469,high,high,0
Sentinel,0.7506,0.8408,0.1966,-0.0895,0.0000,0.4811,0.7485,high,high,0
Sentinel,0.7506,0.8408,0.1940,-0.0896,0.0000,0.4811,0.7488,high,high,0
Sentinel,0.7506,0.8409,0.1918,-0.0897,0.0000,0.4812,0.7484,high,high,0
Sentinel,0.7506,0.8410,0.1900,-0.0897,0.0000,0.4812,0.7474,high,high,0
Sentinel,0.7506,0.8410,0.1837,-0.0898,0.0000,0.4812,0.7415,high,high,0
Sentinel,0.7506,0.8411,0.1784,-0.0899,0.0000,0.4812,0.7324,high,high,0
Sentinel,0.7507,0.8412,0.1739,-0.0899,0.0000,0.4812,0.7221,high,high,0
Sentinel,0.7507,0.8413,0.1701,-0.0900,0.0000,0.4812,0.7117,high,high,0
Sentinel,0.7507,0.8413,0.1668,-0.0901,0.0000,0.4813,0.7018,high,high,0
Sentinel,0.7507,0.8414,0.1640,-0.0901,0.0000,0.4813,0.6926,high,high,0
Sentinel,0.7507,0.8414,0.1617,-0.0902,0.0000,0.4813,0.6843,high,high,0
Sentinel,0.7507,0.8415,0.1597,-0.0902,0.0000,0.4813,0.6770,high,high,0
Sentinel,0.7507,0.8415,0.1579,-0.0903,0.0000,0.4814,0.6705,high,high,0
Sentinel,0.7507,0.8416,0.1565,-0.0904,0.0000,0.4814,0.6649,high,high,0
Sentinel,0.7507,0.8416,0.1553,-0.0904,0.0000,0.4814,0.6600,high,high,0
Sentinel,0.7507,0.8417,0.1542,-0.0905,0.0000,0.4814,0.6558,high,high,0
Sentinel,0.7507,0.8417,0.1533,-0.0905,0.0000,0.4815,0.6522,high,high,0
Sentinel,0.7507,0.8417,0.1526,-0.0906,0.0000,0.4815,0.6491,high,high,0
Sentinel,0.7508,0.8417,0.1519,-0.0906,0.0000,0.4815,0.6465,high,high,0
Sentinel,0.7508,0.8417,0.1514,-0.0906,0.0000,0.4815,0.6442,high,high,0
Sentinel,0.7508,0.8417,0.1509,-0.0907,0.0000,0.4815,0.6422,high,high,0
Sentinel,0.7508,0.8417,0.1505,-0.0907,0.0000,0.4816,0.6406,high,high,0
Sentinel,0.7508,0.8417,0.1502,-0.0907,0.0000,0.4816,0.6392,high,high,0
Sentinel,0.7508,0.8418,0.1499,-0.0907,0.0000,0.4816,0.6380,high,high,0
Sentinel,0.7508,0.8418,0.1497,-0.0908,0.0000,0.4816,0.6369,high,high,0
Sentinel,0.7508,0.8418,0.1495,-0.0908,0.0000,0.4816,0.6360,high,high,0
Sentinel,0.7508,0.8418,0.1493,-0.0908,0.0000,0.4816,0.6353,high,high,0
Sentinel,0.7508,0.8418,0.1491,-0.0908,0.0000,0.4816,0.6346,high,high,0
Sentinel,0.7508,0.8418,0.1490,-0.0908,0.0000,0.4816,0.6340,high,high,0
Sentinel,0.7508,0.8418,0.1489,-0.0908,0.0000,0.4816,0.6335,high,high,0
Sentinel,0.7508,0.8418,0.1488,-0.0909,0.0000,0.4817,0.6331,high,high,0
Sentinel,0.7481,0.8400,0.1571,-0.0910,0.1500,0.4818,0.6741,high,high,0
Sentinel,0.7457,0.8383,0.1688,-0.0911,0.0000,0.4820,0.7218,high,high,0
Sentinel,0.7436,0.8367,0.1788,-0.0913,0.0857,0.4821,0.7538,high,high,0
Sentinel,0.7417,0.8353,0.1873,-0.0916,0.1786,0.4821,0.7723,high,high,0
Sentinel,0.7401,0.8340,0.1945,-0.0918,0.2513,0.4822,0.7800,high,high,0
Sentinel,0.7359,0.8302,0.2118,-0.0920,0.3000,0.4823,0.7659,high,high,0
Sentinel,0.7344,0.8285,0.2153,-0.0923,0.3000,0.4823,0.7600,high,high,0
Sentinel,0.7330,0.8269,0.2183,-0.0924,0.3000,0.4822,0.7535,high,high,0
Sentinel,0.7319,0.8254,0.2209,-0.0925,0.3000,0.4819,0.7471,high,high,0
Sentinel,0.7309,0.8241,0.2231,-0.0926,0.3000,0.4817,0.7410,high,high,0
Sentinel,0.7300,0.8228,0.2201,-0.0926,0.3000,0.4814,0.7545,high,high,0
Sentinel,0.7293,0.8217,0.2222,-0.0926,0.3000,0.4812,0.7480,high,high,0
Sentinel,0.7286,0.8206,0.2286,-0.0925,0.3000,0.4810,0.7223,high,high,0
Sentinel,0.7280,0.8196,0.2341,-0.0924,0.3000,0.4812,0.6985,high,high,0
Sentinel,0.7271,0.8186,0.2494,-0.0923,0.4533,0.4817,0.6235,boundary,boundary,0
Sentinel,0.7255,0.8192,0.2563,-0.0925,0.3242,0.4818,0.5833,boundary,boundary,0
Sentinel,0.7248,0.8195,0.2496,-0.0927,0.4500,0.4813,0.6156,high,high,0
Sentinel,0.7219,0.8198,0.2485,-0.0932,0.4500,0.4805,0.6133,high,high,0
Sentinel,0.7178,0.8201,0.2476,-0.0941,0.4500,0.4795,0.6059,high,high,0
Sentinel,0.7116,0.8183,0.2538,-0.0954,0.4571,0.4785,0.5612,boundary,boundary,0
Sentinel,0.7071,0.8181,0.2520,-0.0970,0.3000,0.4776,0.5552,boundary,boundary,0
Sentinel,0.7046,0.8172,0.2505,-0.0985,0.4500,0.4767,0.5547,boundary,boundary,0
Sentinel,0.7012,0.8166,0.2492,-0.1002,0.4500,0.4761,0.5486,high,high,0
Sentinel,0.6967,0.8158,0.2528,-0.1021,0.3000,0.4755,0.5175,boundary,boundary,0
Sentinel,0.6942,0.8146,0.2605,-0.1039,0.3189,0.4750,0.4761,boundary,boundary,0
Sentinel,0.6931,0.8132,0.2670,-0.1056,0.3373,0.4748,0.4442,boundary,boundary,0
Sentinel,0.6932,0.8120,0.2679,-0.1069,0.3371,0.4748,0.4416,boundary,boundary,0
Sentinel,0.6943,0.8109,0.2733,-0.1078,0.5012,0.4750,0.4207,boundary,boundary,0
Sentinel,0.6931,0.8097,0.2826,-0.1087,0.5266,0.4752,0.3729,boundary,low,1
Sentinel,0.6900,0.8091,0.2858,-0.1098,0.3820,0.4751,0.3476,boundary,low,1
Sentinel,0.6842,0.8062,0.2909,-0.1110,0.4189,0.4749,0.3055,boundary,low,1
Sentinel,0.6800,0.8049,0.2882,-0.1124,0.4255,0.4744,0.3047,boundary,low,1
Sentinel,0.6758,0.8039,0.2858,-0.1139,0.4325,0.4738,0.3004,boundary,low,1
Sentinel,0.6703,0.8008,0.2863,-0.1156,0.4716,0.4733,0.2785,boundary,low,1
Sentinel,0.6656,0.7974,0.2866,-0.1172,0.5108,0.4730,0.2587,boundary,low,1
Sentinel,0.6618,0.7942,0.2864,-0.1187,0.5441,0.4727,0.2438,boundary,low,1
Sentinel,0.6605,0.7934,0.2751,-0.1202,0.5170,0.4723,0.2849,boundary,low,1
Sentinel,0.6592,0.7926,0.2607,-0.1215,0.6529,0.4719,0.3321,boundary,low,1
Sentinel,0.6567,0.7926,0.2485,-0.1229,0.5029,0.4714,0.3595,boundary,low,1
Sentinel,0.6535,0.7908,0.2483,-0.1244,0.5214,0.4709,0.3434,boundary,low,1
Sentinel,0.6515,0.7895,0.2485,-0.1257,0.5329,0.4706,0.3321,boundary,low,1
Sentinel,0.6506,0.7890,0.2440,-0.1270,0.5347,0.4704,0.3394,boundary,low,1
Sentinel,0.7202,0.7516,0.1648,-0.0585,0.3115,0.4708,0.6329,high,high,0
Sentinel,0.7004,0.7542,0.1712,-0.0560,0.3608,0.4720,0.5872,high,high,0
Sentinel,0.4475,0.7613,0.2538,-0.2188,0.1662,0.4708,0.0000,boundary,low,1
Sentinel,0.4339,0.7819,0.2624,-0.2770,0.0299,0.4685,0.0000,boundary,low,1
Sentinel,0.4243,0.7944,0.2654,-0.3142,0.1886,0.4657,0.0000,low,low,0
Sentinel,0.4144,0.7930,0.2661,-0.3368,0.1939,0.4631,0.0000,low,low,0
Sentinel,0.4075,0.7940,0.2661,-0.3517,0.0475,0.4606,0.0000,low,low,0
Sentinel,0.4012,0.7938,0.2656,-0.3619,0.0499,0.4584,0.0000,low,low,0
Sentinel,0.6986,0.7465,0.1609,-0.0872,0.3983,0.4565,0.5291,high,high,0
Sentinel,0.6817,0.7457,0.1615,-0.0832,0.3915,0.4585,0.4580,high,high,0
Sentinel,0.4551,0.7446,0.3186,-0.1968,0.0110,0.4585,0.0000,boundary,low,1
Sentinel,0.4105,0.7650,0.2920,-0.2678,0.0277,0.4578,0.0000,boundary,low,1
Sentinel,0.3859,0.7754,0.2800,-0.3164,0.0497,0.4564,0.0000,low,low,0
Sentinel,0.3564,0.7582,0.2864,-0.3463,0.0789,0.4544,0.0000,low,low,0
Sentinel,0.3629,0.7717,0.2817,-0.3651,0.0784,0.4531,0.0000,low,low,0
Sentinel,0.3630,0.7808,0.2789,-0.3783,0.2315,0.4516,0.0000,low,low,0
Sentinel,0.3575,0.7836,0.2763,-0.3878,0.2378,0.4513,0.0000,low,low,0
Sentinel,0.3556,0.7851,0.2762,-0.3941,0.2407,0.4525,0.0000,low,low,0
Sentinel,0.3544,0.7857,0.2759,-0.3978,0.2425,0.4538,0.0000,low,low,0
Sentinel,0.3540,0.7865,0.2758,-0.4013,0.0936,0.4548,0.0000,low,low,0
Sentinel,0.6626,0.7133,0.2660,-0.0911,0.9609,0.4546,0.1647,low,low,0
Sentinel,0.6515,0.7117,0.2592,-0.0861,0.9520,0.4570,0.1362,low,low,0
Sentinel,0.4261,0.7673,0.2701,-0.2399,0.0211,0.4579,0.0000,boundary,low,1
Sentinel,0.3921,0.7799,0.2705,-0.3064,0.1927,0.4575,0.0000,low,low,0
Sentinel,0.3759,0.7826,0.2709,-0.3465,0.2143,0.4562,0.0000,low,low,0
Sentinel,0.3671,0.7869,0.2717,-0.3722,0.2269,0.4542,0.0000,low,low,0
Sentinel,0.3664,0.7840,0.2723,-0.3858,0.2306,0.4524,0.0000,low,low,0
Sentinel,0.6538,0.7191,0.1740,-0.0985,0.6392,0.4509,0.2571,boundary,low,1
Sentinel,0.6457,0.7220,0.1734,-0.0963,0.5986,0.4520,0.2294,boundary,low,1
Sentinel,0.4272,0.7564,0.2515,-0.2158,0.1655,0.4520,0.0000,boundary,low,1
Sentinel,0.3939,0.7714,0.2618,-0.2886,0.0372,0.4519,0.0000,boundary,low,1
Sentinel,0.3743,0.7784,0.2641,-0.3348,0.0628,0.4514,0.0000,low,low,0
Sentinel,0.3688,0.7870,0.2643,-0.3640,0.0738,0.4504,0.0000,low,low,0
Sentinel,0.3631,0.7891,0.2661,-0.3826,0.2324,0.4492,0.0000,low,low,0
Sentinel,0.3633,0.7895,0.2331,-0.3935,0.2348,0.4480,0.0000,low,low,0
Sentinel,0.3639,0.7930,0.2415,-0.4006,0.0860,0.4471,0.0000,low,low,0
Sentinel,0.3624,0.7932,0.2459,-0.4051,0.0883,0.4464,0.0000,low,low,0
Sentinel,0.3607,0.7929,0.2476,-0.4078,0.2401,0.4460,0.0000,low,low,0
Sentinel,0.3589,0.7924,0.2489,-0.4104,0.0921,0.4456,0.0000,low,low,0
Sentinel,0.3575,0.7927,0.2495,-0.4129,0.0938,0.4453,0.0000,low,low,0
Sentinel,0.3579,0.7920,0.2505,-0.4150,0.2440,0.4451,0.0000,low,low,0
Sentinel,0.3575,0.7922,0.2514,-0.4170,0.2447,0.4449,0.0000,low,low,0
Sentinel,0.3553,0.7928,0.2513,-0.4190,0.0968,0.4446,0.0000,low,low,0
Sentinel,0.3552,0.7927,0.2512,-0.4209,0.2473,0.4444,0.0000,low,low,0
Sentinel,0.3556,0.7919,0.2514,-0.4224,0.0974,0.4445,0.0000,low,low,0
Sentinel,0.3553,0.7913,0.2514,-0.4238,0.2480,0.4446,0.0000,low,low,0
Sentinel,0.3540,0.7920,0.2516,-0.4252,0.2492,0.4447,0.0000,low,low,0
Sentinel,0.6651,0.7246,0.1671,-0.1117,0.7422,0.4444,0.3198,low,low,0
Sentinel,0.6539,0.7355,0.1763,-0.1069,0.7570,0.4468,0.3158,low,low,0
Sentinel,0.4003,0.7837,0.2406,-0.2741,0.1792,0.4470,0.0000,boundary,low,1
Sentinel,0.3750,0.7870,0.2463,-0.3362,0.0626,0.4470,0.0000,low,low,0
Sentinel,0.3763,0.7844,0.2222,-0.3650,0.0684,0.4465,0.0000,low,low,0
Sentinel,0.3693,0.7923,0.2347,-0.3853,0.2284,0.4464,0.0000,low,low,0
Sentinel,0.3603,0.7942,0.2417,-0.3999,0.2386,0.4461,0.0000,low,low,0
Sentinel,0.3581,0.7975,0.2456,-0.4098,0.2426,0.4458,0.0000,low,low,0
Sentinel,0.3530,0.7974,0.2469,-0.4167,0.0980,0.4455,0.0000,low,low,0
Sentinel,0.3526,0.7991,0.2480,-0.4212,0.0993,0.4450,0.0000,low,low,0
Sentinel,0.3510,0.7988,0.2486,-0.4238,0.1012,0.4446,0.0000,low,low,0
Sentinel,0.3510,0.7993,0.2491,-0.4263,0.1018,0.4442,0.0000,low,low,0
Sentinel,0.3510,0.7997,0.2496,-0.4285,0.1023,0.4441,0.0000,low,low,0
Sentinel,0.3399,0.8034,0.2430,-0.4320,0.1114,0.4438,0.0000,low,low,0
Sentinel,0.3301,0.8067,0.2373,-0.4365,0.2698,0.4436,0.0000,low,low,0
Sentinel,0.3323,0.8064,0.2394,-0.4402,0.2690,0.4424,0.0000,low,low,0
Sentinel,0.3339,0.8050,0.2412,-0.4433,0.2686,0.4421,0.0000,low,low,0
Sentinel,0.3349,0.8043,0.2428,-0.4459,0.2684,0.4423,0.0000,low,low,0
Sentinel,0.3346,0.8033,0.2442,-0.4482,0.2692,0.4426,0.0000,low,low,0
Sentinel,0.3357,0.8037,0.2454,-0.4502,0.1188,0.4427,0.0000,low,low,0
Sentinel,0.3367,0.8041,0.2462,-0.4519,0.1185,0.4428,0.0000,low,low,0
Sentinel,0.3363,0.8034,0.2467,-0.4534,0.1192,0.4429,0.0000,low,low,0
Sentinel,0.3366,0.8027,0.2470,-0.4547,0.1192,0.4430,0.0000,low,low,0
Sentinel,0.3359,0.8020,0.2474,-0.4558,0.1200,0.4431,0.0000,low,low,0
Sentinel,0.3274,0.8048,0.2450,-0.4580,0.1498,0.4424,0.0000,low,low,0
Sentinel,0.3278,0.8040,0.2459,-0.4598,0.1500,0.4418,0.0000,low,low,0
Sentinel,0.6847,0.7380,0.1217,-0.1165,0.4698,0.4420,0.3278,boundary,low,1
Sentinel,0.6714,0.7405,0.1260,-0.1084,0.4542,0.4460,0.3015,boundary,low,1
Sentinel,0.4036,0.7508,0.2423,-0.2351,0.1700,0.4478,0.0000,boundary,low,1
Sentinel,0.3750,0.7679,0.2488,-0.3061,0.2055,0.4482,0.0000,low,low,0
Sentinel,0.3610,0.7787,0.2541,-0.3507,0.2265,0.4479,0.0000,low,low,0
Sentinel,0.3547,0.7835,0.2504,-0.3781,0.2377,0.4473,0.0000,low,low,0
Sentinel,0.3549,0.7869,0.2503,-0.3942,0.2412,0.4467,0.0000,low,low,0
Sentinel,0.3582,0.7902,0.2474,-0.4037,0.0911,0.4462,0.0000,low,low,0
Sentinel,0.3606,0.7903,0.2497,-0.4089,0.0904,0.4460,0.0000,low,low,0
Sentinel,0.3644,0.7894,0.2493,-0.4113,0.0882,0.4462,0.0000,low,low,0
Sentinel,0.3644,0.7911,0.2501,-0.4128,0.2385,0.4463,0.0000,low,low,0
Sentinel,0.3643,0.7914,0.2514,-0.4143,0.0889,0.4463,0.0000,low,low,0
Sentinel,0.3638,0.7913,0.2514,-0.4156,0.0896,0.4464,0.0000,low,low,0
Sentinel,0.6918,0.7462,0.1186,-0.1081,0.3828,0.4462,0.3634,boundary,low,1
Sentinel,0.6801,0.7472,0.1246,-0.1014,0.3846,0.4495,0.3486,boundary,low,1
Sentinel,0.4215,0.7550,0.2673,-0.2230,0.1672,0.4507,0.0000,boundary,low,1
Sentinel,0.3912,0.7725,0.2545,-0.2942,0.1906,0.4507,0.0000,boundary,low,1
Sentinel,0.3768,0.7813,0.2487,-0.3383,0.2117,0.4502,0.0000,low,low,0
Sentinel,0.3557,0.8027,0.2873,-0.3764,0.2365,0.4489,0.0000,low,low,0
Sentinel,0.3518,0.7992,0.2677,-0.3977,0.2445,0.4476,0.0000,low,low,0
Sentinel,0.3500,0.7998,0.2544,-0.4107,0.2489,0.4467,0.0000,low,low,0
Sentinel,0.6965,0.7453,0.1176,-0.1075,0.3905,0.4465,0.3712,boundary,low,1
Sentinel,0.7113,0.7418,0.1208,-0.0994,0.3515,0.4505,0.4130,high,boundary,1
Sentinel,0.7280,0.7098,0.2799,0.0266,0.1500,0.4557,0.2620,boundary,low,1
Sentinel,0.7371,0.7224,0.2919,0.0213,0.1500,0.4608,0.2656,boundary,low,1
Sentinel,0.7452,0.7298,0.2973,0.0189,0.0000,0.4656,0.2686,boundary,low,1
Sentinel,0.7516,0.7347,0.3001,0.0182,0.0000,0.4697,0.2708,boundary,low,1
Sentinel,0.7566,0.7384,0.3015,0.0182,0.0000,0.4731,0.2735,boundary,low,1
Sentinel,0.7605,0.7412,0.2930,0.0185,0.0000,0.4759,0.3234,boundary,low,1
Sentinel,0.7637,0.7430,0.2881,0.0190,0.0000,0.4782,0.3519,boundary,low,1
Sentinel,0.7663,0.7443,0.2913,0.0194,0.0000,0.4800,0.3371,boundary,low,1
Sentinel,0.7681,0.7449,0.2886,0.0198,0.0000,0.4814,0.3509,boundary,low,1
Sentinel,0.7700,0.7454,0.2864,0.0203,0.0000,0.4827,0.3619,boundary,low,1
Sentinel,0.7718,0.7456,0.2797,0.0209,0.0000,0.4839,0.3935,boundary,low,1
Sentinel,0.7720,0.7446,0.2760,0.0215,0.0000,0.4850,0.4082,boundary,boundary,0
Sentinel,0.7723,0.7435,0.2728,0.0223,0.0000,0.4859,0.4196,boundary,boundary,0
Sentinel,0.7742,0.7443,0.2635,0.0230,0.0000,0.4867,0.4626,boundary,boundary,0
Sentinel,0.7758,0.7450,0.2557,0.0238,0.0000,0.4873,0.4968,boundary,boundary,0
Sentinel,0.7757,0.7441,0.2519,0.0246,0.0000,0.4878,0.5095,boundary,boundary,0
Sentinel,0.7773,0.7446,0.2364,0.0254,0.0000,0.4882,0.5674,high,high,0
Sentinel,0.7787,0.7451,0.2279,0.0262,0.0000,0.4885,0.5933,high,high,0
Sentinel,0.7800,0.7455,0.2207,0.0270,0.0000,0.4888,0.6112,high,high,0
Sentinel,0.7812,0.7459,0.2145,0.0279,0.0000,0.4891,0.6233,high,high,0
Sentinel,0.7823,0.7462,0.2093,0.0287,0.0000,0.4894,0.6307,high,high,0
Sentinel,0.7833,0.7465,0.2049,0.0295,0.0000,0.4897,0.6348,high,high,0
Sentinel,0.7841,0.7467,0.2011,0.0303,0.0000,0.4900,0.6366,high,high,0
Sentinel,0.7849,0.7469,0.1979,0.0311,0.0000,0.4903,0.6369,high,high,0
Sentinel,0.7843,0.7459,0.2010,0.0318,0.0000,0.4907,0.6322,high,high,0
Sentinel,0.7850,0.7461,0.2025,0.0325,0.0000,0.4910,0.6298,high,high,0
Sentinel,0.7858,0.7464,0.2037,0.0332,0.0027,0.4912,0.6276,high,high,0
Sentinel,0.7864,0.7466,0.2048,0.0339,0.0063,0.4913,0.6255,high,high,0
Sentinel,0.7870,0.7468,0.2057,0.0345,0.0088,0.4914,0.6235,high,high,0
Sentinel,0.7875,0.7470,0.2065,0.0351,0.0103,0.4916,0.6217,high,high,0
Sentinel,0.7880,0.7471,0.2071,0.0357,0.0112,0.4917,0.6201,high,high,0
Sentinel,0.7884,0.7473,0.2076,0.0362,0.0113,0.4918,0.6189,high,high,0
Sentinel,0.7887,0.7475,0.2081,0.0367,0.0108,0.4918,0.6177,high,high,0
Sentinel,0.7891,0.7476,0.2085,0.0372,0.0099,0.4919,0.6167,high,high,0
Sentinel,0.7894,0.7478,0.2042,0.0376,0.0086,0.4920,0.6213,high,high,0
Sentinel,0.7897,0.7479,0.1958,0.0380,0.0069,0.4921,0.6261,high,high,0
Sentinel,0.7899,0.7480,0.1887,0.0384,0.0050,0.4921,0.6251,high,high,0
Sentinel,0.7901,0.7482,0.1827,0.0388,0.0028,0.4922,0.6208,high,high,0
Sentinel,0.7903,0.7484,0.1776,0.0391,0.0003,0.4923,0.6147,high,high,0
Sentinel,0.7905,0.7485,0.1732,0.0394,0.0000,0.4923,0.6077,high,high,0
Sentinel,0.7907,0.7486,0.1695,0.0396,0.0000,0.4924,0.6005,high,high,0
Sentinel,0.7908,0.7487,0.1663,0.0399,0.0000,0.4925,0.5936,high,high,0
Sentinel,0.7909,0.7488,0.1636,0.0401,0.0000,0.4926,0.5871,high,high,0
Sentinel,0.7910,0.7490,0.1614,0.0403,0.0000,0.4927,0.5813,high,high,0
Sentinel,0.7911,0.7491,0.1594,0.0405,0.0000,0.4927,0.5765,high,high,0
Sentinel,0.7912,0.7494,0.1578,0.0406,0.0000,0.4928,0.5726,high,high,0
Sentinel,0.7913,0.7496,0.1565,0.0407,0.0000,0.4929,0.5694,high,high,0
Sentinel,0.7914,0.7499,0.1554,0.0408,0.0000,0.4929,0.5670,high,high,0
Sentinel,0.7915,0.7502,0.1545,0.0409,0.0000,0.4930,0.5651,high,high,0
Sentinel,0.7915,0.7505,0.1538,0.0409,0.0000,0.4930,0.5638,high,high,0
Sentinel,0.7916,0.7508,0.1532,0.0409,0.0000,0.4931,0.5630,high,high,0
Sentinel,0.7917,0.7511,0.1527,0.0408,0.0000,0.4931,0.5625,high,high,0
Sentinel,0.7917,0.7515,0.1523,0.0408,0.0000,0.4932,0.5622,high,high,0
Sentinel,0.7918,0.7518,0.1520,0.0407,0.0000,0.4933,0.5621,high,high,0
Sentinel,0.7918,0.7520,0.1517,0.0406,0.0000,0.4934,0.5619,high,high,0
Sentinel,0.7919,0.7522,0.1514,0.0405,0.0000,0.4935,0.5616,high,high,0
Sentinel,0.7919,0.7524,0.1512,0.0404,0.0000,0.4936,0.5614,high,high,0
Sentinel,0.7919,0.7525,0.1510,0.0403,0.0000,0.4937,0.5612,high,high,0
Sentinel,0.7920,0.7527,0.1509,0.0402,0.0000,0.4938,0.5609,high,high,0
Sentinel,0.7920,0.7528,0.1507,0.0401,0.0000,0.4939,0.5606,high,high,0
Sentinel,0.7920,0.7528,0.1505,0.0400,0.0000,0.4940,0.5602,high,high,0
Sentinel,0.7921,0.7529,0.1504,0.0399,0.0000,0.4940,0.5597,high,high,0
Sentinel,0.7921,0.7529,0.1503,0.0399,0.0000,0.4941,0.5593,high,high,0
Sentinel,0.7921,0.7529,0.1501,0.0398,0.0000,0.4942,0.5588,high,high,0
Sentinel,0.7922,0.7529,0.1500,0.0397,0.0000,0.4942,0.5583,high,high,0
Sentinel,0.7922,0.7529,0.1499,0.0397,0.0000,0.4943,0.5577,high,high,0
Sentinel,0.7922,0.7529,0.1498,0.0397,0.0000,0.4943,0.5571,high,high,0
Sentinel,0.7923,0.7528,0.1497,0.0396,0.0000,0.4944,0.5565,high,high,0
Sentinel,0.7923,0.7528,0.1496,0.0396,0.0000,0.4944,0.5559,high,high,0
Sentinel,0.7923,0.7527,0.1495,0.0396,0.0000,0.4944,0.5553,high,high,0
Sentinel,0.7924,0.7526,0.1494,0.0396,0.0000,0.4945,0.5547,high,high,0
Sentinel,0.7924,0.7526,0.1493,0.0397,0.0000,0.4945,0.5541,high,high,0
Sentinel,0.7924,0.7525,0.1493,0.0397,0.0000,0.4945,0.5535,high,high,0
Sentinel,0.7924,0.7524,0.1492,0.0397,0.1480,0.4945,0.5528,high,high,0
Sentinel,0.7925,0.7523,0.1491,0.0398,0.1492,0.4946,0.5523,high,high,0
Sentinel,0.7925,0.7523,0.1491,0.0398,0.0000,0.4946,0.5517,high,high,0
Sentinel,0.7925,0.7522,0.1490,0.0399,0.0000,0.4946,0.5511,high,high,0
Sentinel,0.7925,0.7521,0.1489,0.0399,0.0000,0.4946,0.5506,high,high,0
Sentinel,0.7925,0.7520,0.1489,0.0400,0.0000,0.4946,0.5500,high,high,0
Sentinel,0.7925,0.7519,0.1488,0.0400,0.0000,0.4946,0.5495,high,high,0
Sentinel,0.7926,0.7518,0.1488,0.0401,0.0000,0.4946,0.5489,high,high,0
Sentinel,0.7926,0.7517,0.1487,0.0402,0.0000,0.4946,0.5484,high,high,0
Sentinel,0.7926,0.7516,0.1487,0.0403,0.0000,0.4946,0.5479,high,high,0
Sentinel,0.7926,0.7515,0.1487,0.0403,0.0000,0.4947,0.5474,high,high,0
Sentinel,0.7926,0.7515,0.1486,0.0404,0.0000,0.4947,0.5469,high,high,0
Sentinel,0.7926,0.7514,0.1486,0.0405,0.0000,0.4947,0.5464,high,high,0
Sentinel,0.7926,0.7513,0.1485,0.0406,0.0000,0.4947,0.5460,high,high,0
Sentinel,0.7926,0.7512,0.1485,0.0407,0.0000,0.4947,0.5455,high,high,0
Sentinel,0.7926,0.7511,0.1485,0.0408,0.0000,0.4947,0.5451,high,high,0
Sentinel,0.7927,0.7510,0.1485,0.0409,0.0000,0.4947,0.5447,high,high,0
Sentinel,0.7927,0.7509,0.1484,0.0409,0.0000,0.4947,0.5441,high,high,0
Sentinel,0.7927,0.7507,0.1484,0.0410,0.0000,0.4948,0.5435,high,high,0
Sentinel,0.7913,0.7494,0.1542,0.0411,0.1500,0.4949,0.5614,high,high,0
Sentinel,0.7902,0.7481,0.1637,0.0412,0.0000,0.4950,0.5869,high,high,0
Sentinel,0.7905,0.7481,0.1661,0.0413,0.0000,0.4950,0.5915,high,high,0
Sentinel,0.7907,0.7481,0.1681,0.0415,0.1500,0.4949,0.5951,high,high,0
Sentinel,0.7910,0.7481,0.1698,0.0416,0.0000,0.4949,0.5978,high,high,0
Sentinel,0.7912,0.7481,0.1759,0.0418,0.0000,0.4948,0.6079,high,high,0
Sentinel,0.7914,0.7481,0.1858,0.0419,0.0000,0.4947,0.6182,high,high,0
Sentinel,0.7916,0.7481,0.1941,0.0421,0.1495,0.4947,0.6200,high,high,0
Sentinel,0.7917,0.7480,0.2013,0.0422,0.0000,0.4946,0.6165,high,high,0
Sentinel,0.7918,0.7480,0.2073,0.0424,0.0000,0.4946,0.6099,high,high,0
Sentinel,0.7919,0.7479,0.2078,0.0426,0.0000,0.4946,0.6086,high,high,0
Sentinel,0.8037,0.8100,0.0621,-0.0108,0.3155,0.4946,0.1647,high,low,1
Sentinel,0.8072,0.8047,0.1237,-0.0092,0.4135,0.4954,0.4709,high,high,0
Sentinel,0.7771,0.6929,0.4141,0.0933,0.1500,0.4964,0.0000,boundary,low,1
Sentinel,0.7845,0.7138,0.3486,0.0831,0.0000,0.4967,0.0000,boundary,low,1
Sentinel,0.7880,0.7242,0.3039,0.0754,0.0000,0.4966,0.1886,boundary,low,1
Sentinel,0.7898,0.7299,0.2815,0.0700,0.0000,0.4963,0.3060,boundary,low,1
Sentinel,0.7908,0.7334,0.2693,0.0662,0.0000,0.4959,0.3681,boundary,low,1
Sentinel,0.7914,0.7354,0.2619,0.0637,0.0000,0.4954,0.4041,boundary,boundary,0
Sentinel,0.7918,0.7365,0.2574,0.0620,0.0000,0.4949,0.4247,boundary,boundary,0
Sentinel,0.7920,0.7371,0.2547,0.0609,0.0000,0.4944,0.4368,boundary,boundary,0
Sentinel,0.7921,0.7374,0.2483,0.0603,0.0000,0.4941,0.4607,high,high,0
Sentinel,0.7922,0.7375,0.2475,0.0597,0.0000,0.4938,0.4640,high,high,0
Sentinel,0.7923,0.7378,0.2421,0.0592,0.0000,0.4936,0.4827,high,high,0
Sentinel,0.7910,0.7367,0.2433,0.0587,0.1500,0.4936,0.4781,high,high,0
Sentinel,0.7898,0.7357,0.2445,0.0583,0.0000,0.4935,0.4731,high,high,0
Sentinel,0.7902,0.7360,0.2394,0.0579,0.0000,0.4934,0.4899,high,high,0
Sentinel,0.7905,0.7363,0.2351,0.0575,0.1500,0.4933,0.5034,high,high,0
Sentinel,0.7907,0.7366,0.2315,0.0571,0.0000,0.4931,0.5143,high,high,0
Sentinel,0.7909,0.7370,0.2237,0.0568,0.0000,0.4930,0.5345,high,high,0
Sentinel,0.7911,0.7373,0.2170,0.0565,0.0000,0.4929,0.5488,high,high,0
Sentinel,0.7912,0.7376,0.2067,0.0562,0.0000,0.4928,0.5646,high,high,0
Sentinel,0.7914,0.7378,0.1980,0.0560,0.0000,0.4927,0.5717,high,high,0
Sentinel,0.7915,0.7383,0.1905,0.0557,0.0000,0.4927,0.5740,high,high,0
Sentinel,0.7915,0.7390,0.1842,0.0554,0.0000,0.4927,0.5742,high,high,0
Sentinel,0.7916,0.7397,0.1788,0.0550,0.0000,0.4926,0.5722,high,high,0
Sentinel,0.7917,0.7404,0.1742,0.0546,0.0000,0.4926,0.5690,high,high,0
Sentinel,0.7917,0.7410,0.1703,0.0542,0.0000,0.4926,0.5652,high,high,0
Sentinel,0.7918,0.7416,0.1670,0.0538,0.0000,0.4926,0.5611,high,high,0
Sentinel,0.7918,0.7421,0.1642,0.0534,0.0000,0.4927,0.5572,high,high,0
Sentinel,0.7918,0.7426,0.1618,0.0530,0.0000,0.4928,0.5536,high,high,0
Sentinel,0.7919,0.7431,0.1598,0.0526,0.0000,0.4928,0.5505,high,high,0
Sentinel,0.7919,0.7436,0.1581,0.0521,0.0000,0.4929,0.5479,high,high,0
Sentinel,0.7919,0.7440,0.1567,0.0517,0.0000,0.4929,0.5456,high,high,0
Sentinel,0.7919,0.7444,0.1554,0.0513,0.0000,0.4930,0.5436,high,high,0
Sentinel,0.7919,0.7448,0.1544,0.0509,0.0000,0.4931,0.5420,high,high,0
Sentinel,0.7919,0.7451,0.1535,0.0505,0.0000,0.4931,0.5406,high,high,0
Sentinel,0.7920,0.7455,0.1527,0.0501,0.0000,0.4932,0.5397,high,high,0
Sentinel,0.7920,0.7458,0.1521,0.0497,0.0000,0.4932,0.5390,high,high,0
Sentinel,0.7920,0.7461,0.1515,0.0493,0.0000,0.4933,0.5384,high,high,0
Sentinel,0.7920,0.7464,0.1510,0.0489,0.0000,0.4933,0.5379,high,high,0
Sentinel,0.7920,0.7466,0.1506,0.0486,0.0000,0.4933,0.5374,high,high,0
Sentinel,0.7921,0.7468,0.1503,0.0483,0.0000,0.4934,0.5370,high,high,0
Sentinel,0.7921,0.7470,0.1500,0.0479,0.0000,0.4934,0.5369,high,high,0
Sentinel,0.7921,0.7472,0.1498,0.0476,0.0000,0.4935,0.5370,high,high,0
Sentinel,0.7921,0.7475,0.1496,0.0473,0.0000,0.4935,0.5374,high,high,0
Sentinel,0.7921,0.7478,0.1495,0.0470,0.0000,0.4935,0.5380,high,high,0
Sentinel,0.7921,0.7481,0.1495,0.0467,0.0000,0.4935,0.5389,high,high,0
Sentinel,0.7922,0.7484,0.1494,0.0464,0.0000,0.4935,0.5399,high,high,0
Sentinel,0.7922,0.7487,0.1495,0.0461,0.0000,0.4936,0.5412,high,high,0
Sentinel,0.7922,0.7491,0.1495,0.0458,0.0000,0.4936,0.5427,high,high,0
Sentinel,0.7922,0.7494,0.1496,0.0455,0.0000,0.4936,0.5441,high,high,0
Sentinel,0.7922,0.7497,0.1497,0.0452,0.0000,0.4937,0.5454,high,high,0
Sentinel,0.7922,0.7500,0.1497,0.0449,0.0000,0.4937,0.5467,high,high,0
Sentinel,0.7922,0.7503,0.1497,0.0446,0.0000,0.4938,0.5478,high,high,0
Sentinel,0.7923,0.7505,0.1498,0.0443,0.0000,0.4939,0.5486,high,high,0
Sentinel,0.7923,0.7507,0.1498,0.0441,0.0000,0.4940,0.5494,high,high,0
Sentinel,0.7923,0.7509,0.1498,0.0438,0.0000,0.4941,0.5499,high,high,0
Sentinel,0.7923,0.7510,0.1498,0.0435,0.0000,0.4942,0.5504,high,high,0
Sentinel,0.7923,0.7511,0.1498,0.0433,0.0000,0.4942,0.5506,high,high,0
Sentinel,0.7923,0.7512,0.1498,0.0431,0.0000,0.4943,0.5508,high,high,0
Sentinel,0.7923,0.7512,0.1497,0.0429,0.0000,0.4944,0.5507,high,high,0
Sentinel,0.7924,0.7512,0.1497,0.0427,0.0000,0.4945,0.5507,high,high,0
Sentinel,0.7924,0.7512,0.1497,0.0426,0.0000,0.4945,0.5504,high,high,0
Sentinel,0.7924,0.7511,0.1496,0.0424,0.0000,0.4946,0.5499,high,high,0
Sentinel,0.7912,0.7500,0.1549,0.0423,0.1500,0.4948,0.5665,high,high,0
Sentinel,0.7901,0.7488,0.1641,0.0422,0.0000,0.4949,0.5910,high,high,0
Sentinel,0.7889,0.7476,0.1729,0.0421,0.0000,0.4950,0.6086,high,high,0
Sentinel,0.7894,0.7477,0.1740,0.0421,0.0000,0.4950,0.6096,high,high,0
Sentinel,0.7898,0.7478,0.1796,0.0421,0.1500,0.4949,0.6170,high,high,0
Sentinel,0.7901,0.7479,0.1890,0.0421,0.0000,0.4948,0.6239,high,high,0
Sentinel,0.7904,0.7480,0.1970,0.0421,0.0000,0.4947,0.6234,high,high,0
Sentinel,0.7907,0.7481,0.2038,0.0422,0.0000,0.4947,0.6184,high,high,0
Sentinel,0.7897,0.7470,0.2148,0.0422,0.1500,0.4947,0.6015,high,high,0
Sentinel,0.7901,0.7471,0.2189,0.0423,0.0000,0.4946,0.5925,high,high,0
Sentinel,0.7904,0.7471,0.2176,0.0424,0.0000,0.4946,0.5943,high,high,0
Sentinel,0.7907,0.7472,0.2212,0.0425,0.0000,0.4946,0.5856,high,high,0
Sentinel,0.7893,0.7457,0.2361,0.0426,0.1500,0.4946,0.5424,high,high,0
Sentinel,0.7897,0.7458,0.2370,0.0427,0.0000,0.4946,0.5388,high,high,0
Sentinel,0.7901,0.7459,0.2377,0.0429,0.1500,0.4946,0.5358,high,high,0
Sentinel,0.7889,0.7447,0.2446,0.0430,0.1499,0.4946,0.5104,high,high,0
Sentinel,0.7894,0.7448,0.2488,0.0432,0.0000,0.4945,0.4940,high,high,0
Sentinel,0.8013,0.8015,0.0657,-0.0098,0.2390,0.4951,0.1922,high,low,1
Sentinel,0.8011,0.8025,0.0666,-0.0081,0.2259,0.4960,0.1976,high,low,1
Sentinel,0.8023,0.8018,0.0679,-0.0075,0.2258,0.4962,0.2020,high,low,1
Sentinel,0.8045,0.8003,0.0675,-0.0053,0.2300,0.4974,0.1949,high,low,1
Sentinel,0.8052,0.8010,0.0699,-0.0051,0.2858,0.4975,0.2063,high,low,1
Sentinel,0.8090,0.7985,0.1207,-0.0019,0.4100,0.4991,0.4523,high,high,0
Sentinel,0.7706,0.6912,0.4226,0.0851,0.1500,0.5002,0.0000,boundary,low,1
Sentinel,0.7750,0.7060,0.3730,0.0778,0.0000,0.5001,0.0000,boundary,low,1
Sentinel,0.7943,0.7922,0.0922,0.0002,0.2580,0.5001,0.3516,high,low,1
Sentinel,0.7961,0.7915,0.0903,0.0012,0.2417,0.5006,0.3369,high,low,1
Sentinel,0.7928,0.7927,0.0814,0.0016,0.2529,0.5008,0.2959,high,low,1
Sentinel,0.7950,0.7929,0.0763,0.0016,0.2381,0.5008,0.2636,high,low,1
Sentinel,0.7948,0.7964,0.0700,0.0013,0.2412,0.5006,0.2301,high,low,1
Sentinel,0.7962,0.7964,0.0706,0.0011,0.2247,0.5006,0.2303,high,low,1
Sentinel,0.7966,0.7991,0.0692,0.0005,0.2293,0.5002,0.2218,high,low,1
Sentinel,0.7910,0.7120,0.3021,0.0821,0.0000,0.4996,0.1514,boundary,low,1
Sentinel,0.7927,0.7242,0.3033,0.0760,0.1500,0.4986,0.1834,boundary,low,1
Sentinel,0.7935,0.7301,0.3038,0.0709,0.1000,0.4977,0.1975,boundary,low,1
Sentinel,0.7939,0.7331,0.2916,0.0674,0.0000,0.4970,0.2627,boundary,low,1
Sentinel,0.7940,0.7346,0.2961,0.0650,0.0000,0.4964,0.2462,boundary,low,1
Sentinel,0.7941,0.7354,0.3079,0.0634,0.0000,0.4959,0.1917,boundary,low,1
Sentinel,0.7941,0.7358,0.3148,0.0624,0.0000,0.4956,0.1588,boundary,low,1
Sentinel,0.7941,0.7360,0.3126,0.0617,0.0000,0.4953,0.1699,boundary,low,1
Sentinel,0.7940,0.7361,0.3114,0.0614,0.0000,0.4952,0.1766,boundary,low,1
Sentinel,0.7940,0.7363,0.3103,0.0610,0.0000,0.4950,0.1825,boundary,low,1
Sentinel,0.7939,0.7364,0.3047,0.0606,0.0000,0.4949,0.2104,boundary,low,1
Sentinel,0.7938,0.7366,0.2952,0.0603,0.0000,0.4948,0.2562,boundary,low,1
Sentinel,0.7937,0.7367,0.2872,0.0600,0.0000,0.4948,0.2942,boundary,low,1
Sentinel,0.7936,0.7369,0.2758,0.0597,0.0000,0.4947,0.3462,boundary,low,1
Sentinel,0.7936,0.7370,0.2613,0.0593,0.0000,0.4946,0.4069,boundary,boundary,0
Sentinel,0.7935,0.7371,0.2491,0.0590,0.0000,0.4946,0.4535,high,high,0
Sentinel,0.7934,0.7376,0.2433,0.0587,0.0000,0.4945,0.4753,high,high,0
Sentinel,0.7933,0.7381,0.2337,0.0584,0.0000,0.4945,0.5067,high,high,0
Sentinel,0.7932,0.7386,0.2256,0.0580,0.0000,0.4945,0.5299,high,high,0
Sentinel,0.7932,0.7389,0.2187,0.0576,0.0000,0.4945,0.5467,high,high,0
Sentinel,0.7917,0.7381,0.2188,0.0572,0.0000,0.4946,0.5471,high,high,0
Sentinel,0.7905,0.7372,0.2188,0.0568,0.0000,0.4948,0.5470,high,high,0
Sentinel,0.8034,0.8025,0.0533,-0.0091,0.2416,0.4954,0.1200,high,low,1
Sentinel,0.8037,0.8043,0.0504,-0.0073,0.2265,0.4964,0.1030,high,low,1
Sentinel,0.7892,0.7138,0.1812,0.0793,0.0000,0.4967,0.4504,high,high,0
Sentinel,0.7909,0.7266,0.1803,0.0726,0.1500,0.4966,0.5114,high,high,0
Sentinel,0.7918,0.7330,0.1939,0.0670,0.1000,0.4964,0.5476,high,high,0
Sentinel,0.7922,0.7365,0.2130,0.0631,0.0000,0.4961,0.5485,high,high,0
Sentinel,0.7925,0.7385,0.2230,0.0603,0.0000,0.4958,0.5380,high,high,0
Sentinel,0.8066,0.8050,0.0694,-0.0074,0.2523,0.4963,0.1998,high,low,1
Sentinel,0.8044,0.8030,0.0753,-0.0055,0.2464,0.4973,0.2367,high,low,1
Sentinel,0.7812,0.6960,0.2995,0.0861,0.0000,0.4978,0.1165,boundary,low,1
Sentinel,0.7869,0.7120,0.3017,0.0810,0.0000,0.4977,0.1597,boundary,low,1
Sentinel,0.7896,0.7200,0.3027,0.0765,0.1000,0.4974,0.1782,boundary,low,1
Sentinel,0.7864,0.7189,0.3207,0.0734,0.0000,0.4971,0.0944,boundary,low,1
Sentinel,0.7887,0.7228,0.3148,0.0711,0.0000,0.4967,0.1314,boundary,low,1
Sentinel,0.7900,0.7251,0.3115,0.0696,0.1500,0.4963,0.1519,boundary,low,1
Sentinel,0.7907,0.7263,0.3096,0.0685,0.1500,0.4959,0.1635,boundary,low,1
Sentinel,0.7959,0.7968,0.0729,-0.0079,0.2445,0.4961,0.2434,high,low,1
Sentinel,0.7986,0.7942,0.0731,-0.0058,0.2373,0.4971,0.2387,high,low,1
Sentinel,0.7968,0.7955,0.0729,-0.0038,0.2321,0.4981,0.2415,high,low,1
Sentinel,0.7899,0.7026,0.3099,0.0895,0.1500,0.4983,0.0854,boundary,low,1
Sentinel,0.7916,0.7152,0.3224,0.0836,0.1500,0.4980,0.0671,boundary,low,1
Sentinel,0.7924,0.7216,0.3281,0.0785,0.1000,0.4975,0.0574,boundary,low,1
Sentinel,0.7928,0.7253,0.3184,0.0747,0.1500,0.4969,0.1145,boundary,low,1
Sentinel,0.7931,0.7273,0.3133,0.0720,0.1500,0.4964,0.1447,boundary,low,1
Sentinel,0.7932,0.7284,0.3105,0.0702,0.0000,0.4960,0.1613,boundary,low,1
Sentinel,0.7933,0.7289,0.3088,0.0690,0.0000,0.4956,0.1707,boundary,low,1
Sentinel,0.7933,0.7292,0.3078,0.0683,0.0000,0.4954,0.1760,boundary,low,1
Sentinel,0.7933,0.7292,0.3026,0.0679,0.1500,0.4952,0.2012,boundary,low,1
Sentinel,0.7933,0.7293,0.2981,0.0675,0.1500,0.4951,0.2223,boundary,low,1
Sentinel,0.7933,0.7299,0.2896,0.0671,0.0000,0.4950,0.2629,boundary,low,1
Sentinel,0.7933,0.7306,0.2778,0.0666,0.0000,0.4949,0.3174,boundary,low,1
Sentinel,0.7933,0.7312,0.2677,0.0662,0.0000,0.4948,0.3614,boundary,low,1
Sentinel,0.7933,0.7318,0.2544,0.0657,0.0000,0.4946,0.4143,boundary,boundary,0
Sentinel,0.7932,0.7324,0.2432,0.0652,0.0000,0.4946,0.4547,high,high,0
Sentinel,0.7932,0.7329,0.2336,0.0647,0.0000,0.4945,0.4851,high,high,0
Sentinel,0.7931,0.7334,0.2255,0.0642,0.0000,0.4945,0.5076,high,high,0
Sentinel,0.8047,0.8038,0.0481,-0.0096,0.2324,0.4952,0.0887,high,low,1
Sentinel,0.8050,0.8052,0.0479,-0.0076,0.2198,0.4962,0.0861,high,low,1
Sentinel,0.7893,0.7103,0.1812,0.0824,0.0000,0.4967,0.4316,high,boundary,1
Sentinel,0.7910,0.7229,0.1959,0.0759,0.1500,0.4967,0.4985,high,high,0
Sentinel,0.7918,0.7294,0.2165,0.0705,0.1000,0.4965,0.5101,high,high,0
Sentinel,0.7922,0.7329,0.2266,0.0666,0.1500,0.4963,0.5055,high,high,0
Sentinel,0.7925,0.7349,0.2319,0.0639,0.1500,0.4960,0.5006,high,high,0
Sentinel,0.7926,0.7360,0.2255,0.0621,0.0000,0.4959,0.5210,high,high,0
Sentinel,0.7903,0.7339,0.2393,0.0609,0.1499,0.4958,0.4811,high,high,0
Sentinel,0.7907,0.7345,0.2460,0.0602,0.0000,0.4956,0.4608,high,high,0
Sentinel,0.7910,0.7348,0.2500,0.0598,0.0000,0.4955,0.4473,boundary,boundary,0
Sentinel,0.7913,0.7350,0.2534,0.0595,0.0000,0.4954,0.4353,boundary,boundary,0
Sentinel,0.7915,0.7352,0.2516,0.0591,0.0000,0.4953,0.4420,boundary,boundary,0
Sentinel,0.7901,0.7340,0.2572,0.0588,0.1500,0.4954,0.4201,boundary,boundary,0
Sentinel,0.7889,0.7329,0.2666,0.0586,0.0000,0.4954,0.3817,boundary,low,1
Sentinel,0.7894,0.7332,0.2675,0.0583,0.0000,0.4954,0.3780,boundary,low,1
Sentinel,0.7898,0.7335,0.2729,0.0581,0.1500,0.4952,0.3554,boundary,low,1
Sentinel,0.7902,0.7338,0.2776,0.0580,0.1500,0.4951,0.3356,boundary,low,1
Sentinel,0.7905,0.7341,0.2769,0.0578,0.0000,0.4949,0.3389,boundary,low,1
Sentinel,0.7908,0.7343,0.2809,0.0577,0.0000,0.4948,0.3213,boundary,low,1
Sentinel,0.7911,0.7345,0.2890,0.0576,0.0000,0.4947,0.2847,boundary,low,1
Sentinel,0.7913,0.7347,0.2959,0.0575,0.0000,0.4947,0.2526,boundary,low,1
Sentinel,0.7915,0.7348,0.2971,0.0574,0.0000,0.4946,0.2470,boundary,low,1
Sentinel,0.7916,0.7350,0.2981,0.0573,0.0000,0.4946,0.2423,boundary,low,1
Sentinel,0.7918,0.7351,0.2990,0.0572,0.0000,0.4946,0.2382,boundary,low,1
Sentinel,0.7919,0.7352,0.2950,0.0572,0.0000,0.4945,0.2570,boundary,low,1
Sentinel,0.7920,0.7353,0.2870,0.0571,0.0000,0.4945,0.2944,boundary,low,1
Sentinel,0.7921,0.7354,0.2802,0.0571,0.0000,0.4945,0.3252,boundary,low,1
Sentinel,0.7922,0.7355,0.2698,0.0571,0.0000,0.4945,0.3704,boundary,low,1
Sentinel,0.7922,0.7355,0.2562,0.0570,0.0000,0.4945,0.4246,boundary,boundary,0
Sentinel,0.7923,0.7356,0.2447,0.0570,0.0000,0.4945,0.4657,high,high,0
Sentinel,0.7923,0.7357,0.2396,0.0570,0.0000,0.4945,0.4822,high,high,0
Sentinel,0.7924,0.7357,0.2305,0.0569,0.0000,0.4945,0.5080,high,high,0
Sentinel,0.7924,0.7358,0.2229,0.0569,0.0000,0.4946,0.5265,high,high,0
Sentinel,0.7924,0.7359,0.2163,0.0569,0.0000,0.4947,0.5393,high,high,0
Sentinel,0.7925,0.7359,0.2108,0.0568,0.0000,0.4947,0.5480,high,high,0
Sentinel,0.7925,0.7360,0.2061,0.0568,0.0000,0.4948,0.5537,high,high,0
Sentinel,0.7925,0.7361,0.2021,0.0567,0.0000,0.4949,0.5572,high,high,0
Sentinel,0.7925,0.7361,0.1987,0.0567,0.0000,0.4949,0.5593,high,high,0
Sentinel,0.7926,0.7362,0.1958,0.0567,0.0000,0.4950,0.5602,high,high,0
Sentinel,0.7926,0.7362,0.1887,0.0567,0.0000,0.4950,0.5596,high,high,0
Sentinel,0.7926,0.7362,0.1826,0.0566,0.0000,0.4951,0.5559,high,high,0
Sentinel,0.7926,0.7362,0.1775,0.0566,0.0000,0.4951,0.5506,high,high,0
Sentinel,0.7926,0.7362,0.1731,0.0566,0.0000,0.4952,0.5445,high,high,0
Sentinel,0.7927,0.7362,0.1694,0.0566,0.0000,0.4952,0.5383,high,high,0
Sentinel,0.7927,0.7362,0.1662,0.0566,0.0000,0.4953,0.5321,high,high,0
Sentinel,0.7927,0.7362,0.1635,0.0566,0.0000,0.4953,0.5264,high,high,0
Sentinel,0.7927,0.7362,0.1612,0.0566,0.0000,0.4953,0.5211,high,high,0
Sentinel,0.7927,0.7361,0.1593,0.0566,0.0000,0.4954,0.5163,high,high,0
Sentinel,0.7928,0.7361,0.1576,0.0566,0.0000,0.4954,0.5120,high,high,0
Sentinel,0.7928,0.7361,0.1562,0.0566,0.0000,0.4954,0.5082,high,high,0
Sentinel,0.7928,0.7360,0.1550,0.0566,0.0000,0.4955,0.5049,high,high,0
Sentinel,0.7928,0.7360,0.1540,0.0566,0.0000,0.4955,0.5019,high,high,0
Sentinel,0.7928,0.7360,0.1532,0.0566,0.0000,0.4955,0.4994,high,high,0
Sentinel,0.7928,0.7359,0.1524,0.0567,0.0000,0.4955,0.4971,high,high,0
Sentinel,0.7929,0.7359,0.1518,0.0567,0.0000,0.4955,0.4951,high,high,0
Sentinel,0.7929,0.7358,0.1513,0.0567,0.0000,0.4955,0.4934,high,high,0
Sentinel,0.7929,0.7358,0.1508,0.0568,0.0000,0.4956,0.4919,high,high,0
Sentinel,0.7929,0.7358,0.1505,0.0568,0.0000,0.4956,0.4905,high,high,0
Sentinel,0.7929,0.7357,0.1501,0.0568,0.1483,0.4956,0.4894,high,high,0
Sentinel,0.7929,0.7357,0.1499,0.0569,0.1489,0.4956,0.4883,high,high,0
Sentinel,0.7929,0.7356,0.1496,0.0569,0.1481,0.4956,0.4873,high,high,0
Sentinel,0.7929,0.7355,0.1494,0.0570,0.0000,0.4956,0.4864,high,high,0
Sentinel,0.7929,0.7354,0.1493,0.0570,0.0000,0.4956,0.4855,high,high,0
Sentinel,0.7930,0.7354,0.1491,0.0571,0.0000,0.4956,0.4847,high,high,0
Sentinel,0.7930,0.7353,0.1490,0.0571,0.0000,0.4956,0.4839,high,high,0
Sentinel,0.7930,0.7352,0.1489,0.0572,0.0000,0.4956,0.4832,high,high,0
Sentinel,0.7930,0.7351,0.1488,0.0573,0.0000,0.4957,0.4826,high,high,0
Sentinel,0.7930,0.7350,0.1487,0.0573,0.0000,0.4957,0.4820,high,high,0
Sentinel,0.7930,0.7349,0.1487,0.0574,0.0000,0.4957,0.4814,high,high,0
Sentinel,0.7930,0.7348,0.1486,0.0575,0.0000,0.4957,0.4808,high,high,0
Sentinel,0.7930,0.7347,0.1486,0.0576,0.0000,0.4957,0.4802,high,high,0
Sentinel,0.7930,0.7346,0.1485,0.0577,0.0000,0.4957,0.4796,high,high,0
Sentinel,0.7930,0.7345,0.1485,0.0577,0.0000,0.4957,0.4789,high,high,0
Sentinel,0.7930,0.7343,0.1485,0.0578,0.0000,0.4957,0.4782,high,high,0
Sentinel,0.7930,0.7342,0.1484,0.0579,0.0000,0.4957,0.4775,high,high,0
Sentinel,0.7930,0.7340,0.1484,0.0580,0.0000,0.4957,0.4768,high,high,0
Sentinel,0.7930,0.7339,0.1484,0.0582,0.0000,0.4958,0.4761,high,high,0
Sentinel,0.7930,0.7337,0.1484,0.0583,0.0000,0.4958,0.4754,high,high,0
Sentinel,0.7930,0.7336,0.1484,0.0584,0.0000,0.4958,0.4746,high,high,0
Sentinel,0.7930,0.7334,0.1484,0.0585,0.0000,0.4958,0.4739,high,high,0
Sentinel,0.7930,0.7332,0.1483,0.0587,0.0000,0.4958,0.4731,high,high,0
Sentinel,0.7930,0.7330,0.1483,0.0588,0.0000,0.4958,0.4722,high,high,0
Sentinel,0.7931,0.7328,0.1483,0.0589,0.0000,0.4958,0.4714,high,high,0
Sentinel,0.7931,0.7326,0.1483,0.0591,0.0000,0.4958,0.4705,high,high,0
Sentinel,0.7931,0.7324,0.1483,0.0592,0.0000,0.4958,0.4696,high,high,0
Sentinel,0.7931,0.7322,0.1483,0.0594,0.0000,0.4959,0.4688,high,high,0
Sentinel,0.7931,0.7321,0.1483,0.0596,0.0000,0.4959,0.4680,high,high,0
Sentinel,0.7931,0.7319,0.1483,0.0597,0.0000,0.4959,0.4672,high,high,0
Sentinel,0.7931,0.7317,0.1483,0.0599,0.0000,0.4959,0.4664,high,high,0
Sentinel,0.7931,0.7315,0.1483,0.0601,0.0000,0.4959,0.4657,high,high,0
Sentinel,0.7931,0.7314,0.1483,0.0602,0.0000,0.4959,0.4650,high,high,0
Sentinel,0.7931,0.7312,0.1483,0.0604,0.0000,0.4959,0.4644,high,high,0
Sentinel,0.7931,0.7311,0.1483,0.0605,0.0000,0.4959,0.4638,high,high,0
Sentinel,0.7931,0.7310,0.1483,0.0607,0.0000,0.4959,0.4632,high,high,0
Sentinel,0.7931,0.7308,0.1483,0.0609,0.0000,0.4959,0.4626,high,high,0
Sentinel,0.7931,0.7307,0.1483,0.0610,0.0000,0.4959,0.4621,high,high,0
Sentinel,0.7931,0.7306,0.1483,0.0612,0.0000,0.4959,0.4616,high,high,0
Sentinel,0.7931,0.7305,0.1483,0.0613,0.0000,0.4959,0.4611,high,high,0
Sentinel,0.7931,0.7304,0.1483,0.0614,0.0000,0.4959,0.4607,high,high,0
Sentinel,0.7931,0.7302,0.1483,0.0617,0.0000,0.4959,0.4598,high,high,0
Sentinel,0.7931,0.7301,0.1483,0.0618,0.0000,0.4959,0.4594,high,high,0
Sentinel,0.7931,0.7300,0.1483,0.0620,0.0000,0.4959,0.4591,high,high,0
Sentinel,0.7931,0.7299,0.1483,0.0621,0.0000,0.4959,0.4587,high,high,0
Sentinel,0.7931,0.7299,0.1483,0.0622,0.0000,0.4959,0.4584,high,high,0
Sentinel,0.7931,0.7298,0.1483,0.0623,0.0000,0.4959,0.4580,high,high,0
Sentinel,0.7931,0.7297,0.1483,0.0624,0.0000,0.4959,0.4577,high,high,0
Sentinel,0.7931,0.7297,0.1483,0.0625,0.0000,0.4959,0.4574,high,high,0
Sentinel,0.7931,0.7296,0.1483,0.0626,0.0000,0.4959,0.4571,high,high,0
Sentinel,0.7931,0.7295,0.1483,0.0627,0.0000,0.4959,0.4568,high,high,0
Sentinel,0.7931,0.7295,0.1483,0.0628,0.0000,0.4959,0.4565,high,high,0
Sentinel,0.7931,0.7294,0.1483,0.0629,0.0000,0.4959,0.4561,high,high,0
Sentinel,0.7931,0.7293,0.1483,0.0630,0.0000,0.4959,0.4557,high,high,0
Sentinel,0.8070,0.8036,0.0508,-0.0067,0.2472,0.4966,0.0986,high,low,1
Sentinel,0.8051,0.8024,0.0591,-0.0044,0.2453,0.4978,0.1480,high,low,1
Sentinel,0.7803,0.6873,0.2119,0.0940,0.0000,0.4983,0.3173,boundary,low,1
Sentinel,0.7864,0.7048,0.2112,0.0884,0.0000,0.4983,0.4037,high,boundary,1
Sentinel,0.7893,0.7137,0.2249,0.0833,0.1000,0.4979,0.4238,high,boundary,1
Sentinel,0.7909,0.7185,0.2440,0.0795,0.1500,0.4975,0.3973,high,low,1
Sentinel,0.7917,0.7212,0.2541,0.0768,0.1500,0.4971,0.3757,boundary,low,1
Sentinel,0.7922,0.7226,0.2597,0.0750,0.0000,0.4967,0.3613,boundary,low,1
Sentinel,0.7925,0.7234,0.2629,0.0738,0.0000,0.4965,0.3518,boundary,low,1
Sentinel,0.7927,0.7238,0.2649,0.0731,0.0000,0.4962,0.3455,boundary,low,1
Sentinel,0.7928,0.7239,0.2661,0.0727,0.0000,0.4961,0.3414,boundary,low,1
Sentinel,0.7929,0.7240,0.2671,0.0723,0.0000,0.4960,0.3377,boundary,low,1
Sentinel,0.7930,0.7241,0.2633,0.0719,0.0000,0.4959,0.3522,boundary,low,1
Sentinel,0.7930,0.7241,0.2553,0.0716,0.0000,0.4958,0.3808,boundary,low,1
Sentinel,0.7931,0.7242,0.2440,0.0714,0.1498,0.4958,0.4177,high,boundary,1
Sentinel,0.7931,0.7242,0.2389,0.0711,0.0000,0.4957,0.4324,high,boundary,1
Sentinel,0.7931,0.7243,0.2347,0.0709,0.0000,0.4957,0.4439,high,boundary,1
Sentinel,0.7931,0.7243,0.2311,0.0707,0.0000,0.4956,0.4530,high,high,0
Sentinel,0.7931,0.7244,0.2280,0.0705,0.0000,0.4956,0.4603,high,high,0
Sentinel,0.7931,0.7244,0.2207,0.0703,0.0000,0.4956,0.4750,high,high,0
Sentinel,0.7931,0.7244,0.2145,0.0701,0.0000,0.4956,0.4850,high,high,0
Sentinel,0.7931,0.7244,0.2092,0.0700,0.0000,0.4957,0.4916,high,high,0
Sentinel,0.7931,0.7244,0.2048,0.0699,0.0000,0.4957,0.4957,high,high,0
Sentinel,0.7928,0.7208,0.2010,0.0701,0.0000,0.4959,0.4806,high,high,0
Sentinel,0.7928,0.7211,0.1931,0.0702,0.0000,0.4962,0.4838,high,high,0
Sentinel,0.7928,0.7213,0.1863,0.0704,0.1500,0.4963,0.4835,high,high,0
Sentinel,0.7929,0.7216,0.1806,0.0705,0.0000,0.4962,0.4808,high,high,0
Sentinel,0.7929,0.7218,0.1758,0.0705,0.0000,0.4961,0.4770,high,high,0
Sentinel,0.7929,0.7220,0.1717,0.0706,0.0000,0.4960,0.4725,high,high,0
Sentinel,0.7930,0.7221,0.1682,0.0706,0.0000,0.4960,0.4680,high,high,0
Sentinel,0.7930,0.7223,0.1652,0.0706,0.0000,0.4960,0.4634,high,high,0
Sentinel,0.7930,0.7224,0.1626,0.0706,0.0000,0.4960,0.4591,high,high,0
Sentinel,0.7930,0.7225,0.1605,0.0706,0.0000,0.4960,0.4552,high,high,0
Sentinel,0.7930,0.7226,0.1587,0.0706,0.0000,0.4960,0.4515,high,high,0
Sentinel,0.7931,0.7226,0.1571,0.0706,0.0000,0.4960,0.4483,high,boundary,1
Sentinel,0.7931,0.7227,0.1558,0.0706,0.0000,0.4960,0.4454,high,boundary,1
Sentinel,0.7931,0.7227,0.1547,0.0705,0.0000,0.4961,0.4428,high,boundary,1
Sentinel,0.7931,0.7227,0.1537,0.0705,0.0000,0.4961,0.4406,high,boundary,1
Sentinel,0.7931,0.7227,0.1529,0.0705,0.0000,0.4961,0.4387,high,boundary,1
Sentinel,0.7931,0.7228,0.1522,0.0705,0.0000,0.4962,0.4370,high,boundary,1
Sentinel,0.7917,0.7215,0.1579,0.0705,0.1500,0.4963,0.4483,high,boundary,1
Sentinel,0.7904,0.7203,0.1675,0.0704,0.0000,0.4964,0.4644,high,high,0
Sentinel,0.7907,0.7205,0.1693,0.0704,0.0000,0.4964,0.4672,high,high,0
Sentinel,0.7910,0.7206,0.1755,0.0704,0.1500,0.4963,0.4757,high,high,0
Sentinel,0.7913,0.7207,0.1854,0.0704,0.0000,0.4963,0.4842,high,high,0
Sentinel,0.7915,0.7209,0.1938,0.0705,0.0000,0.4962,0.4863,high,high,0
Sentinel,0.7917,0.7209,0.2010,0.0705,0.0000,0.4961,0.4843,high,high,0
Sentinel,0.7905,0.7197,0.2134,0.0705,0.1500,0.4962,0.4701,high,high,0
Sentinel,0.7908,0.7199,0.2176,0.0706,0.0000,0.4962,0.4639,high,high,0
Sentinel,0.7911,0.7200,0.2212,0.0706,0.0000,0.4961,0.4576,high,high,0
Sentinel,0.7914,0.7200,0.2196,0.0707,0.1500,0.4960,0.4602,high,high,0
Sentinel,0.7916,0.7201,0.2229,0.0708,0.0000,0.4959,0.4541,high,high,0
Sentinel,0.7918,0.7202,0.2257,0.0708,0.0000,0.4959,0.4484,high,boundary,1
Sentinel,0.7919,0.7202,0.2234,0.0709,0.0000,0.4958,0.4527,high,high,0
Sentinel,0.7921,0.7203,0.2262,0.0710,0.0000,0.4958,0.4472,high,boundary,1
Sentinel,0.7922,0.7203,0.2332,0.0711,0.0000,0.4958,0.4314,high,boundary,1
Sentinel,0.7923,0.7203,0.2391,0.0712,0.0000,0.4958,0.4160,high,boundary,1
Sentinel,0.7924,0.7203,0.2441,0.0713,0.0000,0.4958,0.4017,high,boundary,1
Sentinel,0.7925,0.7204,0.2484,0.0714,0.0000,0.4958,0.3886,high,low,1
Sentinel,0.7926,0.7204,0.2521,0.0715,0.0000,0.4958,0.3769,boundary,low,1
Sentinel,0.7927,0.7204,0.2505,0.0715,0.0000,0.4958,0.3819,boundary,low,1
Sentinel,0.7927,0.7204,0.2492,0.0716,0.0000,0.4957,0.3860,high,low,1
Sentinel,0.7928,0.7204,0.2527,0.0717,0.1480,0.4957,0.3747,boundary,low,1
Sentinel,0.7928,0.7205,0.2557,0.0718,0.1497,0.4957,0.3647,boundary,low,1
Sentinel,0.7928,0.7205,0.2536,0.0718,0.0000,0.4957,0.3718,boundary,low,1
Sentinel,0.7929,0.7205,0.2565,0.0719,0.0000,0.4957,0.3621,boundary,low,1
Sentinel,0.7929,0.7205,0.2636,0.0719,0.0000,0.4957,0.3370,boundary,low,1
Sentinel,0.7929,0.7205,0.2696,0.0720,0.0000,0.4957,0.3143,boundary,low,1
Sentinel,0.7929,0.7205,0.2748,0.0720,0.0117,0.4957,0.2943,boundary,low,1
Sentinel,0.7929,0.7205,0.2791,0.0720,0.0208,0.4956,0.2767,boundary,low,1
Sentinel,0.7930,0.7206,0.2782,0.0721,0.0120,0.4956,0.2806,boundary,low,1
Sentinel,0.7930,0.7206,0.2773,0.0721,0.0043,0.4956,0.2839,boundary,low,1
Sentinel,0.7930,0.7206,0.2720,0.0721,0.0000,0.4956,0.3052,boundary,low,1
Sentinel,0.7930,0.7205,0.2674,0.0722,0.0000,0.4955,0.3226,boundary,low,1
Sentinel,0.7930,0.7205,0.2589,0.0722,0.0000,0.4955,0.3536,boundary,low,1
Sentinel,0.7930,0.7205,0.2470,0.0722,0.0000,0.4955,0.3926,high,low,1
Sentinel,0.7930,0.7205,0.2415,0.0723,0.0000,0.4955,0.4085,high,boundary,1
Sentinel,0.7930,0.7205,0.2369,0.0723,0.0000,0.4955,0.4210,high,boundary,1
default,0.7609,0.7841,0.1450,-0.0277,0.2767,0.4862,0.5135,high,high,0
default,0.7628,0.7818,0.1483,-0.0274,0.2853,0.4863,0.5241,high,high,0
default,0.7032,0.7995,0.1990,-0.0029,0.2868,0.4985,0.7796,high,high,0
default,0.7030,0.7995,0.1953,-0.0029,0.2744,0.4985,0.7636,high,high,0
default,0.7268,0.7950,0.1600,-0.0237,0.2669,0.4882,0.6214,high,high,0
default,0.7323,0.7939,0.1531,-0.0276,0.3014,0.4862,0.5861,high,high,0
default,0.7386,0.7898,0.1496,-0.0309,0.3044,0.4846,0.5651,high,high,0
default,0.6786,0.6978,0.3169,-0.0473,0.1500,0.4828,0.3370,boundary,low,1
default,0.7019,0.7229,0.3457,-0.0355,0.1500,0.4828,0.3445,boundary,low,1
default,0.7128,0.7360,0.3529,-0.0305,0.1000,0.4831,0.3530,boundary,low,1
default,0.7183,0.7428,0.3476,-0.0284,0.1000,0.4836,0.3931,boundary,low,1
default,0.7212,0.7469,0.3533,-0.0276,0.1000,0.4846,0.3761,boundary,low,1
default,0.7229,0.7493,0.3618,-0.0273,0.1000,0.4847,0.3412,boundary,low,1
default,0.7239,0.7510,0.3624,-0.0273,0.1493,0.4848,0.3412,boundary,low,1
default,0.7244,0.7524,0.3562,-0.0274,0.0000,0.4849,0.3723,boundary,low,1
default,0.7246,0.7532,0.3524,-0.0275,0.0000,0.4857,0.3917,boundary,low,1
default,0.7249,0.7540,0.3489,-0.0277,0.0000,0.4858,0.4091,boundary,boundary,0
default,0.7251,0.7548,0.3412,-0.0279,0.1497,0.4858,0.4463,boundary,boundary,0
default,0.7253,0.7554,0.3346,-0.0281,0.1498,0.4859,0.4783,boundary,boundary,0
default,0.7255,0.7561,0.3289,-0.0284,0.1498,0.4859,0.5059,boundary,boundary,0
default,0.7257,0.7566,0.3193,-0.0286,0.1497,0.4864,0.5508,boundary,boundary,0
default,0.7259,0.7571,0.3064,-0.0289,0.0000,0.4866,0.6094,boundary,boundary,0
default,0.7260,0.7576,0.2954,-0.0291,0.0000,0.4867,0.6581,boundary,boundary,0
default,0.7262,0.7580,0.2860,-0.0294,0.0000,0.4867,0.6981,boundary,boundary,0
default,0.7263,0.7584,0.2780,-0.0297,0.0000,0.4867,0.7306,boundary,boundary,0
default,0.7265,0.7588,0.2712,-0.0300,0.0000,0.4867,0.7568,boundary,boundary,0
default,0.7266,0.7591,0.2654,-0.0302,0.0000,0.4868,0.7775,boundary,boundary,0
default,0.7265,0.7592,0.2615,-0.0305,0.0000,0.4869,0.7901,boundary,boundary,0
default,0.7257,0.7592,0.2581,-0.0308,0.0000,0.4869,0.7994,boundary,boundary,0
default,0.7251,0.7593,0.2552,-0.0311,0.0000,0.4869,0.8068,boundary,boundary,0
default,0.7246,0.7593,0.2528,-0.0315,0.0000,0.4869,0.8123,boundary,boundary,0
default,0.7243,0.7595,0.2497,-0.0318,0.0000,0.4869,0.8194,high,high,0
default,0.7242,0.7598,0.2517,-0.0322,0.0000,0.4869,0.8166,boundary,boundary,0
default,0.7240,0.7600,0.2581,-0.0326,0.0000,0.4869,0.8022,boundary,boundary,0
default,0.7239,0.7602,0.2635,-0.0330,0.0000,0.4869,0.7872,boundary,boundary,0
default,0.7238,0.7604,0.2681,-0.0333,0.0000,0.4869,0.7727,boundary,boundary,0
default,0.7237,0.7605,0.2720,-0.0337,0.0000,0.4869,0.7594,boundary,boundary,0
default,0.7543,0.7764,0.1300,-0.0263,0.2662,0.4868,0.4485,high,boundary,1
default,0.7571,0.7769,0.1331,-0.0261,0.2772,0.4870,0.4597,high,high,0
default,0.7229,0.7482,0.3209,-0.0207,0.0000,0.4871,0.5250,boundary,boundary,0
default,0.7229,0.7544,0.3386,-0.0256,0.1500,0.4872,0.4576,boundary,boundary,0
default,0.7229,0.7576,0.3326,-0.0292,0.0000,0.4871,0.4910,boundary,boundary,0
default,0.7229,0.7593,0.3297,-0.0317,0.0000,0.4871,0.5076,boundary,boundary,0
default,0.7234,0.7608,0.3370,-0.0334,0.0000,0.4869,0.4758,boundary,boundary,0
default,0.7237,0.7617,0.3411,-0.0345,0.0000,0.4868,0.4578,boundary,boundary,0
default,0.7241,0.7625,0.3422,-0.0353,0.0000,0.4867,0.4535,boundary,boundary,0
default,0.7242,0.7627,0.3439,-0.0358,0.0000,0.4866,0.4459,boundary,boundary,0
default,0.7242,0.7628,0.3402,-0.0361,0.0000,0.4865,0.4635,boundary,boundary,0
default,0.7241,0.7628,0.3333,-0.0363,0.0000,0.4865,0.4962,boundary,boundary,0
default,0.7239,0.7628,0.3274,-0.0366,0.0000,0.4864,0.5238,boundary,boundary,0
default,0.7534,0.7756,0.1344,-0.0272,0.2676,0.4864,0.4699,high,high,0
default,0.7565,0.7760,0.1359,-0.0268,0.2748,0.4866,0.4731,high,high,0
default,0.7267,0.7537,0.2555,-0.0217,0.0000,0.4866,0.7814,boundary,boundary,0
default,0.7272,0.7607,0.2748,-0.0270,0.1500,0.4868,0.7499,boundary,boundary,0
default,0.7280,0.7649,0.2949,-0.0310,0.1000,0.4867,0.6775,boundary,boundary,0
default,0.7292,0.7682,0.3014,-0.0338,0.1500,0.4867,0.6542,boundary,boundary,0
default,0.7295,0.7697,0.3060,-0.0357,0.0000,0.4866,0.6353,boundary,boundary,0
default,0.7294,0.7702,0.3100,-0.0370,0.0000,0.4865,0.6171,boundary,boundary,0
default,0.7296,0.7709,0.3112,-0.0378,0.1499,0.4864,0.6126,boundary,boundary,0
default,0.7295,0.7710,0.3128,-0.0384,0.0000,0.4864,0.6050,boundary,boundary,0
default,0.7296,0.7712,0.3084,-0.0387,0.1485,0.4862,0.6261,boundary,boundary,0
default,0.7297,0.7714,0.3047,-0.0390,0.0000,0.4862,0.6441,boundary,boundary,0
default,0.7294,0.7712,0.2984,-0.0393,0.0000,0.4861,0.6732,boundary,boundary,0
default,0.7292,0.7711,0.2885,-0.0395,0.1489,0.4861,0.7191,boundary,boundary,0
default,0.7288,0.7708,0.2810,-0.0398,0.0000,0.4861,0.7520,boundary,boundary,0
default,0.7287,0.7708,0.2736,-0.0400,0.0000,0.4861,0.7838,boundary,boundary,0
default,0.7285,0.7707,0.2674,-0.0402,0.0000,0.4861,0.8094,boundary,boundary,0
default,0.7286,0.7708,0.2612,-0.0404,0.0000,0.4861,0.8333,boundary,boundary,0
default,0.7286,0.7709,0.2559,-0.0406,0.0000,0.4861,0.8518,boundary,boundary,0
default,0.7290,0.7713,0.2495,-0.0408,0.1500,0.4860,0.8718,high,high,0
default,0.7286,0.7710,0.2526,-0.0409,0.0000,0.4860,0.8626,boundary,boundary,0
default,0.7283,0.7707,0.2598,-0.0411,0.1500,0.4860,0.8382,boundary,boundary,0
default,0.7284,0.7708,0.2641,-0.0412,0.0000,0.4860,0.8226,boundary,boundary,0
default,0.7284,0.7709,0.2678,-0.0414,0.0000,0.4860,0.8085,boundary,boundary,0
default,0.7286,0.7711,0.2701,-0.0415,0.0000,0.4860,0.7994,boundary,boundary,0
default,0.7287,0.7712,0.2729,-0.0416,0.1489,0.4860,0.7881,boundary,boundary,0
default,0.7288,0.7713,0.2744,-0.0417,0.0000,0.4859,0.7818,boundary,boundary,0
default,0.7288,0.7714,0.2765,-0.0418,0.1499,0.4859,0.7729,boundary,boundary,0
default,0.7288,0.7714,0.2783,-0.0418,0.0000,0.4859,0.7652,boundary,boundary,0
default,0.7288,0.7715,0.2752,-0.0419,0.0000,0.4859,0.7790,boundary,boundary,0
default,0.7288,0.7715,0.2678,-0.0420,0.0000,0.4859,0.8099,boundary,boundary,0
default,0.7288,0.7715,0.2616,-0.0421,0.0000,0.4858,0.8344,boundary,boundary,0
default,0.7288,0.7716,0.2562,-0.0421,0.0000,0.4858,0.8533,boundary,boundary,0
default,0.7584,0.7800,0.1286,-0.0284,0.2662,0.4858,0.4389,high,boundary,1
default,0.7615,0.7800,0.1295,-0.0279,0.2726,0.4860,0.4385,high,boundary,1
default,0.7617,0.7801,0.1289,-0.0279,0.2650,0.4861,0.4355,high,boundary,1
default,0.7638,0.7803,0.1288,-0.0268,0.2701,0.4866,0.4320,high,boundary,1
default,0.7227,0.7504,0.2628,-0.0229,0.0000,0.4870,0.7491,boundary,boundary,0
default,0.7696,0.7800,0.1273,-0.0244,0.2841,0.4878,0.4147,high,boundary,1
default,0.7681,0.7805,0.1313,-0.0225,0.2767,0.4888,0.4360,high,boundary,1
default,0.7029,0.7995,0.1954,-0.0029,0.2734,0.4985,0.7640,high,high,0
default,0.7182,0.7966,0.1730,-0.0171,0.2683,0.4915,0.6829,high,high,0
default,0.3415,0.7815,0.2871,-0.3440,0.2395,0.4887,0.0000,low,low,0
default,0.7272,0.7948,0.1614,-0.0241,0.2860,0.4879,0.6282,high,high,0
default,0.7375,0.7881,0.1602,-0.0300,0.3230,0.4850,0.6174,high,high,0
default,0.7215,0.7261,0.4473,0.0032,0.1500,0.4846,0.0000,boundary,low,1
default,0.7249,0.7427,0.4605,-0.0063,0.1500,0.4843,0.0000,boundary,low,1
default,0.7264,0.7510,0.4692,-0.0136,0.1000,0.4840,0.0000,boundary,low,1
default,0.7270,0.7555,0.4590,-0.0188,0.1500,0.4837,0.0000,boundary,low,1
default,0.7282,0.7589,0.4528,-0.0224,0.1500,0.4827,0.0000,boundary,low,1
default,0.7276,0.7598,0.4469,-0.0248,0.1500,0.4830,0.0000,boundary,low,1
default,0.7272,0.7606,0.4431,-0.0265,0.1500,0.4838,0.0000,boundary,low,1
default,0.7276,0.7620,0.4310,-0.0277,0.1500,0.4839,0.0234,boundary,low,1
default,0.7582,0.7676,0.1440,-0.0286,0.3192,0.4857,0.4992,high,high,0
default,0.7579,0.7678,0.1430,-0.0282,0.2732,0.4859,0.4953,high,high,0
default,0.7574,0.7677,0.1414,-0.0274,0.2762,0.4863,0.4885,high,high,0
default,0.7571,0.7675,0.1411,-0.0269,0.2745,0.4865,0.4872,high,high,0
default,0.7569,0.7677,0.1401,-0.0266,0.2723,0.4867,0.4835,high,high,0
default,0.7547,0.7663,0.1378,-0.0233,0.2872,0.4883,0.4740,high,high,0
default,0.7129,0.7145,0.2651,-0.0026,0.0000,0.4892,0.5786,boundary,boundary,0
default,0.7190,0.7382,0.2835,-0.0101,0.0000,0.4893,0.6385,boundary,boundary,0
default,0.7226,0.7510,0.3026,-0.0174,0.1000,0.4889,0.6097,boundary,boundary,0
default,0.7246,0.7578,0.2995,-0.0229,0.0000,0.4883,0.6410,boundary,boundary,0
default,0.7257,0.7618,0.3087,-0.0269,0.0000,0.4878,0.6090,boundary,boundary,0
default,0.7263,0.7640,0.3231,-0.0296,0.0000,0.4874,0.5463,boundary,boundary,0
default,0.7540,0.7773,0.1360,-0.0252,0.2689,0.4874,0.4778,high,high,0
default,0.7576,0.7777,0.1396,-0.0253,0.2808,0.4874,0.4903,high,high,0
default,0.7265,0.7524,0.3813,-0.0205,0.0000,0.4874,0.2539,boundary,low,1
default,0.7643,0.7780,0.1453,-0.0240,0.2851,0.4880,0.5051,high,high,0
default,0.7242,0.7953,0.1647,-0.0223,0.2647,0.4889,0.6442,high,high,0
default,0.7402,0.7916,0.1439,-0.0333,0.2601,0.4833,0.5367,high,high,0
default,0.7240,0.7935,0.2003,-0.0221,0.2815,0.4890,0.8205,high,high,0
default,0.7377,0.7857,0.2027,-0.0325,0.2883,0.4838,0.8200,high,high,0
default,0.3445,0.7721,0.2920,-0.3308,0.2341,0.4820,0.0000,low,low,0
default,0.7458,0.7794,0.1718,-0.0362,0.3017,0.4819,0.6585,high,high,0
default,0.7490,0.7703,0.1634,-0.0345,0.3266,0.4827,0.6042,high,high,0
default,0.7493,0.7701,0.1659,-0.0343,0.2964,0.4829,0.6153,high,high,0
default,0.7029,0.7995,0.1954,-0.0029,0.2734,0.4985,0.7640,high,high,0
default,0.7029,0.7995,0.1955,-0.0029,0.2743,0.4985,0.7642,high,high,0
default,0.7270,0.7949,0.1618,-0.0237,0.2686,0.4882,0.6304,high,high,0
default,0.3415,0.7747,0.2909,-0.3392,0.2384,0.4832,0.0000,low,low,0
default,0.5159,0.7508,0.3955,-0.2923,0.1835,0.4821,0.0000,boundary,low,1
default,0.6051,0.7553,0.4070,-0.2355,0.1201,0.4827,0.0000,boundary,low,1
default,0.6505,0.7577,0.4001,-0.1906,0.1595,0.4838,0.0885,boundary,low,1
default,0.6760,0.7603,0.4016,-0.1587,0.1520,0.4848,0.1287,boundary,low,1
default,0.6906,0.7620,0.4072,-0.1369,0.0000,0.4857,0.1214,boundary,low,1
default,0.6993,0.7633,0.4132,-0.1223,0.0000,0.4864,0.1012,boundary,low,1
default,0.7046,0.7642,0.4115,-0.1129,0.0000,0.4868,0.1139,boundary,low,1
default,0.7076,0.7648,0.4119,-0.1073,0.0000,0.4870,0.1138,boundary,low,1
default,0.7103,0.7655,0.4075,-0.1021,0.1500,0.4871,0.1374,boundary,low,1
default,0.7126,0.7663,0.3989,-0.0973,0.1499,0.4870,0.1809,boundary,low,1
default,0.7147,0.7669,0.3914,-0.0928,0.0000,0.4870,0.2185,boundary,low,1
default,0.7160,0.7671,0.3876,-0.0886,0.0000,0.4870,0.2377,boundary,low,1
default,0.7172,0.7672,0.3796,-0.0847,0.0000,0.4870,0.2771,boundary,low,1
default,0.7186,0.7675,0.3662,-0.0812,0.0000,0.4869,0.3429,boundary,low,1
default,0.7199,0.7679,0.3501,-0.0778,0.0000,0.4869,0.4216,boundary,boundary,0
default,0.7542,0.7771,0.1358,-0.0263,0.2703,0.4869,0.4767,high,high,0
default,0.7545,0.7772,0.1350,-0.0263,0.2698,0.4868,0.4722,high,high,0
default,0.7582,0.7777,0.1332,-0.0258,0.2782,0.4871,0.4593,high,high,0
default,0.7240,0.7486,0.2597,-0.0189,0.0000,0.4874,0.7497,boundary,boundary,0
default,0.7257,0.7576,0.2772,-0.0247,0.1500,0.4875,0.7311,boundary,boundary,0
default,0.7576,0.7789,0.1321,-0.0251,0.2660,0.4874,0.4558,high,high,0
default,0.7579,0.7790,0.1313,-0.0251,0.2680,0.4874,0.4516,high,high,0
default,0.7582,0.7792,0.1305,-0.0252,0.2676,0.4874,0.4476,high,boundary,1
default,0.7584,0.7793,0.1299,-0.0252,0.2649,0.4874,0.4447,high,boundary,1
default,0.7613,0.7798,0.1331,-0.0247,0.2769,0.4877,0.4555,high,high,0
default,0.7615,0.7800,0.1324,-0.0247,0.2644,0.4877,0.4522,high,high,0
default,0.7631,0.7802,0.1357,-0.0238,0.2747,0.4881,0.4649,high,high,0
default,0.7256,0.7520,0.3547,-0.0212,0.0000,0.4883,0.3790,boundary,low,1
default,0.7274,0.7606,0.3527,-0.0266,0.1499,0.4883,0.4013,boundary,boundary,0
default,0.7283,0.7651,0.3658,-0.0306,0.0000,0.4881,0.3437,boundary,low,1
default,0.7586,0.7800,0.1398,-0.0240,0.2677,0.4880,0.4912,high,high,0
default,0.7588,0.7801,0.1388,-0.0240,0.2673,0.4880,0.4862,high,high,0
default,0.7590,0.7802,0.1379,-0.0241,0.2669,0.4879,0.4815,high,high,0
default,0.7592,0.7802,0.1370,-0.0242,0.2656,0.4879,0.4773,high,high,0
default,0.7615,0.7802,0.1406,-0.0241,0.2748,0.4880,0.4901,high,high,0
default,0.7277,0.7547,0.3670,-0.0219,0.1500,0.4880,0.3252,boundary,low,1
default,0.7297,0.7634,0.3542,-0.0272,0.0000,0.4878,0.3974,boundary,low,1
default,0.7297,0.7666,0.3666,-0.0311,0.0000,0.4876,0.3412,boundary,low,1
default,0.7297,0.7683,0.3726,-0.0337,0.0000,0.4874,0.3134,boundary,low,1
default,0.7296,0.7693,0.3649,-0.0355,0.0000,0.4872,0.3518,boundary,low,1
default,0.7296,0.7698,0.3513,-0.0367,0.0000,0.4871,0.4186,boundary,boundary,0
default,0.7296,0.7701,0.3433,-0.0374,0.0000,0.4869,0.4575,boundary,boundary,0
default,0.7303,0.7710,0.3353,-0.0379,0.0000,0.4867,0.4972,boundary,boundary,0
default,0.7307,0.7715,0.3305,-0.0382,0.1499,0.4865,0.5209,boundary,boundary,0
default,0.7311,0.7719,0.3217,-0.0385,0.0000,0.4864,0.5635,boundary,boundary,0
default,0.7314,0.7723,0.3142,-0.0387,0.0000,0.4863,0.5996,boundary,boundary,0
default,0.7562,0.7789,0.1383,-0.0276,0.2690,0.4862,0.4871,high,high,0
default,0.7594,0.7787,0.1356,-0.0272,0.2777,0.4864,0.4694,high,high,0
default,0.7254,0.7524,0.2537,-0.0221,0.1500,0.4867,0.7795,boundary,boundary,0
default,0.7291,0.7630,0.2628,-0.0274,0.1500,0.4867,0.7998,boundary,boundary,0
default,0.7309,0.7683,0.2670,-0.0314,0.1000,0.4866,0.8029,boundary,boundary,0
default,0.7318,0.7713,0.2690,-0.0342,0.1500,0.4864,0.8031,boundary,boundary,0
default,0.7323,0.7730,0.2700,-0.0362,0.1500,0.4863,0.8029,boundary,boundary,0
default,0.7326,0.7740,0.2706,-0.0375,0.1499,0.4862,0.8028,boundary,boundary,0
default,0.7573,0.7798,0.1373,-0.0277,0.2681,0.4861,0.4814,high,high,0
default,0.7605,0.7795,0.1367,-0.0273,0.2746,0.4863,0.4734,high,high,0
default,0.7244,0.7520,0.2944,-0.0227,0.1500,0.4866,0.6468,boundary,boundary,0
default,0.7259,0.7597,0.3098,-0.0277,0.0000,0.4867,0.5998,boundary,boundary,0
default,0.7266,0.7636,0.3027,-0.0314,0.0000,0.4867,0.6396,boundary,boundary,0
default,0.7579,0.7791,0.1340,-0.0267,0.2668,0.4867,0.4645,high,high,0
default,0.7581,0.7792,0.1332,-0.0267,0.2675,0.4866,0.4604,high,high,0
default,0.7608,0.7792,0.1357,-0.0263,0.2761,0.4869,0.4680,high,high,0
default,0.7238,0.7516,0.3636,-0.0230,0.1489,0.4871,0.3364,boundary,low,1
default,0.7593,0.7791,0.1373,-0.0259,0.2682,0.4870,0.4778,high,high,0
default,0.7595,0.7792,0.1364,-0.0260,0.2668,0.4870,0.4735,high,high,0
default,0.7596,0.7792,0.1357,-0.0260,0.2656,0.4870,0.4698,high,high,0
default,0.7617,0.7794,0.1374,-0.0255,0.2731,0.4872,0.4746,high,high,0
default,0.7260,0.7539,0.3428,-0.0229,0.0000,0.4874,0.4373,boundary,boundary,0
default,0.7299,0.7645,0.3370,-0.0281,0.0000,0.4872,0.4810,boundary,boundary,0
default,0.7283,0.7658,0.3488,-0.0319,0.1000,0.4871,0.4264,boundary,boundary,0
default,0.7582,0.7792,0.1373,-0.0259,0.2675,0.4870,0.4793,high,high,0
default,0.7601,0.7789,0.1424,-0.0259,0.2778,0.4871,0.4999,high,high,0
default,0.7281,0.7559,0.3767,-0.0228,0.1500,0.4871,0.2804,boundary,low,1
default,0.7314,0.7658,0.3681,-0.0280,0.0000,0.4869,0.3329,boundary,low,1
default,0.7644,0.7770,0.1465,-0.0253,0.2865,0.4874,0.5094,high,high,0
default,0.7322,0.7430,0.4254,0.0107,0.0000,0.4880,0.0305,boundary,low,1
default,0.7286,0.7575,0.4346,-0.0071,0.0000,0.4879,0.0016,boundary,low,1
default,0.7269,0.7649,0.4248,-0.0195,0.1500,0.4874,0.0556,boundary,low,1
default,0.7280,0.7739,0.3966,-0.0331,0.1499,0.4868,0.2001,boundary,low,1
default,0.7264,0.7726,0.3801,-0.0364,0.1500,0.4863,0.2807,boundary,low,1
default,0.7606,0.7747,0.1445,-0.0267,0.2902,0.4866,0.5054,high,high,0
default,0.7597,0.7748,0.1436,-0.0251,0.2740,0.4874,0.5025,high,high,0
default,0.7285,0.7367,0.3457,0.0114,0.1500,0.4877,0.3896,boundary,low,1
default,0.7244,0.7487,0.3637,-0.0047,0.1500,0.4875,0.3313,boundary,low,1
default,0.7211,0.7534,0.3635,-0.0157,0.1500,0.4872,0.3391,boundary,low,1
default,0.7194,0.7559,0.3634,-0.0229,0.0000,0.4871,0.3429,boundary,low,1
default,0.7202,0.7608,0.3461,-0.0310,0.1499,0.4866,0.4320,boundary,boundary,0
default,0.7204,0.7619,0.3538,-0.0331,0.1500,0.4862,0.3970,boundary,low,1
default,0.7198,0.7614,0.3513,-0.0344,0.0000,0.4858,0.4080,boundary,boundary,0
default,0.7190,0.7607,0.3474,-0.0351,0.0000,0.4856,0.4254,boundary,boundary,0
default,0.7188,0.7604,0.3418,-0.0357,0.0000,0.4854,0.4513,boundary,boundary,0
default,0.7183,0.7599,0.3338,-0.0363,0.0000,0.4852,0.4880,boundary,boundary,0
default,0.7566,0.7703,0.1359,-0.0284,0.2892,0.4858,0.4678,high,high,0
default,0.7565,0.7713,0.1353,-0.0265,0.2752,0.4868,0.4657,high,high,0
default,0.7234,0.7267,0.2994,0.0156,0.1500,0.4872,0.5452,boundary,boundary,0
default,0.7597,0.7709,0.1335,-0.0244,0.2879,0.4878,0.4524,high,high,0
default,0.7634,0.7707,0.1329,-0.0219,0.2778,0.4891,0.4436,high,boundary,1
default,0.7603,0.7722,0.1347,-0.0201,0.2804,0.4900,0.4583,high,high,0
default,0.7650,0.7733,0.1327,-0.0187,0.2810,0.4907,0.4429,high,boundary,1
default,0.7642,0.7738,0.1337,-0.0183,0.2659,0.4908,0.4489,high,boundary,1
default,0.7288,0.7375,0.3017,0.0111,0.1500,0.4909,0.5739,boundary,boundary,0
default,0.7233,0.7479,0.3325,-0.0050,0.1500,0.4908,0.4730,boundary,boundary,0
default,0.7207,0.7530,0.3323,-0.0159,0.1500,0.4907,0.4834,boundary,boundary,0
default,0.7195,0.7556,0.3322,-0.0229,0.1500,0.4907,0.4882,boundary,boundary,0
default,0.7189,0.7569,0.3213,-0.0275,0.1500,0.4906,0.5404,boundary,boundary,0
default,0.7186,0.7575,0.3059,-0.0303,0.1500,0.4898,0.6105,boundary,boundary,0
default,0.7195,0.7590,0.2969,-0.0322,0.1500,0.4897,0.6535,boundary,boundary,0
default,0.7200,0.7599,0.2915,-0.0333,0.1499,0.4896,0.6789,boundary,boundary,0
default,0.7203,0.7603,0.2883,-0.0340,0.1499,0.4887,0.6937,boundary,boundary,0
default,0.7210,0.7610,0.2836,-0.0346,0.1500,0.4880,0.7150,boundary,boundary,0
default,0.7211,0.7613,0.2769,-0.0352,0.0000,0.4877,0.7427,boundary,boundary,0
default,0.7217,0.7619,0.2693,-0.0357,0.1498,0.4870,0.7731,boundary,boundary,0
default,0.7221,0.7624,0.2628,-0.0361,0.0000,0.4865,0.7971,boundary,boundary,0
default,0.7229,0.7632,0.2554,-0.0365,0.1499,0.4862,0.8224,boundary,boundary,0
default,0.7231,0.7636,0.2510,-0.0369,0.0000,0.4859,0.8347,boundary,boundary,0
default,0.7237,0.7643,0.2453,-0.0373,0.0000,0.4857,0.8485,high,high,0
default,0.7244,0.7652,0.2471,-0.0376,0.0000,0.4854,0.8501,high,high,0
default,0.7254,0.7664,0.2467,-0.0380,0.0000,0.4854,0.8566,high,high,0
default,0.7258,0.7671,0.2483,-0.0383,0.0000,0.4854,0.8572,high,high,0
default,0.7256,0.7674,0.2528,-0.0387,0.0000,0.4852,0.8474,boundary,boundary,0
default,0.7260,0.7681,0.2581,-0.0390,0.0000,0.4850,0.8346,boundary,boundary,0
default,0.7263,0.7688,0.2627,-0.0393,0.0000,0.4850,0.8216,boundary,boundary,0
default,0.7266,0.7694,0.2665,-0.0397,0.0000,0.4849,0.8092,boundary,boundary,0
default,0.7268,0.7700,0.2698,-0.0400,0.0000,0.4848,0.7980,boundary,boundary,0
default,0.7270,0.7706,0.2726,-0.0404,0.1497,0.4848,0.7880,boundary,boundary,0
default,0.7272,0.7711,0.2703,-0.0407,0.0000,0.4847,0.7990,boundary,boundary,0
default,0.7274,0.7716,0.2683,-0.0411,0.0000,0.4847,0.8084,boundary,boundary,0
default,0.7275,0.7721,0.2667,-0.0414,0.0000,0.4847,0.8164,boundary,boundary,0
default,0.7274,0.7723,0.2661,-0.0418,0.0000,0.4847,0.8194,boundary,boundary,0
default,0.7275,0.7728,0.2601,-0.0421,0.0000,0.4846,0.8440,boundary,boundary,0
default,0.7276,0.7731,0.2550,-0.0425,0.0000,0.4846,0.8635,boundary,boundary,0
default,0.7277,0.7735,0.2507,-0.0428,0.0000,0.4846,0.8784,boundary,boundary,0
default,0.7274,0.7735,0.2489,-0.0431,0.0000,0.4846,0.8834,high,high,0
default,0.7275,0.7738,0.2502,-0.0435,0.0000,0.4846,0.8813,boundary,boundary,0
default,0.7276,0.7741,0.2559,-0.0438,0.0000,0.4845,0.8640,boundary,boundary,0
default,0.7281,0.7747,0.2588,-0.0440,0.0000,0.4845,0.8552,boundary,boundary,0
default,0.7281,0.7750,0.2633,-0.0443,0.0000,0.4845,0.8384,boundary,boundary,0
default,0.7281,0.7752,0.2670,-0.0446,0.0000,0.4845,0.8233,boundary,boundary,0
default,0.7586,0.7804,0.1335,-0.0311,0.2681,0.4845,0.4617,high,high,0
default,0.7593,0.7804,0.1340,-0.0311,0.2675,0.4845,0.4630,high,high,0
default,0.7238,0.7566,0.3105,-0.0265,0.1500,0.4845,0.5896,boundary,boundary,0
default,0.7270,0.7670,0.3260,-0.0325,0.0000,0.4845,0.5372,boundary,boundary,0
default,0.7262,0.7696,0.3287,-0.0369,0.0992,0.4845,0.5274,boundary,boundary,0
default,0.7258,0.7710,0.3176,-0.0398,0.0000,0.4845,0.5823,boundary,boundary,0
default,0.7266,0.7729,0.3074,-0.0418,0.0000,0.4845,0.6338,boundary,boundary,0
default,0.7270,0.7740,0.3017,-0.0431,0.0000,0.4846,0.6625,boundary,boundary,0
default,0.7280,0.7755,0.2951,-0.0439,0.0000,0.4846,0.6957,boundary,boundary,0
default,0.7283,0.7760,0.2928,-0.0445,0.1498,0.4846,0.7074,boundary,boundary,0
default,0.7283,0.7761,0.2875,-0.0448,0.0000,0.4846,0.7328,boundary,boundary,0
default,0.7283,0.7763,0.2829,-0.0452,0.0000,0.4846,0.7541,boundary,boundary,0
default,0.7283,0.7764,0.2744,-0.0455,0.0000,0.4846,0.7934,boundary,boundary,0
default,0.7586,0.7800,0.1333,-0.0309,0.2694,0.4845,0.4607,high,high,0
default,0.7590,0.7800,0.1331,-0.0309,0.2680,0.4846,0.4592,high,high,0
default,0.7213,0.7538,0.2619,-0.0264,0.1499,0.4846,0.7654,boundary,boundary,0
default,0.7246,0.7641,0.2751,-0.0323,0.0000,0.4846,0.7593,boundary,boundary,0
default,0.7271,0.7704,0.2769,-0.0367,0.0986,0.4846,0.7691,boundary,boundary,0
default,0.7280,0.7734,0.2795,-0.0397,0.1500,0.4846,0.7641,boundary,boundary,0
default,0.7289,0.7754,0.2794,-0.0418,0.1497,0.4845,0.7687,boundary,boundary,0
default,0.7293,0.7767,0.2793,-0.0432,0.1500,0.4845,0.7711,boundary,boundary,0
default,0.7296,0.7774,0.2793,-0.0441,0.0000,0.4844,0.7725,boundary,boundary,0
default,0.7298,0.7778,0.2793,-0.0447,0.0000,0.4843,0.7733,boundary,boundary,0
default,0.7299,0.7797,0.2746,-0.0452,0.0000,0.4841,0.7983,boundary,boundary,0
default,0.7298,0.7814,0.2713,-0.0458,0.0000,0.4838,0.8165,boundary,boundary,0
default,0.7293,0.7824,0.2664,-0.0466,0.0000,0.4836,0.8411,boundary,boundary,0
default,0.7294,0.7839,0.2590,-0.0474,0.0000,0.4836,0.8778,boundary,boundary,0
default,0.7293,0.7851,0.2540,-0.0482,0.0000,0.4835,0.9023,boundary,boundary,0
default,0.7294,0.7863,0.2485,-0.0491,0.0000,0.4834,0.9291,high,high,0
default,0.7296,0.7876,0.2479,-0.0500,0.0000,0.4834,0.9344,high,high,0
default,0.7297,0.7887,0.2479,-0.0509,0.0000,0.4833,0.9364,high,high,0
default,0.7297,0.7896,0.2486,-0.0518,0.0000,0.4833,0.9349,high,high,0
default,0.7297,0.7905,0.2485,-0.0527,0.0000,0.4833,0.9363,high,high,0
default,0.7293,0.7910,0.2507,-0.0536,0.0000,0.4833,0.9269,boundary,boundary,0
default,0.7288,0.7913,0.2582,-0.0545,0.0000,0.4831,0.8908,boundary,boundary,0
default,0.7608,0.7847,0.1342,-0.0339,0.2679,0.4830,0.4637,high,high,0
default,0.7636,0.7841,0.1372,-0.0335,0.2765,0.4832,0.4728,high,high,0
default,0.7246,0.7692,0.3226,-0.0347,0.1500,0.4833,0.5563,boundary,boundary,0
default,0.7246,0.7776,0.3274,-0.0430,0.0000,0.4835,0.5424,boundary,boundary,0
default,0.7246,0.7842,0.3295,-0.0496,0.0000,0.4836,0.5363,boundary,boundary,0
default,0.7246,0.7879,0.3306,-0.0544,0.1500,0.4837,0.5325,boundary,boundary,0
default,0.7251,0.7906,0.3287,-0.0577,0.1499,0.4837,0.5424,boundary,boundary,0
default,0.7250,0.7904,0.3297,-0.0597,0.1500,0.4836,0.5373,boundary,boundary,0
default,0.7249,0.7904,0.3225,-0.0608,0.0000,0.4836,0.5728,boundary,boundary,0
default,0.7254,0.7909,0.3157,-0.0615,0.0000,0.4836,0.6068,boundary,boundary,0
default,0.7255,0.7910,0.3078,-0.0619,0.1498,0.4836,0.6459,boundary,boundary,0
default,0.7256,0.7908,0.2964,-0.0623,0.1499,0.4835,0.7023,boundary,boundary,0
default,0.7257,0.7907,0.2867,-0.0625,0.1494,0.4835,0.7502,boundary,boundary,0
default,0.7256,0.7904,0.2795,-0.0628,0.0000,0.4835,0.7856,boundary,boundary,0
default,0.7259,0.7905,0.2715,-0.0629,0.0000,0.4835,0.8253,boundary,boundary,0
default,0.7259,0.7904,0.2656,-0.0631,0.0000,0.4834,0.8546,boundary,boundary,0
default,0.7263,0.7906,0.2589,-0.0632,0.1500,0.4834,0.8874,boundary,boundary,0
default,0.7261,0.7902,0.2559,-0.0633,0.0000,0.4834,0.9019,boundary,boundary,0
default,0.7263,0.7901,0.2515,-0.0633,0.0000,0.4834,0.9236,boundary,boundary,0
default,0.7265,0.7900,0.2477,-0.0634,0.0000,0.4833,0.9418,high,high,0
default,0.7267,0.7898,0.2491,-0.0633,0.0000,0.4833,0.9346,high,high,0
default,0.7266,0.7895,0.2512,-0.0633,0.1499,0.4833,0.9242,boundary,boundary,0
default,0.7264,0.7891,0.2587,-0.0632,0.1499,0.4834,0.8876,boundary,boundary,0
default,0.7267,0.7894,0.2624,-0.0632,0.0000,0.4833,0.8697,boundary,boundary,0
default,0.7270,0.7897,0.2655,-0.0631,0.1500,0.4833,0.8544,boundary,boundary,0
default,0.7271,0.7898,0.2690,-0.0631,0.0000,0.4833,0.8376,boundary,boundary,0
default,0.7272,0.7900,0.2719,-0.0631,0.0000,0.4833,0.8233,boundary,boundary,0
default,0.7271,0.7899,0.2752,-0.0630,0.1495,0.4832,0.8069,boundary,boundary,0
default,0.7271,0.7901,0.2772,-0.0630,0.0000,0.4832,0.7972,boundary,boundary,0
default,0.7272,0.7902,0.2789,-0.0630,0.0000,0.4832,0.7889,boundary,boundary,0
default,0.7273,0.7903,0.2803,-0.0630,0.0000,0.4831,0.7819,boundary,boundary,0
default,0.7273,0.7904,0.2768,-0.0630,0.0000,0.4831,0.7990,boundary,boundary,0
default,0.7280,0.7910,0.2710,-0.0630,0.0000,0.4831,0.8280,boundary,boundary,0
default,0.7284,0.7914,0.2670,-0.0630,0.0000,0.4831,0.8478,boundary,boundary,0
default,0.7279,0.7911,0.2674,-0.0630,0.0000,0.4830,0.8457,boundary,boundary,0
default,0.7279,0.7911,0.2659,-0.0631,0.0000,0.4830,0.8532,boundary,boundary,0
default,0.7279,0.7911,0.2646,-0.0631,0.0000,0.4830,0.8596,boundary,boundary,0
default,0.7278,0.7911,0.2635,-0.0631,0.0000,0.4829,0.8651,boundary,boundary,0
default,0.7278,0.7912,0.2579,-0.0631,0.0000,0.4829,0.8927,boundary,boundary,0
default,0.7278,0.7916,0.2531,-0.0632,0.0000,0.4829,0.9163,boundary,boundary,0
default,0.7278,0.7918,0.2491,-0.0633,0.0000,0.4828,0.9363,high,high,0
default,0.7278,0.7919,0.2503,-0.0634,0.0000,0.4828,0.9303,boundary,boundary,0
default,0.7279,0.7921,0.2553,-0.0634,0.0000,0.4828,0.9059,boundary,boundary,0
default,0.7280,0.7923,0.2642,-0.0635,0.0000,0.4828,0.8620,boundary,boundary,0
default,0.7276,0.7920,0.2744,-0.0636,0.1499,0.4829,0.8116,boundary,boundary,0
default,0.7272,0.7918,0.2830,-0.0637,0.0000,0.4829,0.7688,boundary,boundary,0
default,0.7272,0.7919,0.2885,-0.0638,0.0000,0.4829,0.7417,boundary,boundary,0
default,0.7273,0.7920,0.2931,-0.0639,0.0000,0.4829,0.7187,boundary,boundary,0
default,0.7275,0.7924,0.2964,-0.0640,0.0000,0.4829,0.7028,boundary,boundary,0
default,0.7279,0.7930,0.2979,-0.0641,0.1500,0.4829,0.6952,boundary,boundary,0
default,0.7275,0.7929,0.3030,-0.0642,0.0000,0.4828,0.6698,boundary,boundary,0
default,0.7276,0.7932,0.3047,-0.0644,0.0000,0.4828,0.6612,boundary,boundary,0
default,0.7278,0.7935,0.3062,-0.0645,0.1497,0.4827,0.6539,boundary,boundary,0
default,0.7279,0.7936,0.3075,-0.0646,0.1499,0.4826,0.6477,boundary,boundary,0
default,0.7280,0.7937,0.3085,-0.0647,0.0000,0.4826,0.6424,boundary,boundary,0
default,0.7281,0.7937,0.3094,-0.0648,0.0000,0.4826,0.6379,boundary,boundary,0
default,0.7675,0.7816,0.1362,-0.0334,0.2906,0.4833,0.4602,high,high,0
default,0.7669,0.7819,0.1381,-0.0312,0.2736,0.4844,0.4700,high,high,0
default,0.7266,0.7599,0.3435,-0.0127,0.0000,0.4854,0.4438,boundary,boundary,0
default,0.7265,0.7712,0.3353,-0.0255,0.1500,0.4854,0.4978,boundary,boundary,0
default,0.7203,0.7634,0.3313,-0.0317,0.1500,0.4854,0.5060,boundary,boundary,0
default,0.7217,0.7712,0.3425,-0.0370,0.0000,0.4852,0.4625,boundary,boundary,0
default,0.7234,0.7765,0.3449,-0.0410,0.1500,0.4847,0.4557,boundary,boundary,0
default,0.7248,0.7800,0.3451,-0.0439,0.1500,0.4844,0.4572,boundary,boundary,0
default,0.7256,0.7819,0.3452,-0.0457,0.0000,0.4841,0.4578,boundary,boundary,0
default,0.7262,0.7830,0.3400,-0.0469,0.0000,0.4840,0.4842,boundary,boundary,0
default,0.7266,0.7842,0.3362,-0.0479,0.0000,0.4836,0.5035,boundary,boundary,0
default,0.7271,0.7854,0.3276,-0.0490,0.0000,0.4832,0.5462,boundary,boundary,0
default,0.7275,0.7864,0.3203,-0.0499,0.0000,0.4829,0.5825,boundary,boundary,0
default,0.7675,0.7826,0.1336,-0.0332,0.2922,0.4834,0.4486,high,boundary,1
default,0.7675,0.7825,0.1328,-0.0312,0.2678,0.4844,0.4449,high,boundary,1
default,0.7362,0.7564,0.2437,-0.0003,0.1499,0.4850,0.8071,high,high,0
default,0.7323,0.7687,0.2661,-0.0165,0.1500,0.4850,0.8064,boundary,boundary,0
default,0.7305,0.7750,0.2761,-0.0277,0.1499,0.4850,0.7823,boundary,boundary,0
default,0.7296,0.7786,0.2810,-0.0352,0.1499,0.4851,0.7666,boundary,boundary,0
default,0.7305,0.7822,0.2779,-0.0401,0.1500,0.4849,0.7863,boundary,boundary,0
default,0.7290,0.7822,0.2941,-0.0434,0.1500,0.4847,0.7083,boundary,boundary,0
default,0.7277,0.7814,0.3136,-0.0455,0.0000,0.4845,0.6130,boundary,boundary,0
default,0.7275,0.7814,0.3221,-0.0467,0.0000,0.4843,0.5711,boundary,boundary,0
default,0.7272,0.7812,0.3236,-0.0475,0.0000,0.4843,0.5636,boundary,boundary,0
default,0.7270,0.7810,0.3249,-0.0481,0.0000,0.4843,0.5572,boundary,boundary,0
default,0.7267,0.7808,0.3213,-0.0487,0.0000,0.4843,0.5746,boundary,boundary,0
default,0.7265,0.7806,0.3183,-0.0492,0.0000,0.4843,0.5894,boundary,boundary,0
default,0.7264,0.7804,0.3157,-0.0497,0.0000,0.4843,0.6019,boundary,boundary,0
default,0.7262,0.7802,0.3135,-0.0501,0.0000,0.4843,0.6125,boundary,boundary,0
default,0.7261,0.7801,0.3069,-0.0505,0.0000,0.4843,0.6443,boundary,boundary,0
default,0.7259,0.7800,0.2967,-0.0509,0.0000,0.4842,0.6938,boundary,boundary,0
default,0.7260,0.7801,0.2870,-0.0512,0.0000,0.4842,0.7407,boundary,boundary,0
default,0.7029,0.7995,0.1955,-0.0029,0.2725,0.4985,0.7643,high,high,0
default,0.7247,0.7954,0.1624,-0.0222,0.2666,0.4889,0.6332,high,high,0
default,0.7405,0.7918,0.1437,-0.0332,0.2588,0.4834,0.5353,high,high,0
default,0.7248,0.7953,0.1653,-0.0222,0.2686,0.4889,0.6474,high,high,0
default,0.7273,0.7928,0.2131,-0.0215,0.3774,0.4893,0.8846,high,high,0
default,0.7289,0.7920,0.2085,-0.0229,0.2875,0.4886,0.8609,high,high,0
default,0.7417,0.7855,0.1755,-0.0317,0.4060,0.4842,0.6861,high,high,0
default,0.5343,0.7523,0.3370,-0.2330,0.1695,0.4827,0.0000,boundary,low,1
default,0.7029,0.7995,0.1958,-0.0029,0.2703,0.4985,0.7654,high,high,0
default,0.7074,0.7987,0.1890,-0.0073,0.2713,0.4963,0.7454,high,high,0
default,0.7247,0.7952,0.1659,-0.0222,0.2681,0.4889,0.6506,high,high,0
default,0.7037,0.7993,0.1942,-0.0037,0.2723,0.4981,0.7610,high,high,0
default,0.7029,0.7995,0.1954,-0.0029,0.2734,0.4985,0.7640,high,high,0
default,0.7212,0.7960,0.1642,-0.0202,0.2604,0.4899,0.6409,high,high,0
default,0.7245,0.7954,0.1633,-0.0223,0.2658,0.4889,0.6374,high,high,0
default,0.7329,0.7936,0.1519,-0.0284,0.2638,0.4858,0.5802,high,high,0
default,0.3415,0.7790,0.2883,-0.3414,0.2389,0.4821,0.0000,low,low,0
default,0.5160,0.7663,0.3840,-0.3004,0.1854,0.4820,0.0000,low,low,0
default,0.5984,0.7580,0.3913,-0.2441,0.1221,0.4818,0.0000,boundary,low,1
default,0.6405,0.7534,0.3823,-0.1982,0.1613,0.4817,0.1379,boundary,low,1
default,0.6633,0.7513,0.3928,-0.1651,0.1536,0.4816,0.1387,boundary,low,1
default,0.6764,0.7500,0.4032,-0.1423,0.1500,0.4815,0.1105,boundary,low,1
default,0.6841,0.7494,0.4020,-0.1269,0.1500,0.4815,0.1254,boundary,low,1
default,0.6921,0.7556,0.4013,-0.1174,0.1500,0.4814,0.1445,boundary,low,1
default,0.6967,0.7589,0.3977,-0.1118,0.1500,0.4814,0.1695,boundary,low,1
default,0.7008,0.7621,0.3944,-0.1068,0.1500,0.4814,0.1918,boundary,low,1
default,0.7038,0.7645,0.3895,-0.1022,0.1500,0.4814,0.2200,boundary,low,1
default,0.7066,0.7670,0.3843,-0.0980,0.1500,0.4814,0.2491,boundary,low,1
default,0.7090,0.7692,0.3798,-0.0942,0.1500,0.4814,0.2744,boundary,low,1
default,0.7108,0.7709,0.3730,-0.0908,0.1500,0.4814,0.3095,boundary,low,1
default,0.7126,0.7727,0.3662,-0.0877,0.1500,0.4814,0.3451,boundary,low,1
default,0.7146,0.7747,0.3581,-0.0850,0.1500,0.4814,0.3870,boundary,low,1
default,0.7166,0.7768,0.3501,-0.0825,0.1500,0.4815,0.4285,boundary,boundary,0
default,0.7029,0.7995,0.1955,-0.0029,0.2725,0.4985,0.7643,high,high,0
default,0.7263,0.7949,0.1623,-0.0238,0.2650,0.4881,0.6329,high,high,0
default,0.3415,0.7888,0.2833,-0.3501,0.2410,0.4831,0.0000,low,low,0
default,0.5178,0.7726,0.3790,-0.3072,0.1870,0.4828,0.0000,low,low,0
default,0.6010,0.7606,0.3863,-0.2481,0.1231,0.4816,0.0181,boundary,low,1
default,0.7265,0.7950,0.1708,-0.0219,0.2811,0.4890,0.6746,high,high,0
default,0.7299,0.7942,0.1667,-0.0243,0.2816,0.4879,0.6541,high,high,0
default,0.3415,0.7689,0.2943,-0.3373,0.2379,0.4872,0.0000,low,low,0
default,0.5225,0.7806,0.4123,-0.3016,0.1857,0.4858,0.0000,low,low,0
default,0.6099,0.7874,0.4149,-0.2520,0.1240,0.4846,0.0000,boundary,low,1
default,0.6529,0.7892,0.4035,-0.2115,0.1145,0.4838,0.0950,boundary,low,1
default,0.6768,0.7903,0.4045,-0.1821,0.1076,0.4832,0.1313,boundary,low,1
default,0.6900,0.7905,0.3983,-0.1617,0.1528,0.4829,0.1774,boundary,low,1
default,0.6978,0.7906,0.3895,-0.1479,0.1500,0.4826,0.2281,boundary,low,1
default,0.7025,0.7906,0.3810,-0.1390,0.1500,0.4824,0.2734,boundary,low,1
default,0.7028,0.7995,0.1953,-0.0029,0.2655,0.4985,0.7630,high,high,0
default,0.7028,0.7995,0.1953,-0.0029,0.2655,0.4985,0.7630,high,high,0
default,0.7028,0.7995,0.1953,-0.0029,0.2655,0.4985,0.7630,high,high,0
default,0.7028,0.7995,0.1953,-0.0029,0.2655,0.4985,0.7630,high,high,0
default,0.7028,0.7995,0.1953,-0.0029,0.2655,0.4985,0.7630,high,high,0
default,0.7028,0.7995,0.1953,-0.0029,0.2655,0.4985,0.7630,high,high,0
default,0.7028,0.7995,0.1953,-0.0029,0.2655,0.4985,0.7630,high,high,0
default,0.7028,0.7995,0.1953,-0.0029,0.2655,0.4985,0.7630,high,high,0
default,0.7028,0.7995,0.1953,-0.0029,0.2655,0.4985,0.7630,high,high,0
default,0.7244,0.7953,0.1640,-0.0223,0.2652,0.4889,0.6410,high,high,0
default,0.7240,0.7952,0.1666,-0.0223,0.2646,0.4888,0.6539,high,high,0
default,0.7404,0.7913,0.1454,-0.0333,0.2635,0.4834,0.5437,high,high,0
default,0.3417,0.8042,0.2749,-0.3605,0.2433,0.4813,0.0000,low,low,0
default,0.5200,0.7841,0.3726,-0.3171,0.1893,0.4815,0.0000,low,low,0
default,0.5791,0.7847,0.4395,-0.2725,0.1288,0.4816,0.0000,boundary,low,1
default,0.7028,0.7995,0.1953,-0.0029,0.2655,0.4985,0.7630,high,high,0
default,0.7028,0.7995,0.1953,-0.0029,0.2655,0.4985,0.7630,high,high,0
default,0.7028,0.7995,0.1953,-0.0029,0.2655,0.4985,0.7630,high,high,0
default,0.7028,0.7995,0.1953,-0.0029,0.2655,0.4985,0.7630,high,high,0
default,0.7028,0.7995,0.1953,-0.0029,0.2655,0.4985,0.7630,high,high,0
default,0.7028,0.7995,0.1953,-0.0029,0.2655,0.4985,0.7630,high,high,0
default,0.7028,0.7995,0.1953,-0.0029,0.2655,0.4985,0.7630,high,high,0
default,0.7028,0.7995,0.1953,-0.0029,0.2655,0.4985,0.7630,high,high,0
default,0.7028,0.7995,0.1953,-0.0029,0.2655,0.4985,0.7630,high,high,0
default,0.7028,0.7995,0.1953,-0.0029,0.2655,0.4985,0.7630,high,high,0
default,0.7028,0.7995,0.1953,-0.0029,0.2655,0.4985,0.7630,high,high,0
default,0.7028,0.7995,0.1953,-0.0029,0.2655,0.4985,0.7630,high,high,0
default,0.7028,0.7995,0.1953,-0.0029,0.2655,0.4985,0.7630,high,high,0
default,0.7028,0.7995,0.1953,-0.0029,0.2655,0.4985,0.7630,high,high,0
default,0.7028,0.7995,0.1953,-0.0029,0.2655,0.4985,0.7630,high,high,0
default,0.7028,0.7995,0.1953,-0.0029,0.2655,0.4985,0.7630,high,high,0
default,0.7028,0.7995,0.1953,-0.0029,0.2655,0.4985,0.7630,high,high,0
default,0.7028,0.7995,0.1953,-0.0029,0.2655,0.4985,0.7630,high,high,0
default,0.7028,0.7995,0.1953,-0.0029,0.2655,0.4985,0.7630,high,high,0
default,0.7028,0.7995,0.1953,-0.0029,0.2655,0.4985,0.7630,high,high,0
default,0.7028,0.7995,0.1953,-0.0029,0.2655,0.4985,0.7630,high,high,0
default,0.7028,0.7995,0.1953,-0.0029,0.2655,0.4985,0.7630,high,high,0
default,0.7028,0.7995,0.1953,-0.0029,0.2655,0.4985,0.7630,high,high,0
default,0.7028,0.7995,0.1953,-0.0029,0.2655,0.4985,0.7630,high,high,0
default,0.7028,0.7995,0.1953,-0.0029,0.2655,0.4985,0.7630,high,high,0
default,0.7028,0.7995,0.1953,-0.0029,0.2655,0.4985,0.7630,high,high,0
default,0.7028,0.7995,0.1953,-0.0029,0.2655,0.4985,0.7630,high,high,0
default,0.7028,0.7995,0.1953,-0.0029,0.2655,0.4985,0.7630,high,high,0
default,0.7028,0.7995,0.1953,-0.0029,0.2655,0.4985,0.7630,high,high,0
default,0.7028,0.7995,0.1953,-0.0029,0.2655,0.4985,0.7630,high,high,0
default,0.7028,0.7995,0.1953,-0.0029,0.2655,0.4985,0.7630,high,high,0
default,0.7028,0.7995,0.1953,-0.0029,0.2655,0.4985,0.7630,high,high,0
default,0.7028,0.7995,0.1953,-0.0029,0.2655,0.4985,0.7630,high,high,0
default,0.7247,0.7954,0.1624,-0.0222,0.2666,0.4889,0.6332,high,high,0
default,0.7267,0.7950,0.1598,-0.0237,0.2658,0.4881,0.6202,high,high,0
default,0.3414,0.7731,0.2915,-0.3369,0.2379,0.4874,0.0000,low,low,0
default,0.5155,0.7609,0.3888,-0.2957,0.1843,0.4831,0.0000,boundary,low,1
default,0.5986,0.7542,0.3939,-0.2397,0.1211,0.4820,0.0000,boundary,low,1
default,0.6409,0.7496,0.3839,-0.1938,0.1603,0.4824,0.1279,boundary,low,1
default,0.6703,0.7617,0.3884,-0.1631,0.1531,0.4826,0.1817,boundary,low,1
default,0.6871,0.7687,0.3956,-0.1427,0.0000,0.4827,0.1785,boundary,low,1
default,0.6971,0.7731,0.3923,-0.1294,0.0000,0.4835,0.2074,boundary,low,1
default,0.7032,0.7756,0.3929,-0.1208,0.0000,0.4835,0.2109,boundary,low,1
default,0.7067,0.7771,0.3947,-0.1158,0.0000,0.4836,0.2052,boundary,low,1
default,0.7097,0.7785,0.3914,-0.1111,0.0000,0.4837,0.2241,boundary,low,1
default,0.7124,0.7799,0.3837,-0.1067,0.0000,0.4837,0.2640,boundary,low,1
default,0.7148,0.7813,0.3769,-0.1027,0.0000,0.4838,0.2986,boundary,low,1
default,0.7168,0.7825,0.3711,-0.0990,0.0000,0.4838,0.3287,boundary,low,1
default,0.7187,0.7837,0.3614,-0.0956,0.0000,0.4839,0.3778,boundary,low,1
default,0.7203,0.7847,0.3483,-0.0925,0.0000,0.4839,0.4429,boundary,boundary,0
default,0.7217,0.7857,0.3372,-0.0896,0.0000,0.4843,0.4986,boundary,boundary,0
default,0.7221,0.7858,0.3273,-0.0870,0.0000,0.4844,0.5475,boundary,boundary,0
default,0.7231,0.7864,0.3109,-0.0847,0.0000,0.4847,0.6286,boundary,boundary,0
default,0.7233,0.7864,0.3003,-0.0825,0.0000,0.4850,0.6813,boundary,boundary,0
default,0.7235,0.7864,0.2912,-0.0806,0.0000,0.4852,0.7261,boundary,boundary,0
default,0.7236,0.7864,0.2834,-0.0788,0.0000,0.4854,0.7641,boundary,boundary,0
default,0.7238,0.7864,0.2768,-0.0772,0.0000,0.4855,0.7965,boundary,boundary,0
default,0.7242,0.7865,0.2701,-0.0757,0.0000,0.4855,0.8292,boundary,boundary,0
default,0.7243,0.7865,0.2655,-0.0743,0.0000,0.4855,0.8516,boundary,boundary,0
default,0.7244,0.7865,0.2615,-0.0731,0.0000,0.4856,0.8706,boundary,boundary,0
default,0.7245,0.7865,0.2581,-0.0720,0.0000,0.4856,0.8866,boundary,boundary,0
default,0.7246,0.7864,0.2553,-0.0710,0.0000,0.4856,0.9000,boundary,boundary,0
default,0.7247,0.7866,0.2528,-0.0701,0.0000,0.4857,0.9117,boundary,boundary,0
default,0.7028,0.7995,0.1953,-0.0029,0.2655,0.4985,0.7630,high,high,0
default,0.7028,0.7995,0.1953,-0.0029,0.2655,0.4985,0.7630,high,high,0
default,0.7239,0.7952,0.1663,-0.0223,0.2636,0.4888,0.6521,high,high,0
default,0.7402,0.7915,0.1435,-0.0334,0.2616,0.4833,0.5347,high,high,0
default,0.7029,0.7995,0.1954,-0.0029,0.2734,0.4985,0.7640,high,high,0
default,0.7268,0.7950,0.1600,-0.0237,0.2669,0.4881,0.6215,high,high,0
default,0.3415,0.7665,0.2953,-0.3336,0.2371,0.4874,0.0000,low,low,0
default,0.5150,0.7566,0.3949,-0.2922,0.1835,0.4868,0.0000,boundary,low,1
default,0.5970,0.7494,0.4033,-0.2363,0.1203,0.4862,0.0000,boundary,low,1
default,0.6387,0.7454,0.3944,-0.1909,0.1596,0.4857,0.0734,boundary,low,1
default,0.6614,0.7433,0.4048,-0.1582,0.1519,0.4842,0.0716,boundary,low,1
default,0.6802,0.7535,0.4103,-0.1370,0.1500,0.4822,0.0868,boundary,low,1
default,0.6903,0.7587,0.4103,-0.1233,0.1500,0.4821,0.1033,boundary,low,1
default,0.6967,0.7620,0.4116,-0.1146,0.1500,0.4820,0.1059,boundary,low,1
default,0.7007,0.7639,0.4076,-0.1095,0.1500,0.4822,0.1299,boundary,low,1
default,0.7036,0.7654,0.4019,-0.1047,0.1500,0.4823,0.1607,boundary,low,1
default,0.7062,0.7668,0.3922,-0.1003,0.1500,0.4823,0.2105,boundary,low,1
default,0.7084,0.7681,0.3838,-0.0962,0.1500,0.4824,0.2536,boundary,low,1
default,0.7103,0.7694,0.3766,-0.0925,0.1500,0.4825,0.2909,boundary,low,1
default,0.7120,0.7708,0.3656,-0.0891,0.1500,0.4832,0.3460,boundary,low,1
default,0.7028,0.7995,0.1953,-0.0029,0.2655,0.4985,0.7630,high,high,0
default,0.7028,0.7995,0.1953,-0.0029,0.2655,0.4985,0.7630,high,high,0
default,0.7028,0.7995,0.1953,-0.0029,0.2655,0.4985,0.7630,high,high,0
default,0.7028,0.7995,0.1953,-0.0029,0.2655,0.4985,0.7630,high,high,0
default,0.7028,0.7995,0.1953,-0.0029,0.2655,0.4985,0.7630,high,high,0
default,0.7028,0.7995,0.1953,-0.0029,0.2655,0.4985,0.7630,high,high,0
default,0.7028,0.7995,0.1953,-0.0029,0.2655,0.4985,0.7630,high,high,0
default,0.7028,0.7995,0.1953,-0.0029,0.2655,0.4985,0.7630,high,high,0
default,0.7028,0.7995,0.1953,-0.0029,0.2655,0.4985,0.7630,high,high,0
default,0.7028,0.7995,0.1953,-0.0029,0.2655,0.4985,0.7630,high,high,0
default,0.7028,0.7995,0.1953,-0.0029,0.2655,0.4985,0.7630,high,high,0
default,0.7028,0.7995,0.1953,-0.0029,0.2655,0.4985,0.7630,high,high,0
default,0.7028,0.7995,0.1953,-0.0029,0.2655,0.4985,0.7630,high,high,0
default,0.7028,0.7995,0.1953,-0.0029,0.2655,0.4985,0.7630,high,high,0
default,0.7028,0.7995,0.1953,-0.0029,0.2655,0.4985,0.7630,high,high,0
default,0.7028,0.7995,0.1953,-0.0029,0.2655,0.4985,0.7630,high,high,0
default,0.7028,0.7995,0.1953,-0.0029,0.2655,0.4985,0.7630,high,high,0
default,0.7028,0.7995,0.1953,-0.0029,0.2655,0.4985,0.7630,high,high,0
default,0.7028,0.7995,0.1953,-0.0029,0.2655,0.4985,0.7630,high,high,0
default,0.7028,0.7995,0.1953,-0.0029,0.2655,0.4985,0.7630,high,high,0
default,0.7029,0.7995,0.1955,-0.0029,0.2725,0.4985,0.7643,high,high,0
default,0.7028,0.7995,0.1953,-0.0029,0.2655,0.4985,0.7630,high,high,0
default,0.7028,0.7995,0.1953,-0.0029,0.2655,0.4985,0.7630,high,high,0
default,0.7028,0.7995,0.1953,-0.0029,0.2655,0.4985,0.7630,high,high,0
default,0.7028,0.7995,0.1953,-0.0029,0.2655,0.4985,0.7630,high,high,0
default,0.7028,0.7995,0.1953,-0.0029,0.2655,0.4985,0.7630,high,high,0
default,0.7028,0.7995,0.1941,-0.0029,0.2652,0.4985,0.7580,high,high,0
default,0.7028,0.7995,0.1941,-0.0029,0.2652,0.4985,0.7580,high,high,0
default,0.7254,0.7938,0.1936,-0.0219,0.2866,0.4890,0.7878,high,high,0
default,0.7028,0.7995,0.1941,-0.0029,0.2652,0.4985,0.7580,high,high,0
default,0.7028,0.7995,0.1941,-0.0029,0.2652,0.4985,0.7580,high,high,0
default,0.7028,0.7995,0.1941,-0.0029,0.2652,0.4985,0.7580,high,high,0
default,0.7028,0.7995,0.1941,-0.0029,0.2652,0.4985,0.7580,high,high,0
default,0.7028,0.7995,0.1941,-0.0029,0.2652,0.4985,0.7580,high,high,0
default,0.7028,0.7995,0.1941,-0.0029,0.2652,0.4985,0.7580,high,high,0
default,0.7028,0.7995,0.1941,-0.0029,0.2652,0.4985,0.7580,high,high,0
default,0.7028,0.7995,0.1941,-0.0029,0.2652,0.4985,0.7580,high,high,0
default,0.7027,0.7995,0.1965,-0.0029,0.2644,0.4985,0.7683,high,high,0
default,0.7028,0.7995,0.1941,-0.0029,0.2652,0.4985,0.7580,high,high,0
default,0.7028,0.7995,0.1941,-0.0029,0.2652,0.4985,0.7580,high,high,0
default,0.7028,0.7995,0.1941,-0.0029,0.2652,0.4985,0.7580,high,high,0
default,0.7028,0.7995,0.1941,-0.0029,0.2652,0.4985,0.7580,high,high,0
default,0.7028,0.7995,0.1941,-0.0029,0.2652,0.4985,0.7580,high,high,0
default,0.7028,0.7995,0.1941,-0.0029,0.2652,0.4985,0.7580,high,high,0
default,0.7028,0.7995,0.1941,-0.0029,0.2652,0.4985,0.7580,high,high,0
default,0.7028,0.7995,0.1941,-0.0029,0.2652,0.4985,0.7580,high,high,0
default,0.7028,0.7995,0.1941,-0.0029,0.2652,0.4985,0.7580,high,high,0
default,0.7028,0.7995,0.1941,-0.0029,0.2652,0.4985,0.7580,high,high,0
default,0.7028,0.7995,0.1941,-0.0029,0.2652,0.4985,0.7580,high,high,0
default,0.7028,0.7995,0.1941,-0.0029,0.2652,0.4985,0.7580,high,high,0
default,0.7028,0.7995,0.1941,-0.0029,0.2652,0.4985,0.7580,high,high,0
default,0.7028,0.7995,0.1941,-0.0029,0.2652,0.4985,0.7580,high,high,0
default,0.7028,0.7995,0.1941,-0.0029,0.2652,0.4985,0.7580,high,high,0
default,0.7028,0.7995,0.1941,-0.0029,0.2652,0.4985,0.7580,high,high,0
default,0.7028,0.7995,0.1941,-0.0029,0.2652,0.4985,0.7580,high,high,0
default,0.7028,0.7995,0.1941,-0.0029,0.2652,0.4985,0.7580,high,high,0
default,0.7028,0.7995,0.1941,-0.0029,0.2652,0.4985,0.7580,high,high,0
default,0.7028,0.7995,0.1941,-0.0029,0.2652,0.4985,0.7580,high,high,0
default,0.7242,0.7957,0.1572,-0.0223,0.2608,0.4888,0.6073,high,high,0
default,0.7414,0.7930,0.1285,-0.0334,0.2572,0.4833,0.4604,high,high,0
default,0.3417,0.8045,0.2747,-0.3601,0.2431,0.4811,0.0000,low,low,0
default,0.5174,0.7883,0.3631,-0.3199,0.1900,0.4811,0.0000,low,low,0
default,0.7580,0.7878,0.1236,-0.0378,0.2691,0.4811,0.4188,high,boundary,1
default,0.7605,0.7858,0.1261,-0.0369,0.2848,0.4816,0.4266,high,boundary,1
default,0.7616,0.7854,0.1264,-0.0366,0.2722,0.4817,0.4262,high,boundary,1
default,0.7638,0.7823,0.1295,-0.0334,0.2904,0.4833,0.4362,high,boundary,1
default,0.7186,0.7313,0.5007,0.0070,0.1503,0.4848,0.0000,boundary,low,1
default,0.7152,0.7440,0.4937,-0.0091,0.0000,0.4849,0.0000,boundary,low,1
default,0.7618,0.7799,0.1305,-0.0299,0.2697,0.4850,0.4425,high,boundary,1
default,0.7630,0.7792,0.1301,-0.0295,0.2706,0.4852,0.4383,high,boundary,1
default,0.7630,0.7776,0.1279,-0.0268,0.2773,0.4866,0.4273,high,boundary,1
default,0.7246,0.7217,0.4213,0.0217,0.0000,0.4871,0.0170,boundary,low,1
default,0.7210,0.7328,0.4217,0.0067,0.0000,0.4876,0.0336,boundary,low,1
default,0.7215,0.7387,0.4075,-0.0029,0.0000,0.4878,0.1094,boundary,low,1
default,0.7218,0.7432,0.4004,-0.0094,0.0000,0.4880,0.1497,boundary,low,1
default,0.7236,0.7481,0.3856,-0.0139,0.1500,0.4882,0.2271,boundary,low,1
default,0.7674,0.7774,0.1154,-0.0219,0.2894,0.4890,0.3620,high,low,1
default,0.7728,0.7775,0.1129,-0.0186,0.2777,0.4907,0.3414,high,low,1
default,0.7706,0.7793,0.1123,-0.0161,0.2685,0.4919,0.3435,high,low,1
default,0.7752,0.7811,0.1128,-0.0143,0.2662,0.4929,0.3387,high,low,1
default,0.7789,0.7816,0.1097,-0.0120,0.2690,0.4940,0.3176,high,low,1
default,0.7748,0.7836,0.1151,-0.0108,0.2714,0.4946,0.3509,high,low,1
default,0.7428,0.7361,0.2788,0.0260,0.1500,0.4941,0.6376,boundary,boundary,0
default,0.7418,0.7489,0.2656,0.0111,0.1500,0.4932,0.7254,boundary,boundary,0
default,0.7347,0.7489,0.2926,0.0010,0.1500,0.4922,0.6426,boundary,boundary,0
default,0.7311,0.7493,0.3182,-0.0057,0.0000,0.4914,0.5391,boundary,boundary,0
default,0.7750,0.7853,0.1130,-0.0172,0.2675,0.4914,0.3417,high,low,1
default,0.7794,0.7838,0.1113,-0.0151,0.2694,0.4924,0.3252,high,low,1
default,0.7777,0.7839,0.1119,-0.0142,0.2571,0.4929,0.3310,high,low,1
default,0.7811,0.7821,0.1231,-0.0118,0.2962,0.4941,0.3739,high,low,1
default,0.7786,0.7847,0.1301,-0.0101,0.2837,0.4949,0.4115,high,boundary,1
default,0.7558,0.7459,0.3149,0.0295,0.1500,0.4947,0.5225,boundary,boundary,0
default,0.7548,0.7645,0.3251,0.0118,0.1500,0.4939,0.5169,boundary,boundary,0
default,0.7543,0.7747,0.3268,-0.0011,0.1000,0.4927,0.5222,boundary,boundary,0
default,0.7764,0.7870,0.1373,-0.0151,0.2808,0.4925,0.4492,high,boundary,1
default,0.7761,0.7873,0.1377,-0.0149,0.2538,0.4926,0.4516,high,high,0
default,0.7558,0.7580,0.2817,0.0187,0.1500,0.4924,0.6800,boundary,boundary,0
default,0.7548,0.7758,0.2969,0.0008,0.1500,0.4922,0.6577,boundary,boundary,0
default,0.7028,0.7995,0.1941,-0.0029,0.2652,0.4985,0.7580,high,high,0
default,0.7028,0.7995,0.1941,-0.0029,0.2652,0.4985,0.7580,high,high,0
default,0.7028,0.7995,0.1941,-0.0029,0.2652,0.4985,0.7580,high,high,0
default,0.7028,0.7995,0.1941,-0.0029,0.2652,0.4985,0.7580,high,high,0
Sentinel,0.7028,0.7995,0.1946,-0.0029,0.2641,0.4985,0.7187,high,high,0
default,0.7028,0.7995,0.1941,-0.0029,0.2652,0.4985,0.7580,high,high,0
default,0.7028,0.7995,0.1941,-0.0029,0.2652,0.4985,0.7580,high,high,0
default,0.7028,0.7995,0.1964,-0.0029,0.2683,0.4985,0.7680,high,high,0
default,0.7028,0.7995,0.1941,-0.0029,0.2652,0.4985,0.7580,high,high,0
default,0.7028,0.7995,0.1941,-0.0029,0.2652,0.4985,0.7580,high,high,0
default,0.7028,0.7995,0.1941,-0.0029,0.2652,0.4985,0.7580,high,high,0
Sentinel,0.7028,0.7995,0.1946,-0.0029,0.2641,0.4985,0.7187,high,high,0
Sentinel,0.7253,0.7953,0.1541,-0.0240,0.2554,0.4880,0.7249,high,high,0
Sentinel,0.3419,0.8705,0.2431,-0.4338,0.2604,0.4828,0.0000,low,low,0
default,0.7055,0.7990,0.1898,-0.0057,0.2669,0.4972,0.7455,high,high,0
default,0.7028,0.7995,0.1941,-0.0029,0.2652,0.4985,0.7580,high,high,0
default,0.7028,0.7995,0.1941,-0.0029,0.2652,0.4985,0.7580,high,high,0
default,0.7028,0.7995,0.1941,-0.0029,0.2652,0.4985,0.7580,high,high,0
default,0.7028,0.7995,0.1941,-0.0029,0.2652,0.4985,0.7580,high,high,0
default,0.7028,0.7995,0.1941,-0.0029,0.2652,0.4985,0.7580,high,high,0
default,0.7028,0.7995,0.1941,-0.0029,0.2652,0.4985,0.7580,high,high,0
default,0.7028,0.7995,0.1941,-0.0029,0.2652,0.4985,0.7580,high,high,0
default,0.7028,0.7995,0.1941,-0.0029,0.2652,0.4985,0.7580,high,high,0
default,0.7028,0.7995,0.1941,-0.0029,0.2652,0.4985,0.7580,high,high,0
default,0.7028,0.7995,0.1941,-0.0029,0.2652,0.4985,0.7580,high,high,0
default,0.7028,0.7995,0.1941,-0.0029,0.2652,0.4985,0.7580,high,high,0
default,0.7028,0.7995,0.1941,-0.0029,0.2652,0.4985,0.7580,high,high,0
default,0.7028,0.7995,0.1941,-0.0029,0.2652,0.4985,0.7580,high,high,0
default,0.7028,0.7995,0.1941,-0.0029,0.2652,0.4985,0.7580,high,high,0
default,0.7241,0.7956,0.1576,-0.0224,0.2605,0.4888,0.6094,high,high,0
default,0.7028,0.7995,0.1941,-0.0029,0.2652,0.4985,0.7580,high,high,0
default,0.7029,0.7995,0.1947,-0.0029,0.2696,0.4985,0.7606,high,high,0
default,0.7167,0.7971,0.1689,-0.0156,0.2680,0.4922,0.6615,high,high,0
default,0.3417,0.8496,0.2489,-0.3826,0.2484,0.4908,0.0000,low,low,0
default,0.5262,0.8183,0.3389,-0.3418,0.1951,0.4891,0.0000,low,low,0
default,0.6003,0.7880,0.4306,-0.2802,0.1306,0.4859,0.0000,boundary,low,1
default,0.6402,0.7715,0.4390,-0.2281,0.1684,0.4844,0.0000,boundary,low,1
default,0.6631,0.7633,0.4345,-0.1897,0.1593,0.4835,0.0000,boundary,low,1
default,0.6768,0.7589,0.4362,-0.1628,0.1530,0.4826,0.0000,boundary,low,1
default,0.6853,0.7565,0.4295,-0.1445,0.1500,0.4831,0.0046,boundary,low,1
default,0.7028,0.7995,0.1941,-0.0029,0.2652,0.4985,0.7580,high,high,0
default,0.7028,0.7995,0.1941,-0.0029,0.2652,0.4985,0.7580,high,high,0
default,0.7055,0.7990,0.1892,-0.0054,0.2719,0.4973,0.7428,high,high,0
default,0.7193,0.7967,0.1639,-0.0178,0.2667,0.4911,0.6385,high,high,0
default,0.3415,0.7747,0.2909,-0.3392,0.2384,0.4854,0.0000,low,low,0
default,0.7373,0.7940,0.1414,-0.0302,0.2879,0.4849,0.5260,high,high,0
default,0.7028,0.7995,0.1941,-0.0029,0.2652,0.4985,0.7580,high,high,0
default,0.7249,0.7958,0.1538,-0.0223,0.2632,0.4889,0.5903,high,high,0
default,0.7269,0.7955,0.1504,-0.0238,0.2632,0.4881,0.5735,high,high,0
default,0.3415,0.7747,0.2909,-0.3392,0.2384,0.4874,0.0000,low,low,0
default,0.5232,0.7632,0.3885,-0.2946,0.1840,0.4855,0.0000,boundary,low,1
default,0.6092,0.7569,0.3965,-0.2358,0.1202,0.4845,0.0003,boundary,low,1
default,0.6531,0.7542,0.3876,-0.1887,0.1591,0.4824,0.1447,boundary,low,1
default,0.6769,0.7537,0.3981,-0.1551,0.1512,0.4823,0.1390,boundary,low,1
default,0.6905,0.7538,0.4086,-0.1322,0.1500,0.4829,0.1064,boundary,low,1
default,0.6985,0.7543,0.4074,-0.1169,0.1500,0.4831,0.1197,boundary,low,1
default,0.7033,0.7547,0.4093,-0.1071,0.1500,0.4842,0.1149,boundary,low,1
default,0.7062,0.7551,0.4072,-0.1013,0.1500,0.4852,0.1270,boundary,low,1
default,0.7087,0.7557,0.4005,-0.0958,0.0000,0.4860,0.1609,boundary,low,1
default,0.7616,0.7746,0.1262,-0.0262,0.3029,0.4869,0.4192,high,boundary,1
default,0.7622,0.7750,0.1218,-0.0234,0.2788,0.4883,0.3982,high,low,1
default,0.7348,0.7256,0.3385,0.0252,0.0000,0.4891,0.3915,boundary,low,1
default,0.7342,0.7379,0.3363,0.0122,0.1500,0.4892,0.4322,boundary,boundary,0
default,0.7352,0.7456,0.3307,0.0031,0.1500,0.4892,0.4742,boundary,boundary,0
default,0.7323,0.7463,0.3417,-0.0028,0.0000,0.4892,0.4276,boundary,boundary,0
default,0.7309,0.7459,0.3474,-0.0065,0.1500,0.4891,0.4015,boundary,boundary,0
default,0.7301,0.7456,0.3504,-0.0087,0.0000,0.4890,0.3871,boundary,low,1
default,0.7297,0.7454,0.3521,-0.0101,0.0000,0.4889,0.3789,boundary,low,1
default,0.7295,0.7457,0.3531,-0.0110,0.0000,0.4889,0.3748,boundary,low,1
default,0.7294,0.7457,0.3490,-0.0116,0.0000,0.4888,0.3937,boundary,low,1
default,0.7686,0.7781,0.1104,-0.0209,0.2853,0.4895,0.3372,high,low,1
default,0.7683,0.7788,0.1109,-0.0188,0.2624,0.4906,0.3403,high,low,1
default,0.7728,0.7787,0.1080,-0.0171,0.2711,0.4914,0.3194,high,low,1
default,0.7726,0.7788,0.1080,-0.0169,0.2540,0.4916,0.3200,high,low,1
default,0.7367,0.7154,0.2629,0.0373,0.1500,0.4921,0.5887,boundary,boundary,0
default,0.7331,0.7292,0.2786,0.0223,0.1500,0.4922,0.6178,boundary,boundary,0
default,0.7314,0.7346,0.2857,0.0121,0.1500,0.4918,0.6190,boundary,boundary,0
default,0.7655,0.7827,0.1079,-0.0165,0.2496,0.4918,0.3324,high,low,1
default,0.7730,0.7816,0.1107,-0.0161,0.2719,0.4919,0.3329,high,low,1
default,0.7728,0.7824,0.1109,-0.0154,0.2560,0.4923,0.3346,high,low,1
default,0.7395,0.7193,0.3279,0.0365,0.1500,0.4924,0.4129,boundary,boundary,0
default,0.7380,0.7350,0.3451,0.0214,0.1500,0.4923,0.3858,boundary,low,1
default,0.7373,0.7449,0.3529,0.0098,0.1500,0.4922,0.3726,boundary,low,1
default,0.7369,0.7545,0.3566,0.0002,0.1500,0.4915,0.3717,boundary,low,1
default,0.7347,0.7579,0.3565,-0.0068,0.1500,0.4906,0.3779,boundary,low,1
default,0.7657,0.7867,0.1190,-0.0189,0.2541,0.4905,0.3856,high,low,1
default,0.7699,0.7881,0.1168,-0.0200,0.2720,0.4900,0.3689,high,low,1
default,0.7702,0.7884,0.1155,-0.0201,0.2574,0.4900,0.3624,high,low,1
default,0.7711,0.7881,0.1156,-0.0201,0.2515,0.4899,0.3610,high,low,1
default,0.7782,0.7858,0.1099,-0.0188,0.2834,0.4906,0.3213,high,low,1
default,0.7764,0.7856,0.1081,-0.0169,0.2616,0.4915,0.3163,high,low,1
default,0.7373,0.7226,0.2543,0.0317,0.0000,0.4918,0.6342,boundary,boundary,0
default,0.7335,0.7325,0.2742,0.0179,0.1500,0.4917,0.6431,boundary,boundary,0
default,0.7318,0.7380,0.2832,0.0082,0.0000,0.4913,0.6396,boundary,boundary,0
default,0.7333,0.7431,0.2775,0.0019,0.0000,0.4912,0.6765,boundary,boundary,0
default,0.7341,0.7465,0.2745,-0.0024,0.1499,0.4912,0.6981,boundary,boundary,0
default,0.7346,0.7486,0.2728,-0.0053,0.1499,0.4910,0.7109,boundary,boundary,0
default,0.7750,0.7841,0.1134,-0.0176,0.2699,0.4912,0.3429,high,low,1
default,0.7784,0.7826,0.1173,-0.0155,0.2686,0.4923,0.3538,high,low,1
default,0.7780,0.7828,0.1178,-0.0152,0.2496,0.4924,0.3569,high,low,1
default,0.7463,0.7300,0.3491,0.0328,0.1500,0.4927,0.3514,boundary,low,1
default,0.7362,0.7370,0.3838,0.0177,0.1500,0.4929,0.2162,boundary,low,1
default,0.7315,0.7399,0.3995,0.0073,0.0000,0.4929,0.1492,boundary,low,1
default,0.7290,0.7417,0.4071,0.0003,0.0000,0.4924,0.1160,boundary,low,1
default,0.7277,0.7421,0.4002,-0.0041,0.0000,0.4923,0.1493,boundary,low,1
default,0.7270,0.7423,0.3964,-0.0069,0.0000,0.4917,0.1677,boundary,low,1
default,0.7722,0.7809,0.1141,-0.0165,0.2798,0.4918,0.3501,high,low,1
default,0.7706,0.7806,0.1141,-0.0155,0.2600,0.4923,0.3523,high,low,1
default,0.7332,0.7131,0.3229,0.0360,0.0000,0.4922,0.4142,boundary,boundary,0
default,0.7294,0.7277,0.3240,0.0206,0.1500,0.4917,0.4569,boundary,boundary,0
default,0.7276,0.7353,0.3106,0.0093,0.1500,0.4913,0.5329,boundary,boundary,0
default,0.7266,0.7397,0.3164,0.0015,0.1500,0.4906,0.5223,boundary,boundary,0
default,0.7276,0.7425,0.3304,-0.0034,0.1500,0.4899,0.4703,boundary,boundary,0
default,0.7683,0.7823,0.1117,-0.0203,0.2674,0.4899,0.3459,high,low,1
default,0.7685,0.7821,0.1123,-0.0202,0.2572,0.4899,0.3483,high,low,1
default,0.7374,0.7154,0.3655,0.0375,0.1500,0.4900,0.2506,boundary,low,1
default,0.7336,0.7269,0.3765,0.0236,0.0000,0.4900,0.2308,boundary,low,1
default,0.7318,0.7326,0.3814,0.0138,0.0000,0.4901,0.2204,boundary,low,1
default,0.7308,0.7364,0.3714,0.0070,0.0000,0.4900,0.2737,boundary,low,1
default,0.7303,0.7387,0.3770,0.0024,0.0000,0.4900,0.2520,boundary,low,1
default,0.7299,0.7401,0.3801,-0.0007,0.0000,0.4899,0.2402,boundary,low,1
default,0.7297,0.7417,0.3742,-0.0030,0.0000,0.4896,0.2706,boundary,low,1
default,0.7296,0.7436,0.3706,-0.0046,0.1500,0.4892,0.2904,boundary,low,1
default,0.7295,0.7446,0.3638,-0.0057,0.1500,0.4888,0.3237,boundary,low,1
default,0.7728,0.7813,0.1098,-0.0214,0.2916,0.4893,0.3291,high,low,1
default,0.7781,0.7809,0.1065,-0.0183,0.2783,0.4909,0.3045,high,low,1
default,0.7781,0.7856,0.1045,-0.0159,0.2678,0.4921,0.2968,high,low,1
default,0.7592,0.7457,0.2884,0.0300,0.0000,0.4923,0.6145,boundary,boundary,0
default,0.7582,0.7604,0.2942,0.0155,0.1500,0.4922,0.6344,boundary,boundary,0
default,0.7578,0.7723,0.2802,0.0035,0.1000,0.4918,0.7129,boundary,boundary,0
default,0.7577,0.7789,0.2839,-0.0051,0.1500,0.4914,0.7091,boundary,boundary,0
default,0.7576,0.7841,0.2953,-0.0115,0.1500,0.4905,0.6664,boundary,boundary,0
default,0.7576,0.7871,0.3007,-0.0160,0.1500,0.4897,0.6447,boundary,boundary,0
default,0.7575,0.7896,0.3031,-0.0192,0.1500,0.4889,0.6349,boundary,boundary,0
default,0.7575,0.7910,0.2978,-0.0214,0.0000,0.4882,0.6586,boundary,boundary,0
default,0.7575,0.7922,0.2944,-0.0227,0.0000,0.4877,0.6738,boundary,boundary,0
default,0.7575,0.7932,0.2866,-0.0240,0.0000,0.4874,0.7076,boundary,boundary,0
default,0.7575,0.7948,0.2750,-0.0253,0.0000,0.4873,0.7543,boundary,boundary,0
default,0.7574,0.7962,0.2651,-0.0267,0.0000,0.4869,0.7903,boundary,boundary,0
default,0.7573,0.7981,0.2518,-0.0281,0.0000,0.4864,0.8272,boundary,boundary,0
default,0.7572,0.8000,0.2358,-0.0296,0.0000,0.4860,0.8438,high,high,0
default,0.7571,0.8024,0.2267,-0.0311,0.0000,0.4857,0.8344,high,high,0
default,0.7570,0.8046,0.2236,-0.0328,0.0000,0.4853,0.8267,high,high,0
default,0.7569,0.8072,0.2209,-0.0345,0.0000,0.4849,0.8174,high,high,0
default,0.7567,0.8096,0.2186,-0.0364,0.0000,0.4846,0.8081,high,high,0
default,0.7566,0.8125,0.2166,-0.0383,0.0000,0.4844,0.7975,high,high,0
default,0.7565,0.8151,0.2148,-0.0404,0.0000,0.4842,0.7874,high,high,0
default,0.7885,0.8047,0.1241,-0.0303,0.2770,0.4848,0.3617,high,low,1
default,0.7883,0.8056,0.1286,-0.0282,0.2564,0.4859,0.3812,high,low,1
default,0.7574,0.8055,0.2619,-0.0220,0.1500,0.4860,0.7921,boundary,boundary,0
default,0.7564,0.8232,0.2487,-0.0422,0.1500,0.4862,0.7819,high,high,0
default,0.7559,0.8321,0.2427,-0.0558,0.1000,0.4863,0.7569,high,high,0
default,0.7556,0.8371,0.2398,-0.0648,0.1500,0.4863,0.7390,high,high,0
default,0.7555,0.8397,0.2382,-0.0706,0.1500,0.4860,0.7289,high,high,0
default,0.7886,0.8046,0.1337,-0.0274,0.2703,0.4863,0.4023,high,boundary,1
default,0.7878,0.8053,0.1361,-0.0260,0.2529,0.4870,0.4143,high,boundary,1
default,0.7576,0.8063,0.2746,-0.0227,0.1500,0.4871,0.7477,boundary,boundary,0
default,0.7895,0.8030,0.1373,-0.0246,0.2605,0.4877,0.4160,high,boundary,1
default,0.7877,0.8041,0.1380,-0.0233,0.2522,0.4883,0.4231,high,boundary,1
default,0.7579,0.8061,0.2916,-0.0222,0.1500,0.4883,0.6787,boundary,boundary,0
default,0.7570,0.8237,0.2945,-0.0423,0.1500,0.4879,0.6418,boundary,boundary,0
default,0.7873,0.8027,0.1419,-0.0241,0.2656,0.4880,0.4410,high,boundary,1
default,0.7861,0.8037,0.1405,-0.0234,0.2518,0.4883,0.4379,high,boundary,1
default,0.7582,0.8063,0.2961,-0.0222,0.1500,0.4883,0.6586,boundary,boundary,0
default,0.7573,0.8231,0.2967,-0.0418,0.1500,0.4879,0.6333,boundary,boundary,0
default,0.7569,0.8314,0.2970,-0.0549,0.1000,0.4873,0.6147,boundary,boundary,0
default,0.7567,0.8357,0.2847,-0.0633,0.1500,0.4866,0.6484,boundary,boundary,0
default,0.7565,0.8381,0.2782,-0.0688,0.1500,0.4860,0.6619,boundary,boundary,0
default,0.7564,0.8394,0.2746,-0.0723,0.1500,0.4858,0.6684,boundary,boundary,0
default,0.7564,0.8402,0.2725,-0.0746,0.1472,0.4853,0.6715,boundary,boundary,0
default,0.7563,0.8407,0.2713,-0.0761,0.0000,0.4849,0.6734,boundary,boundary,0
default,0.7563,0.8409,0.2705,-0.0770,0.0000,0.4848,0.6747,boundary,boundary,0
default,0.7562,0.8411,0.2652,-0.0777,0.0000,0.4845,0.6870,boundary,boundary,0
default,0.7561,0.8413,0.2560,-0.0785,0.0000,0.4843,0.7043,boundary,boundary,0
default,0.7560,0.8415,0.2482,-0.0792,0.0000,0.4842,0.7141,high,high,0
default,0.7559,0.8418,0.2462,-0.0798,0.0000,0.4841,0.7150,high,high,0
default,0.7559,0.8421,0.2399,-0.0805,0.0000,0.4844,0.7176,high,high,0
default,0.7480,0.8359,0.2687,-0.0812,0.1500,0.4850,0.7147,boundary,boundary,0
default,0.7482,0.8358,0.2590,-0.0819,0.0000,0.4851,0.7383,boundary,boundary,0
default,0.7485,0.8358,0.2555,-0.0824,0.1500,0.4849,0.7452,boundary,boundary,0
default,0.7487,0.8357,0.2524,-0.0829,0.1500,0.4847,0.7500,boundary,boundary,0
default,0.7489,0.8357,0.2498,-0.0833,0.0000,0.4845,0.7535,high,high,0
default,0.7490,0.8357,0.2523,-0.0836,0.0000,0.4842,0.7496,boundary,boundary,0
default,0.7492,0.8357,0.2590,-0.0839,0.0000,0.4840,0.7370,boundary,boundary,0
default,0.7493,0.8356,0.2601,-0.0841,0.0000,0.4838,0.7346,boundary,boundary,0
default,0.7494,0.8355,0.2657,-0.0843,0.0000,0.4836,0.7215,boundary,boundary,0
default,0.7495,0.8353,0.2751,-0.0845,0.1500,0.4836,0.6950,boundary,boundary,0
default,0.7495,0.8352,0.2784,-0.0846,0.0000,0.4836,0.6847,boundary,boundary,0
default,0.7496,0.8351,0.2766,-0.0847,0.0000,0.4835,0.6910,boundary,boundary,0
default,0.7496,0.8349,0.2797,-0.0848,0.0000,0.4835,0.6812,boundary,boundary,0
default,0.7497,0.8348,0.2870,-0.0848,0.0000,0.4834,0.6561,boundary,boundary,0
default,0.7497,0.8347,0.2886,-0.0848,0.0000,0.4834,0.6508,boundary,boundary,0
default,0.7497,0.8346,0.2899,-0.0848,0.0000,0.4834,0.6461,boundary,boundary,0
default,0.7497,0.8345,0.2910,-0.0848,0.0000,0.4834,0.6422,boundary,boundary,0
default,0.7435,0.7944,0.1371,-0.0331,0.3280,0.4835,0.5007,high,high,0
default,0.7283,0.7929,0.1362,-0.0380,0.3083,0.4810,0.5033,high,high,0
default,0.4075,0.7690,0.2633,-0.3012,0.0356,0.4777,0.0000,low,low,0
default,0.4007,0.7809,0.2646,-0.3368,0.0439,0.4767,0.0000,low,low,0
default,0.7042,0.7858,0.1355,-0.0539,0.3166,0.4731,0.4869,high,high,0
default,0.7027,0.7852,0.1356,-0.0553,0.2832,0.4724,0.4852,high,high,0
default,0.3711,0.7565,0.2678,-0.3273,0.0634,0.4691,0.0000,low,low,0
default,0.7028,0.7995,0.1941,-0.0029,0.2652,0.4985,0.7580,high,high,0
default,0.7029,0.7995,0.1972,-0.0029,0.2738,0.4985,0.7714,high,high,0
default,0.7251,0.7945,0.1682,-0.0239,0.2617,0.4881,0.6620,high,high,0
default,0.7028,0.7995,0.1941,-0.0029,0.2652,0.4985,0.7580,high,high,0
default,0.7027,0.7995,0.1988,-0.0029,0.2649,0.4985,0.7778,high,high,0
default,0.7028,0.7995,0.1948,-0.0029,0.2653,0.4985,0.7612,high,high,0
default,0.7028,0.7995,0.1948,-0.0029,0.2653,0.4985,0.7612,high,high,0
default,0.7028,0.7995,0.1940,-0.0029,0.2651,0.4985,0.7574,high,high,0
default,0.7028,0.7995,0.1940,-0.0029,0.2651,0.4985,0.7574,high,high,0
default,0.7028,0.7995,0.1940,-0.0029,0.2651,0.4985,0.7574,high,high,0
default,0.7028,0.7995,0.1940,-0.0029,0.2651,0.4985,0.7574,high,high,0
default,0.7028,0.7995,0.1940,-0.0029,0.2651,0.4985,0.7574,high,high,0
default,0.7028,0.7995,0.1940,-0.0029,0.2651,0.4985,0.7574,high,high,0
default,0.7028,0.7995,0.1940,-0.0029,0.2651,0.4985,0.7574,high,high,0
default,0.7028,0.7995,0.1940,-0.0029,0.2651,0.4985,0.7574,high,high,0
default,0.7028,0.7995,0.1940,-0.0029,0.2651,0.4985,0.7574,high,high,0
default,0.7028,0.7995,0.1940,-0.0029,0.2651,0.4985,0.7574,high,high,0
default,0.7028,0.7995,0.1940,-0.0029,0.2651,0.4985,0.7574,high,high,0
default,0.7028,0.7995,0.1940,-0.0029,0.2651,0.4985,0.7574,high,high,0
default,0.7028,0.7995,0.1940,-0.0029,0.2651,0.4985,0.7574,high,high,0
default,0.7028,0.7995,0.1940,-0.0029,0.2651,0.4985,0.7574,high,high,0
default,0.7028,0.7995,0.1940,-0.0029,0.2651,0.4985,0.7574,high,high,0
default,0.7028,0.7995,0.1940,-0.0029,0.2651,0.4985,0.7574,high,high,0
default,0.7028,0.7995,0.1940,-0.0029,0.2651,0.4985,0.7574,high,high,0
default,0.7028,0.7995,0.1940,-0.0029,0.2651,0.4985,0.7574,high,high,0
default,0.7028,0.7995,0.1940,-0.0029,0.2651,0.4985,0.7574,high,high,0
default,0.7028,0.7995,0.1940,-0.0029,0.2651,0.4985,0.7574,high,high,0
default,0.7079,0.7984,0.1945,-0.0082,0.2666,0.4959,0.7718,high,high,0
default,0.7028,0.7995,0.1947,-0.0029,0.2687,0.4985,0.7606,high,high,0
default,0.7028,0.7995,0.1946,-0.0029,0.2640,0.4985,0.7603,high,high,0
default,0.7079,0.7985,0.1876,-0.0082,0.2624,0.4959,0.7399,high,high,0
default,0.7226,0.7948,0.1800,-0.0222,0.3443,0.4889,0.7196,high,high,0
default,0.5720,0.8192,0.2493,-0.2813,0.1809,0.4834,0.2218,boundary,low,1
default,0.6200,0.8134,0.3035,-0.2417,0.1716,0.4810,0.3689,boundary,low,1
default,0.7037,0.7993,0.1946,-0.0039,0.2640,0.4981,0.7623,high,high,0
default,0.7256,0.7940,0.1757,-0.0244,0.2653,0.4878,0.6993,high,high,0
default,0.3442,0.7539,0.3078,-0.3576,0.2407,0.4831,0.0000,low,low,0
default,0.4929,0.7458,0.4424,-0.3105,0.1878,0.4820,0.0000,low,low,0
default,0.7507,0.7679,0.2289,-0.0336,0.6347,0.4832,0.8217,boundary,boundary,0
default,0.7028,0.7995,0.1956,-0.0029,0.2655,0.4985,0.7644,high,high,0
default,0.7041,0.7994,0.2006,-0.0032,0.4690,0.4984,0.7890,boundary,boundary,0
default,0.7249,0.7937,0.1781,-0.0239,0.2614,0.4880,0.7109,high,high,0
default,0.3463,0.7724,0.2898,-0.3127,0.2285,0.4829,0.0000,low,low,0
default,0.5921,0.7755,0.3354,-0.2477,0.1230,0.4805,0.1684,boundary,low,1
default,0.6728,0.7843,0.3460,-0.1788,0.1568,0.4814,0.3937,boundary,low,1
default,0.6887,0.7881,0.3550,-0.1589,0.0021,0.4818,0.3827,boundary,low,1
default,0.6991,0.7918,0.3519,-0.1457,0.0000,0.4822,0.4118,boundary,boundary,0
default,0.7059,0.7946,0.3520,-0.1371,0.0000,0.4827,0.4182,boundary,boundary,0
default,0.7099,0.7961,0.3532,-0.1320,0.0000,0.4827,0.4153,boundary,boundary,0
default,0.7138,0.7981,0.3495,-0.1273,0.0000,0.4830,0.4354,boundary,boundary,0
default,0.7173,0.8002,0.3418,-0.1228,0.0000,0.4832,0.4749,boundary,boundary,0
default,0.7206,0.8023,0.3398,-0.1187,0.0000,0.4834,0.4849,boundary,boundary,0
default,0.7235,0.8045,0.3381,-0.1150,0.0000,0.4835,0.4928,boundary,boundary,0
default,0.7262,0.8065,0.3320,-0.1115,0.0000,0.4836,0.5217,boundary,boundary,0
default,0.7287,0.8085,0.3268,-0.1083,0.0000,0.4836,0.5455,boundary,boundary,0
default,0.7309,0.8103,0.3271,-0.1054,0.0000,0.4837,0.5423,boundary,boundary,0
default,0.7329,0.8121,0.3226,-0.1028,0.0000,0.4838,0.5616,boundary,boundary,0
default,0.7347,0.8137,0.3142,-0.1004,0.0000,0.4839,0.5995,boundary,boundary,0
default,0.7364,0.8153,0.3070,-0.0983,0.0000,0.4840,0.6304,boundary,boundary,0
default,0.7379,0.8169,0.3009,-0.0963,0.0000,0.4840,0.6552,boundary,boundary,0
default,0.7392,0.8183,0.2910,-0.0946,0.0000,0.4841,0.6958,boundary,boundary,0
default,0.7405,0.8197,0.2780,-0.0931,0.0000,0.4842,0.7464,boundary,boundary,0
default,0.7416,0.8210,0.2669,-0.0917,0.0000,0.4842,0.7827,boundary,boundary,0
default,0.7765,0.8018,0.1194,-0.0315,0.2459,0.4842,0.3680,high,low,1
default,0.7804,0.8030,0.1190,-0.0303,0.2552,0.4849,0.3578,high,low,1
default,0.7523,0.7974,0.1759,-0.0193,0.0000,0.4849,0.6731,high,high,0
default,0.7512,0.8182,0.1899,-0.0407,0.1500,0.4851,0.7115,high,high,0
default,0.7528,0.8291,0.2103,-0.0550,0.1000,0.4852,0.7446,high,high,0
default,0.7536,0.8352,0.2326,-0.0643,0.0000,0.4855,0.7524,high,high,0
default,0.7540,0.8386,0.2444,-0.0704,0.0000,0.4855,0.7344,high,high,0
default,0.7543,0.8405,0.2509,-0.0743,0.0000,0.4855,0.7195,boundary,boundary,0
default,0.7545,0.8416,0.2548,-0.0769,0.0000,0.4855,0.7091,boundary,boundary,0
default,0.7546,0.8422,0.2570,-0.0785,0.0000,0.4855,0.7025,boundary,boundary,0
default,0.7543,0.8371,0.2525,-0.0798,0.0000,0.4858,0.7310,boundary,boundary,0
default,0.7544,0.8378,0.2453,-0.0801,0.1500,0.4859,0.7361,high,high,0
default,0.7545,0.8385,0.2391,-0.0805,0.1500,0.4859,0.7364,high,high,0
default,0.7546,0.8391,0.2338,-0.0809,0.1499,0.4859,0.7335,high,high,0
default,0.7547,0.8397,0.2293,-0.0813,0.0000,0.4857,0.7290,high,high,0
default,0.7548,0.8402,0.2255,-0.0817,0.0000,0.4857,0.7235,high,high,0
default,0.7549,0.8406,0.2223,-0.0821,0.0000,0.4856,0.7179,high,high,0
default,0.7549,0.8411,0.2196,-0.0825,0.0000,0.4855,0.7123,high,high,0
default,0.7550,0.8414,0.2126,-0.0829,0.0000,0.4854,0.6988,high,high,0
default,0.7551,0.8418,0.2066,-0.0833,0.0000,0.4853,0.6847,high,high,0
default,0.7551,0.8420,0.2015,-0.0837,0.0000,0.4853,0.6711,high,high,0
default,0.7551,0.8423,0.1926,-0.0840,0.0000,0.4853,0.6449,high,high,0
default,0.7552,0.8424,0.1850,-0.0843,0.0000,0.4852,0.6200,high,high,0
default,0.7552,0.8426,0.1785,-0.0846,0.0000,0.4852,0.5973,high,high,0
default,0.7552,0.8427,0.1730,-0.0849,0.0000,0.4852,0.5771,high,high,0
default,0.7552,0.8428,0.1683,-0.0852,0.0000,0.4852,0.5592,high,high,0
default,0.7552,0.8429,0.1643,-0.0855,0.0000,0.4852,0.5436,high,high,0
default,0.7552,0.8431,0.1609,-0.0857,0.0000,0.4852,0.5301,high,high,0
default,0.7552,0.8432,0.1581,-0.0859,0.0000,0.4852,0.5184,high,high,0
default,0.7552,0.8433,0.1556,-0.0861,0.0000,0.4852,0.5084,high,high,0
default,0.7552,0.8434,0.1535,-0.0863,0.0000,0.4853,0.4997,high,high,0
default,0.7552,0.8434,0.1518,-0.0865,0.0000,0.4853,0.4923,high,high,0
default,0.7552,0.8435,0.1503,-0.0867,0.0000,0.4853,0.4859,high,high,0
default,0.7552,0.8436,0.1490,-0.0869,0.0000,0.4853,0.4805,high,high,0
default,0.7552,0.8437,0.1479,-0.0870,0.0000,0.4853,0.4759,high,high,0
default,0.7552,0.8437,0.1470,-0.0872,0.0000,0.4853,0.4719,high,high,0
default,0.7552,0.8438,0.1462,-0.0873,0.0000,0.4853,0.4685,high,high,0
default,0.7552,0.8438,0.1455,-0.0874,0.0000,0.4853,0.4656,high,high,0
default,0.7552,0.8439,0.1450,-0.0876,0.0000,0.4853,0.4631,high,high,0
default,0.7552,0.8439,0.1445,-0.0877,0.0000,0.4853,0.4610,high,high,0
default,0.7552,0.8440,0.1441,-0.0878,0.0000,0.4853,0.4592,high,high,0
default,0.7552,0.8440,0.1437,-0.0879,0.0000,0.4853,0.4576,high,high,0
default,0.7552,0.8440,0.1434,-0.0880,0.0000,0.4853,0.4563,high,high,0
default,0.7552,0.8441,0.1432,-0.0881,0.0000,0.4853,0.4552,high,high,0
default,0.7552,0.8441,0.1430,-0.0881,0.0000,0.4853,0.4542,high,high,0
default,0.7552,0.8441,0.1428,-0.0882,0.0000,0.4853,0.4534,high,high,0
default,0.7552,0.8442,0.1426,-0.0883,0.0000,0.4853,0.4527,high,high,0
default,0.7552,0.8442,0.1425,-0.0884,0.0000,0.4853,0.4521,high,high,0
default,0.7552,0.8442,0.1424,-0.0884,0.0000,0.4853,0.4516,high,high,0
default,0.7552,0.8442,0.1423,-0.0885,0.0000,0.4852,0.4511,high,high,0
default,0.7552,0.8442,0.1422,-0.0885,0.0000,0.4852,0.4508,high,high,0
default,0.7896,0.8125,0.1132,-0.0295,0.2385,0.4852,0.3075,high,low,1
default,0.7904,0.8122,0.1133,-0.0295,0.2375,0.4853,0.3062,high,low,1
default,0.7922,0.8113,0.1133,-0.0292,0.2408,0.4854,0.3029,high,low,1
default,0.7934,0.8119,0.1133,-0.0277,0.2405,0.4861,0.2994,high,low,1
default,0.7574,0.8043,0.1458,-0.0210,0.0000,0.4865,0.5225,high,high,0
default,0.7934,0.8115,0.1143,-0.0269,0.2416,0.4866,0.3038,high,low,1
default,0.7935,0.8116,0.1149,-0.0267,0.2361,0.4866,0.3063,high,low,1
default,0.7575,0.8047,0.2014,-0.0213,0.0000,0.4868,0.7611,high,high,0
default,0.7930,0.8115,0.1178,-0.0263,0.2393,0.4869,0.3199,high,low,1
default,0.7931,0.8116,0.1202,-0.0260,0.2414,0.4870,0.3299,high,low,1
default,0.7577,0.8050,0.2786,-0.0214,0.0000,0.4871,0.7332,boundary,boundary,0
default,0.7568,0.8222,0.2880,-0.0412,0.1499,0.4871,0.6708,boundary,boundary,0
default,0.7564,0.8309,0.2922,-0.0545,0.0000,0.4871,0.6354,boundary,boundary,0
default,0.7562,0.8355,0.3067,-0.0632,0.0000,0.4871,0.5681,boundary,boundary,0
default,0.7561,0.8381,0.3034,-0.0688,0.0000,0.4868,0.5747,boundary,boundary,0
default,0.7560,0.8396,0.3016,-0.0725,0.0000,0.4867,0.5778,boundary,boundary,0
default,0.7560,0.8405,0.3083,-0.0749,0.0000,0.4866,0.5497,boundary,boundary,0
default,0.7560,0.8411,0.3123,-0.0764,0.0000,0.4862,0.5320,boundary,boundary,0
default,0.7560,0.8415,0.3101,-0.0773,0.0000,0.4859,0.5400,boundary,boundary,0
default,0.7560,0.8418,0.3082,-0.0782,0.0000,0.4856,0.5467,boundary,boundary,0
default,0.7559,0.8421,0.3065,-0.0790,0.0000,0.4853,0.5523,boundary,boundary,0
default,0.7559,0.8423,0.3052,-0.0797,0.0000,0.4850,0.5570,boundary,boundary,0
default,0.7559,0.8425,0.2993,-0.0804,0.0000,0.4848,0.5783,boundary,boundary,0
default,0.7558,0.8427,0.2943,-0.0811,0.0000,0.4847,0.5957,boundary,boundary,0
default,0.7558,0.8429,0.2855,-0.0817,0.0000,0.4845,0.6252,boundary,boundary,0
default,0.7557,0.8431,0.2732,-0.0822,0.0000,0.4845,0.6609,boundary,boundary,0
default,0.7557,0.8432,0.2582,-0.0828,0.0000,0.4844,0.6940,boundary,boundary,0
default,0.7556,0.8434,0.2454,-0.0833,0.0000,0.4843,0.7097,high,high,0
default,0.7835,0.8047,0.1227,-0.0312,0.2522,0.4844,0.3671,high,low,1
default,0.7861,0.8038,0.1222,-0.0306,0.2500,0.4847,0.3594,high,low,1
default,0.7870,0.8054,0.1205,-0.0288,0.2512,0.4856,0.3491,high,low,1
default,0.7572,0.8054,0.1759,-0.0221,0.0000,0.4860,0.6583,high,high,0
default,0.7562,0.8229,0.1899,-0.0422,0.1500,0.4859,0.6899,high,high,0
default,0.7557,0.8319,0.2103,-0.0558,0.1000,0.4856,0.7276,high,high,0
default,0.7555,0.8367,0.2326,-0.0647,0.1500,0.4855,0.7406,high,high,0
default,0.7862,0.8077,0.1282,-0.0290,0.2522,0.4855,0.3833,high,low,1
default,0.7865,0.8077,0.1294,-0.0289,0.2445,0.4856,0.3878,high,low,1
default,0.7574,0.8060,0.2916,-0.0227,0.0000,0.4856,0.6803,boundary,boundary,0
default,0.7564,0.8232,0.3100,-0.0425,0.0000,0.4855,0.5794,boundary,boundary,0
default,0.7560,0.8317,0.3183,-0.0558,0.0000,0.4855,0.5286,boundary,boundary,0
default,0.7557,0.8363,0.3348,-0.0645,0.0000,0.4853,0.4485,boundary,boundary,0
default,0.7556,0.8389,0.3326,-0.0701,0.0000,0.4851,0.4532,boundary,boundary,0
default,0.7555,0.8404,0.3313,-0.0738,0.0000,0.4851,0.4555,boundary,boundary,0
default,0.7555,0.8414,0.3306,-0.0762,0.0000,0.4850,0.4567,boundary,boundary,0
default,0.7555,0.8419,0.3302,-0.0778,0.0000,0.4849,0.4574,boundary,boundary,0
default,0.7554,0.8422,0.3252,-0.0787,0.0000,0.4846,0.4776,boundary,boundary,0
default,0.7554,0.8424,0.3164,-0.0795,0.0000,0.4846,0.5134,boundary,boundary,0
default,0.7554,0.8427,0.3042,-0.0803,0.0000,0.4845,0.5606,boundary,boundary,0
default,0.7028,0.7995,0.1956,-0.0029,0.2655,0.4985,0.7644,high,high,0
Watcher,0.7295,0.7941,0.1879,-0.0214,0.3739,0.4893,0.8285,high,high,0
Watcher,0.7471,0.7880,0.1812,-0.0303,0.3618,0.4849,0.8246,high,high,0
Watcher,0.7300,0.7941,0.1893,-0.0213,0.4115,0.4894,0.8320,high,high,0
Watcher,0.7482,0.7878,0.1845,-0.0299,0.4274,0.4850,0.8326,high,high,0
Watcher,0.3419,0.5638,0.4009,-0.1628,0.1966,0.4846,0.0000,boundary,low,1
Watcher,0.4832,0.6331,0.5399,-0.1569,0.1676,0.4847,0.0000,boundary,low,1
Watcher,0.5575,0.6638,0.5648,-0.1367,0.0000,0.4861,0.0258,boundary,low,1
Watcher,0.5991,0.6787,0.5583,-0.1167,0.0000,0.4878,0.0980,boundary,low,1
Watcher,0.6238,0.6870,0.5638,-0.1007,0.0000,0.4894,0.1150,boundary,low,1
Watcher,0.6391,0.6919,0.5719,-0.0887,0.0000,0.4906,0.1119,boundary,low,1
Watcher,0.6488,0.6950,0.5696,-0.0802,0.0000,0.4914,0.1265,boundary,low,1
Watcher,0.6550,0.6970,0.5709,-0.0745,0.0284,0.4919,0.1288,boundary,low,1
Watcher,0.6589,0.6977,0.5733,-0.0709,0.0293,0.4921,0.1261,boundary,low,1
Watcher,0.6625,0.6982,0.5753,-0.0674,0.0301,0.4922,0.1240,boundary,low,1
Watcher,0.6659,0.6983,0.5773,-0.0639,0.0309,0.4923,0.1214,boundary,low,1
Watcher,0.6690,0.6993,0.5828,-0.0605,0.0331,0.4922,0.1104,boundary,low,1
Watcher,0.6717,0.7014,0.5875,-0.0574,0.0350,0.4920,0.1016,boundary,low,1
Watcher,0.6714,0.7032,0.5868,-0.0549,0.1847,0.4914,0.1039,boundary,low,1
Watcher,0.6718,0.7037,0.5862,-0.0526,0.1845,0.4909,0.1059,boundary,low,1
Watcher,0.6727,0.7031,0.5856,-0.0504,0.0343,0.4908,0.1074,boundary,low,1
Watcher,0.6739,0.7026,0.5805,-0.0482,0.0322,0.4907,0.1202,boundary,low,1
Watcher,0.6753,0.7022,0.5715,-0.0461,0.0286,0.4906,0.1426,boundary,low,1
Watcher,0.6767,0.7018,0.5592,-0.0440,0.0237,0.4906,0.1730,boundary,low,1
Watcher,0.6780,0.7014,0.5440,-0.0419,0.0176,0.4907,0.2101,boundary,low,1
Watcher,0.6794,0.7010,0.5265,-0.0399,0.1606,0.4908,0.2528,boundary,low,1
Watcher,0.6806,0.7001,0.5116,-0.0378,0.0046,0.4905,0.2886,boundary,low,1
Watcher,0.6856,0.7023,0.4781,-0.0357,0.1500,0.4903,0.3724,boundary,low,1
Watcher,0.6902,0.7039,0.4495,-0.0335,0.0000,0.4895,0.4436,boundary,boundary,0
Watcher,0.6942,0.7058,0.4298,-0.0313,0.0000,0.4886,0.4933,boundary,boundary,0
Watcher,0.7019,0.7121,0.3958,-0.0292,0.0000,0.4875,0.5816,boundary,boundary,0
Watcher,0.7083,0.7175,0.3724,-0.0272,0.0000,0.4869,0.6439,boundary,boundary,0
Watcher,0.7139,0.7226,0.3525,-0.0254,0.0000,0.4861,0.6973,boundary,boundary,0
Watcher,0.7188,0.7274,0.3356,-0.0237,0.0000,0.4855,0.7430,boundary,boundary,0
Watcher,0.7229,0.7318,0.3245,-0.0222,0.0000,0.4852,0.7750,boundary,boundary,0
Watcher,0.7265,0.7359,0.3147,-0.0209,0.0000,0.4851,0.8033,boundary,boundary,0
Watcher,0.7297,0.7401,0.3059,-0.0199,0.0000,0.4852,0.8291,boundary,boundary,0
Watcher,0.7324,0.7439,0.2935,-0.0190,0.0000,0.4852,0.8623,boundary,boundary,0
Watcher,0.7350,0.7482,0.2776,-0.0185,0.0000,0.4853,0.9024,boundary,boundary,0
Watcher,0.7372,0.7521,0.2638,-0.0181,0.0000,0.4853,0.9353,boundary,boundary,0
Watcher,0.7392,0.7563,0.2472,-0.0180,0.0000,0.4853,0.9613,high,high,0
Watcher,0.7409,0.7602,0.2329,-0.0181,0.0000,0.4853,0.9530,high,high,0
Watcher,0.7424,0.7646,0.2205,-0.0185,0.0000,0.4853,0.9289,high,high,0
Watcher,0.7437,0.7686,0.2099,-0.0192,0.0000,0.4852,0.9036,high,high,0
Watcher,0.7448,0.7728,0.2008,-0.0201,0.0000,0.4851,0.8804,high,high,0
Watcher,0.7458,0.7770,0.1930,-0.0212,0.0000,0.4849,0.8596,high,high,0
Watcher,0.7467,0.7816,0.1862,-0.0225,0.0000,0.4848,0.8408,high,high,0
Watcher,0.7475,0.7859,0.1805,-0.0241,0.0000,0.4847,0.8242,high,high,0
Watcher,0.7482,0.7903,0.1755,-0.0259,0.0000,0.4845,0.8090,high,high,0
Watcher,0.7488,0.7944,0.1713,-0.0279,0.0000,0.4844,0.7956,high,high,0
Watcher,0.7497,0.7986,0.1666,-0.0300,0.0000,0.4842,0.7809,high,high,0
Watcher,0.7505,0.8025,0.1626,-0.0322,0.0000,0.4841,0.7679,high,high,0
Watcher,0.7508,0.8058,0.1602,-0.0345,0.0000,0.4840,0.7592,high,high,0
Watcher,0.7511,0.8087,0.1582,-0.0368,0.0000,0.4840,0.7515,high,high,0
Watcher,0.7513,0.8115,0.1612,-0.0391,0.0000,0.4840,0.7552,high,high,0
Watcher,0.7515,0.8141,0.1683,-0.0415,0.0000,0.4841,0.7682,high,high,0
Watcher,0.7517,0.8164,0.1744,-0.0438,0.0000,0.4842,0.7781,high,high,0
Watcher,0.7518,0.8186,0.1795,-0.0461,0.0000,0.4842,0.7856,high,high,0
Watcher,0.7519,0.8206,0.1838,-0.0484,0.0000,0.4843,0.7911,high,high,0
Watcher,0.7520,0.8225,0.1875,-0.0506,0.0000,0.4844,0.7952,high,high,0
Watcher,0.7521,0.8242,0.1953,-0.0527,0.0000,0.4844,0.8062,high,high,0
Watcher,0.7522,0.8258,0.2020,-0.0548,0.0000,0.4844,0.8142,high,high,0
Watcher,0.7527,0.8276,0.2066,-0.0568,0.0000,0.4844,0.8175,high,high,0
Watcher,0.7531,0.8292,0.2058,-0.0587,0.0000,0.4844,0.8129,high,high,0
Watcher,0.7534,0.8307,0.2051,-0.0606,0.0000,0.4844,0.8088,high,high,0
Watcher,0.7538,0.8321,0.2046,-0.0624,0.0000,0.4844,0.8051,high,high,0
Watcher,0.7537,0.8331,0.2052,-0.0641,0.0000,0.4844,0.8039,high,high,0
Watcher,0.7536,0.8339,0.2057,-0.0657,0.0000,0.4844,0.8027,high,high,0
Watcher,0.7535,0.8347,0.2061,-0.0673,0.0000,0.4844,0.8016,high,high,0
Watcher,0.7534,0.8355,0.2017,-0.0687,0.0000,0.4844,0.7941,high,high,0
Watcher,0.7534,0.8361,0.1981,-0.0701,0.0000,0.4844,0.7873,high,high,0
Watcher,0.7533,0.8368,0.1949,-0.0715,0.0000,0.4844,0.7813,high,high,0
Watcher,0.7533,0.8373,0.1923,-0.0727,0.0000,0.4844,0.7761,high,high,0
Watcher,0.7532,0.8377,0.1854,-0.0739,0.0000,0.4843,0.7638,high,high,0
Watcher,0.7532,0.8381,0.1795,-0.0750,0.0000,0.4843,0.7529,high,high,0
Watcher,0.7532,0.8385,0.1745,-0.0760,0.0000,0.4843,0.7432,high,high,0
Watcher,0.7532,0.8389,0.1702,-0.0770,0.0000,0.4843,0.7348,high,high,0
Watcher,0.7531,0.8392,0.1666,-0.0779,0.0000,0.4843,0.7274,high,high,0
Watcher,0.7531,0.8394,0.1635,-0.0788,0.0000,0.4843,0.7211,high,high,0
Watcher,0.7531,0.8397,0.1609,-0.0795,0.0000,0.4843,0.7156,high,high,0
Watcher,0.7531,0.8399,0.1587,-0.0803,0.0000,0.4843,0.7109,high,high,0
Watcher,0.7530,0.8401,0.1568,-0.0809,0.0000,0.4843,0.7068,high,high,0
Watcher,0.7530,0.8403,0.1552,-0.0816,0.0000,0.4843,0.7033,high,high,0
Watcher,0.7530,0.8405,0.1538,-0.0822,0.0000,0.4843,0.7003,high,high,0
Watcher,0.7530,0.8406,0.1527,-0.0827,0.0000,0.4843,0.6977,high,high,0
Watcher,0.7530,0.8408,0.1517,-0.0832,0.0000,0.4843,0.6955,high,high,0
Watcher,0.7530,0.8409,0.1509,-0.0837,0.0000,0.4843,0.6936,high,high,0
Watcher,0.7530,0.8411,0.1501,-0.0841,0.0000,0.4843,0.6920,high,high,0
Watcher,0.7530,0.8412,0.1495,-0.0845,0.0000,0.4843,0.6905,high,high,0
Watcher,0.7530,0.8413,0.1490,-0.0849,0.0000,0.4843,0.6894,high,high,0
Watcher,0.7529,0.8413,0.1486,-0.0853,0.0000,0.4843,0.6884,high,high,0
Watcher,0.7529,0.8414,0.1482,-0.0856,0.0000,0.4843,0.6875,high,high,0
Watcher,0.7529,0.8415,0.1479,-0.0859,0.0000,0.4843,0.6868,high,high,0
Watcher,0.7529,0.8415,0.1476,-0.0862,0.0000,0.4843,0.6861,high,high,0
Watcher,0.7529,0.8415,0.1474,-0.0864,0.0000,0.4843,0.6856,high,high,0
Watcher,0.7529,0.8415,0.1472,-0.0866,0.0000,0.4843,0.6852,high,high,0
Watcher,0.7529,0.8416,0.1470,-0.0868,0.1497,0.4843,0.6849,high,high,0
Watcher,0.7529,0.8416,0.1469,-0.0870,0.1496,0.4843,0.6846,high,high,0
Watcher,0.7848,0.8045,0.1261,-0.0309,0.2543,0.4845,0.6657,high,high,0
Watcher,0.7558,0.8015,0.1353,-0.0295,0.3375,0.4852,0.7028,high,high,0
Watcher,0.4785,0.7743,0.2502,-0.1989,0.0115,0.4848,0.3167,boundary,low,1
Watcher,0.4499,0.7874,0.2597,-0.2613,0.0262,0.4843,0.2424,boundary,low,1
Watcher,0.4235,0.7893,0.2631,-0.3031,0.0360,0.4814,0.1749,low,low,0
Watcher,0.4216,0.7959,0.2663,-0.3280,0.0419,0.4779,0.1686,low,low,0
Watcher,0.4206,0.7996,0.2679,-0.3433,0.0455,0.4747,0.1649,low,low,0
Watcher,0.4131,0.7989,0.2673,-0.3540,0.0480,0.4718,0.1464,low,low,0
Watcher,0.4087,0.7985,0.2670,-0.3611,0.0497,0.4715,0.1353,low,low,0
Watcher,0.4060,0.7983,0.2668,-0.3658,0.0508,0.4698,0.1286,low,low,0
Watcher,0.4044,0.7981,0.2667,-0.3686,0.0514,0.4695,0.1247,low,low,0
Watcher,0.4030,0.7980,0.2665,-0.3712,0.0521,0.4691,0.1213,low,low,0
Watcher,0.6918,0.7754,0.1473,-0.0662,0.3189,0.4669,0.7079,high,high,0
Watcher,0.6856,0.7718,0.1484,-0.0703,0.3204,0.4649,0.7025,high,high,0
Watcher,0.3640,0.7643,0.2695,-0.3332,0.0701,0.4641,0.0251,low,low,0
Watcher,0.3604,0.7723,0.2698,-0.3687,0.0812,0.4626,0.0160,low,low,0
Watcher,0.6952,0.7657,0.1486,-0.0773,0.3293,0.4614,0.7152,high,high,0
Watcher,0.7089,0.7663,0.1487,-0.0778,0.3178,0.4612,0.7302,high,high,0
Watcher,0.7489,0.7977,0.2652,-0.0228,0.0000,0.4616,0.9139,boundary,boundary,0
Watcher,0.5721,0.7965,0.2682,-0.1135,0.0000,0.4641,0.5454,boundary,boundary,0
Watcher,0.4883,0.7958,0.2695,-0.1911,0.0097,0.4645,0.3359,boundary,low,1
Watcher,0.4456,0.7955,0.2702,-0.2467,0.0227,0.4645,0.2283,boundary,low,1
Watcher,0.4198,0.7972,0.2705,-0.2859,0.0320,0.4637,0.1630,boundary,low,1
Watcher,0.4019,0.7971,0.2706,-0.3132,0.0384,0.4626,0.1181,low,low,0
Watcher,0.3913,0.7970,0.2707,-0.3317,0.0493,0.4622,0.0914,low,low,0
Watcher,0.3849,0.7970,0.2707,-0.3438,0.0569,0.4614,0.0753,low,low,0
Watcher,0.3812,0.7962,0.2708,-0.3509,0.0614,0.4604,0.0659,low,low,0
Watcher,0.3779,0.7954,0.2709,-0.3575,0.0654,0.4602,0.0577,low,low,0
Watcher,0.3750,0.7948,0.2710,-0.3638,0.0691,0.4595,0.0505,low,low,0
Watcher,0.3724,0.7941,0.2711,-0.3696,0.0724,0.4587,0.0441,low,low,0
Watcher,0.3700,0.7943,0.2713,-0.3750,0.0755,0.4584,0.0379,low,low,0
Watcher,0.3678,0.7944,0.2715,-0.3802,0.2283,0.4585,0.0324,low,low,0
Watcher,0.3659,0.7945,0.2717,-0.3850,0.2308,0.4585,0.0276,low,low,0
Watcher,0.3658,0.7930,0.2720,-0.3892,0.2319,0.4589,0.0275,low,low,0
Watcher,0.3657,0.7917,0.2722,-0.3929,0.2329,0.4591,0.0275,low,low,0
Watcher,0.6697,0.7433,0.1923,-0.0800,0.8108,0.4601,0.7484,low,low,0
Watcher,0.6678,0.7408,0.1987,-0.0783,0.8232,0.4609,0.7514,low,low,0
Watcher,0.3694,0.7565,0.2670,-0.3235,0.0638,0.4612,0.0388,low,low,0
Watcher,0.3638,0.7751,0.2686,-0.3630,0.0773,0.4613,0.0248,low,low,0
Watcher,0.3612,0.7845,0.2693,-0.3872,0.0849,0.4612,0.0173,low,low,0
Watcher,0.3598,0.7896,0.2697,-0.4021,0.2394,0.4608,0.0132,low,low,0
Watcher,0.3587,0.7900,0.2705,-0.4109,0.2424,0.4598,0.0102,low,low,0
Watcher,0.3580,0.7903,0.2710,-0.4162,0.0941,0.4588,0.0084,low,low,0
Watcher,0.3565,0.7911,0.2706,-0.4199,0.0962,0.4577,0.0044,low,low,0
Watcher,0.3577,0.7910,0.2477,-0.4219,0.0957,0.4565,0.0093,low,low,0
Watcher,0.3563,0.7907,0.2490,-0.4232,0.2471,0.4557,0.0057,low,low,0
Watcher,0.3561,0.7911,0.2502,-0.4244,0.0975,0.4550,0.0051,low,low,0
Watcher,0.3559,0.7914,0.2511,-0.4255,0.0979,0.4545,0.0046,low,low,0
Watcher,0.3539,0.7920,0.2511,-0.4267,0.0997,0.4544,0.0000,low,low,0
Watcher,0.3540,0.7920,0.2510,-0.4279,0.2499,0.4539,0.0000,low,low,0
Watcher,0.3540,0.7919,0.2510,-0.4289,0.2501,0.4539,0.0000,low,low,0
Watcher,0.3541,0.7919,0.2509,-0.4298,0.2502,0.4538,0.0000,low,low,0
Watcher,0.3541,0.7919,0.2509,-0.4306,0.2503,0.4538,0.0000,low,low,0
Watcher,0.3541,0.7918,0.2508,-0.4313,0.2500,0.4536,0.0001,low,low,0
Watcher,0.3547,0.7911,0.2511,-0.4318,0.1003,0.4536,0.0016,low,low,0
Watcher,0.3552,0.7904,0.2513,-0.4321,0.2500,0.4536,0.0030,low,low,0
Watcher,0.3549,0.7899,0.2513,-0.4324,0.2503,0.4537,0.0022,low,low,0
Watcher,0.3546,0.7895,0.2513,-0.4327,0.1006,0.4537,0.0015,low,low,0
Watcher,0.3543,0.7892,0.2513,-0.4329,0.1008,0.4538,0.0009,low,low,0
Watcher,0.3541,0.7888,0.2513,-0.4331,0.0000,0.4538,0.0004,low,low,0
Watcher,0.3530,0.7897,0.2515,-0.4334,0.0000,0.4536,0.0000,low,low,0
Watcher,0.3520,0.7905,0.2517,-0.4339,0.1500,0.4536,0.0000,low,low,0
Watcher,0.3512,0.7912,0.2518,-0.4345,0.1485,0.4535,0.0000,low,low,0
Watcher,0.6571,0.7394,0.1566,-0.0937,0.5415,0.4533,0.6653,boundary,boundary,0
Watcher,0.6713,0.7342,0.1571,-0.0941,0.5458,0.4531,0.6867,boundary,boundary,0
Watcher,0.7363,0.6372,0.2433,0.1049,0.1500,0.4537,0.6657,boundary,boundary,0
Watcher,0.7346,0.6463,0.2675,0.0974,0.1500,0.4555,0.6843,boundary,boundary,0
Watcher,0.5560,0.7455,0.2614,-0.0173,0.1500,0.4589,0.5084,boundary,boundary,0
Watcher,0.4787,0.7617,0.2571,-0.1103,0.1500,0.4590,0.3167,boundary,low,1
Watcher,0.4366,0.7710,0.2549,-0.1776,0.1565,0.4588,0.2105,boundary,low,1
Watcher,0.4124,0.7764,0.2536,-0.2242,0.1674,0.4584,0.1491,boundary,low,1
Watcher,0.3979,0.7791,0.2532,-0.2556,0.1764,0.4573,0.1122,boundary,low,1
Watcher,0.3892,0.7807,0.2530,-0.2760,0.1878,0.4568,0.0899,boundary,low,1
Watcher,0.3840,0.7816,0.2528,-0.2881,0.1945,0.4565,0.0769,boundary,low,1
Watcher,0.3795,0.7824,0.2527,-0.2996,0.2005,0.4562,0.0654,boundary,low,1
Watcher,0.3755,0.7831,0.2526,-0.3104,0.2060,0.4560,0.0553,low,low,0
Watcher,0.3758,0.7829,0.2436,-0.3201,0.2081,0.4554,0.0561,low,low,0
Watcher,0.3761,0.7826,0.2360,-0.3287,0.2100,0.4547,0.0564,low,low,0
Watcher,0.3739,0.7847,0.2386,-0.3369,0.2136,0.4548,0.0507,low,low,0
Watcher,0.3719,0.7866,0.2409,-0.3447,0.0669,0.4549,0.0456,low,low,0
Watcher,0.3682,0.7876,0.2429,-0.3522,0.0714,0.4549,0.0362,low,low,0
Watcher,0.3650,0.7885,0.2447,-0.3593,0.0755,0.4550,0.0280,low,low,0
Watcher,0.3621,0.7894,0.2462,-0.3661,0.2292,0.4552,0.0207,low,low,0
Watcher,0.3596,0.7902,0.2474,-0.3725,0.2326,0.4555,0.0142,low,low,0
Watcher,0.3587,0.7916,0.2485,-0.3786,0.2348,0.4556,0.0117,low,low,0
Watcher,0.3579,0.7930,0.2495,-0.3842,0.2366,0.4561,0.0094,low,low,0
Watcher,0.3572,0.7942,0.2503,-0.3895,0.2385,0.4564,0.0074,low,low,0
Watcher,0.3545,0.7945,0.2504,-0.3946,0.1500,0.4568,0.0007,low,low,0
Watcher,0.3522,0.7947,0.2504,-0.3994,0.0000,0.4569,0.0000,low,low,0
Watcher,0.3501,0.7949,0.2505,-0.4039,0.0000,0.4571,0.0000,low,low,0
Watcher,0.3502,0.7961,0.2507,-0.4081,0.0000,0.4573,0.0000,low,low,0
Watcher,0.3503,0.7973,0.2510,-0.4120,0.0000,0.4574,0.0000,low,low,0
Watcher,0.3489,0.7971,0.2511,-0.4156,0.0000,0.4575,0.0000,low,low,0
Watcher,0.3477,0.7969,0.2512,-0.4190,0.0000,0.4576,0.0000,low,low,0
Watcher,0.3467,0.7967,0.2514,-0.4221,0.0000,0.4577,0.0000,low,low,0
Watcher,0.6599,0.7438,0.1431,-0.0855,0.4583,0.4573,0.6476,boundary,boundary,0
Watcher,0.6580,0.7465,0.1293,-0.0877,0.3930,0.4563,0.6188,high,high,0
Watcher,0.3554,0.7636,0.2475,-0.3414,0.2285,0.4549,0.0049,low,low,0
Watcher,0.3554,0.7773,0.2488,-0.3776,0.0870,0.4537,0.0048,low,low,0
Watcher,0.3554,0.7842,0.2494,-0.3981,0.0918,0.4534,0.0043,low,low,0
Watcher,0.3554,0.7879,0.2497,-0.4101,0.0947,0.4525,0.0039,low,low,0
Watcher,0.3591,0.7917,0.2465,-0.4169,0.0934,0.4523,0.0128,low,low,0
Watcher,0.3613,0.7939,0.2446,-0.4208,0.0928,0.4517,0.0178,low,low,0
Watcher,0.7042,0.7465,0.1007,-0.0960,0.3962,0.4521,0.6074,high,high,0
Watcher,0.7220,0.7444,0.0961,-0.0859,0.3483,0.4571,0.6055,high,high,0
Watcher,0.7730,0.6909,0.2827,0.0848,0.1500,0.4622,0.7753,boundary,boundary,0
Watcher,0.7756,0.7054,0.2767,0.0782,0.0000,0.4654,0.8107,boundary,boundary,0
Watcher,0.7775,0.7135,0.2740,0.0726,0.0000,0.4706,0.8284,boundary,boundary,0
Watcher,0.7787,0.7204,0.2602,0.0676,0.0000,0.4749,0.8521,boundary,boundary,0
Watcher,0.7796,0.7261,0.2531,0.0633,0.0000,0.4783,0.8656,boundary,boundary,0
Watcher,0.7803,0.7305,0.2491,0.0600,0.0000,0.4809,0.8737,high,high,0
Watcher,0.7810,0.7334,0.2390,0.0575,0.0000,0.4821,0.8763,high,high,0
Watcher,0.7815,0.7359,0.2267,0.0557,0.0000,0.4824,0.8704,high,high,0
Watcher,0.7820,0.7371,0.2194,0.0546,0.0000,0.4834,0.8628,high,high,0
Watcher,0.7825,0.7386,0.2178,0.0535,0.0000,0.4840,0.8619,high,high,0
Watcher,0.7831,0.7398,0.2117,0.0525,0.0000,0.4842,0.8536,high,high,0
Watcher,0.7837,0.7412,0.2066,0.0515,0.0000,0.4848,0.8460,high,high,0
Watcher,0.7843,0.7424,0.2022,0.0505,0.0000,0.4859,0.8387,high,high,0
Watcher,0.7849,0.7434,0.1985,0.0496,0.0000,0.4865,0.8320,high,high,0
Watcher,0.7854,0.7443,0.1953,0.0488,0.0000,0.4867,0.8260,high,high,0
Watcher,0.7860,0.7450,0.1927,0.0480,0.0000,0.4869,0.8206,high,high,0
Watcher,0.7865,0.7457,0.1904,0.0473,0.0000,0.4878,0.8160,high,high,0
Watcher,0.7869,0.7463,0.1884,0.0466,0.0000,0.4887,0.8119,high,high,0
Watcher,0.7874,0.7468,0.1821,0.0460,0.0000,0.4894,0.7987,high,high,0
Watcher,0.7878,0.7473,0.1767,0.0455,0.0000,0.4896,0.7872,high,high,0
Watcher,0.7881,0.7477,0.1721,0.0450,0.0000,0.4903,0.7771,high,high,0
Watcher,0.7885,0.7481,0.1682,0.0445,0.0000,0.4905,0.7684,high,high,0
Watcher,0.7888,0.7484,0.1649,0.0441,0.0000,0.4911,0.7609,high,high,0
Watcher,0.7892,0.7487,0.1621,0.0437,0.0000,0.4912,0.7545,high,high,0
Watcher,0.7895,0.7490,0.1597,0.0434,0.0000,0.4913,0.7489,high,high,0
Watcher,0.7897,0.7492,0.1577,0.0431,0.0000,0.4914,0.7441,high,high,0
Watcher,0.7900,0.7493,0.1560,0.0429,0.0000,0.4919,0.7400,high,high,0
Watcher,0.7903,0.7494,0.1545,0.0427,0.0000,0.4920,0.7365,high,high,0
Watcher,0.7905,0.7495,0.1532,0.0425,0.0000,0.4923,0.7334,high,high,0
Watcher,0.7907,0.7496,0.1522,0.0424,0.0000,0.4926,0.7308,high,high,0
Watcher,0.8061,0.8075,0.0441,-0.0136,0.2268,0.4932,0.4549,high,high,0
Watcher,0.8072,0.8089,0.0441,-0.0113,0.2198,0.4943,0.4534,high,high,0
Watcher,0.7888,0.7208,0.1494,0.0729,0.0000,0.4949,0.7046,high,high,0
Watcher,0.8117,0.8082,0.0499,-0.0081,0.2491,0.4960,0.4643,high,high,0
Watcher,0.8114,0.8080,0.0518,-0.0077,0.2245,0.4962,0.4691,high,high,0
Watcher,0.8137,0.8054,0.0588,-0.0044,0.2501,0.4978,0.4851,high,high,0
Watcher,0.8138,0.8026,0.0656,-0.0006,0.2479,0.4997,0.5021,high,high,0
Watcher,0.8094,0.8013,0.0712,0.0015,0.2509,0.5007,0.5195,high,high,0
Watcher,0.7732,0.6838,0.3358,0.0901,0.0000,0.5014,0.6838,boundary,boundary,0
Watcher,0.7731,0.6905,0.3591,0.0867,0.0000,0.5012,0.6496,boundary,boundary,0
Watcher,0.7732,0.6919,0.3696,0.0845,0.0000,0.5007,0.6297,boundary,boundary,0
Watcher,0.7733,0.6911,0.3747,0.0837,0.0000,0.5002,0.6177,boundary,boundary,0
Watcher,0.7734,0.6894,0.3665,0.0838,0.0000,0.4997,0.6327,boundary,boundary,0
Watcher,0.7736,0.6873,0.3620,0.0844,0.0000,0.4992,0.6390,boundary,boundary,0
Watcher,0.7737,0.6854,0.3515,0.0852,0.0000,0.4989,0.6569,boundary,boundary,0
Watcher,0.7737,0.6857,0.3390,0.0856,0.0000,0.4986,0.6810,boundary,boundary,0
Watcher,0.7738,0.6857,0.3315,0.0859,0.0000,0.4985,0.6944,boundary,boundary,0
Watcher,0.7738,0.6855,0.3251,0.0861,0.0000,0.4981,0.7050,boundary,boundary,0
Watcher,0.7738,0.6851,0.3151,0.0864,0.0000,0.4978,0.7206,boundary,boundary,0
Watcher,0.7739,0.6847,0.3065,0.0867,0.0000,0.4977,0.7326,boundary,boundary,0
Watcher,0.7738,0.6844,0.2992,0.0869,0.0000,0.4975,0.7417,boundary,boundary,0
Watcher,0.7738,0.6841,0.2930,0.0872,0.0000,0.4974,0.7487,boundary,boundary,0
Watcher,0.7738,0.6839,0.2831,0.0875,0.0000,0.4973,0.7586,boundary,boundary,0
Watcher,0.7738,0.6836,0.2746,0.0877,0.1485,0.4973,0.7651,boundary,boundary,0
Watcher,0.7737,0.6824,0.2675,0.0881,0.0000,0.4974,0.7668,boundary,boundary,0
Watcher,0.7713,0.6792,0.2759,0.0885,0.1500,0.4974,0.7555,boundary,boundary,0
Watcher,0.7671,0.6737,0.2985,0.0890,0.1500,0.4983,0.7232,boundary,boundary,0
Watcher,0.7634,0.6682,0.3178,0.0896,0.0000,0.4995,0.6874,boundary,boundary,0
Watcher,0.7601,0.6631,0.3342,0.0904,0.0000,0.4999,0.6532,boundary,boundary,0
Watcher,0.7573,0.6585,0.3481,0.0912,0.0000,0.5008,0.6218,boundary,boundary,0
Watcher,0.7548,0.6542,0.3599,0.0921,0.0000,0.5012,0.5938,boundary,boundary,0
Watcher,0.7526,0.6503,0.3700,0.0932,0.0167,0.5015,0.5690,boundary,boundary,0
Watcher,0.7750,0.7576,0.1044,0.0064,0.3427,0.5032,0.6296,high,high,0
Watcher,0.7790,0.7573,0.0991,0.0108,0.3174,0.5054,0.6144,high,high,0
Watcher,0.7733,0.7556,0.1137,0.0144,0.3471,0.5072,0.6532,high,high,0
Watcher,0.7449,0.6024,0.4143,0.1373,0.0000,0.5075,0.4039,boundary,boundary,0
Watcher,0.7416,0.6082,0.4517,0.1355,0.0000,0.5079,0.3424,boundary,low,1
Watcher,0.7716,0.7571,0.1136,0.0162,0.3426,0.5081,0.6540,high,high,0
Watcher,0.7690,0.7580,0.1263,0.0166,0.3332,0.5083,0.6869,high,high,0
Watcher,0.7500,0.6309,0.4870,0.1166,0.1500,0.5079,0.3008,boundary,low,1
Watcher,0.7467,0.6309,0.5347,0.1162,0.0139,0.5074,0.1937,boundary,low,1
Watcher,0.7453,0.6306,0.5562,0.1156,0.0225,0.5071,0.1439,boundary,low,1
Watcher,0.7446,0.6301,0.5543,0.1152,0.0217,0.5068,0.1478,boundary,low,1
Watcher,0.7443,0.6296,0.5642,0.1151,0.0257,0.5067,0.1244,boundary,low,1
Watcher,0.7441,0.6287,0.5697,0.1151,0.0279,0.5062,0.1108,boundary,low,1
Watcher,0.7440,0.6280,0.5651,0.1153,0.0260,0.5060,0.1206,boundary,low,1
Watcher,0.7439,0.6272,0.5686,0.1155,0.0274,0.5056,0.1118,boundary,low,1
Watcher,0.7438,0.6267,0.5707,0.1157,0.0283,0.5050,0.1065,boundary,low,1
Watcher,0.7438,0.6263,0.5678,0.1159,0.0271,0.5048,0.1127,boundary,low,1
Watcher,0.7437,0.6258,0.5653,0.1161,0.0261,0.5044,0.1179,boundary,low,1
Watcher,0.7436,0.6264,0.5632,0.1162,0.0253,0.5040,0.1233,boundary,low,1
Watcher,0.7436,0.6269,0.5614,0.1162,0.0246,0.5039,0.1280,boundary,low,1
Watcher,0.7435,0.6274,0.5553,0.1162,0.0221,0.5037,0.1427,boundary,low,1
Watcher,0.7434,0.6278,0.5453,0.1162,0.0181,0.5032,0.1659,boundary,low,1
Watcher,0.7433,0.6282,0.5369,0.1160,0.0148,0.5031,0.1856,boundary,low,1
Watcher,0.7432,0.6286,0.5251,0.1159,0.1596,0.5028,0.2128,boundary,low,1
Watcher,0.7564,0.7461,0.1151,0.0063,0.3839,0.5032,0.6587,high,high,0
Watcher,0.7558,0.7460,0.1185,0.0070,0.3286,0.5035,0.6671,high,high,0
Watcher,0.7268,0.6053,0.4097,0.1215,0.0000,0.5038,0.4148,boundary,boundary,0
Watcher,0.7223,0.6087,0.4494,0.1179,0.0000,0.5037,0.3447,boundary,low,1
Watcher,0.7228,0.6105,0.4673,0.1157,0.0000,0.5033,0.3116,boundary,low,1
Watcher,0.7249,0.6115,0.4760,0.1149,0.0000,0.5031,0.2955,boundary,low,1
Watcher,0.7269,0.6117,0.4824,0.1150,0.0000,0.5028,0.2828,boundary,low,1
Watcher,0.7287,0.6117,0.4860,0.1155,0.0000,0.5026,0.2757,boundary,low,1
Watcher,0.7302,0.6099,0.4881,0.1165,0.0000,0.5024,0.2689,boundary,low,1
Watcher,0.7336,0.6111,0.4754,0.1174,0.0000,0.5019,0.2977,boundary,low,1
Watcher,0.7357,0.6125,0.4678,0.1180,0.1500,0.5016,0.3158,boundary,low,1
Watcher,0.7378,0.6137,0.4566,0.1186,0.0000,0.5012,0.3408,boundary,low,1
Watcher,0.7397,0.6147,0.4425,0.1192,0.0000,0.5006,0.3708,boundary,low,1
Watcher,0.7414,0.6155,0.4304,0.1199,0.0000,0.5003,0.3960,boundary,low,1
Watcher,0.7429,0.6163,0.4202,0.1206,0.0000,0.5000,0.4170,boundary,boundary,0
Watcher,0.7507,0.7482,0.0960,0.0000,0.3026,0.5000,0.6123,high,high,0
Watcher,0.7516,0.7487,0.0975,0.0003,0.2845,0.5001,0.6162,high,high,0
Watcher,0.7585,0.6143,0.3567,0.1375,0.0000,0.5003,0.5209,boundary,boundary,0
Watcher,0.7562,0.6201,0.3906,0.1368,0.1500,0.5004,0.4776,boundary,boundary,0
Watcher,0.7550,0.6193,0.3918,0.1364,0.1500,0.5005,0.4741,boundary,boundary,0
Watcher,0.7544,0.6167,0.4049,0.1369,0.0000,0.5005,0.4461,boundary,boundary,0
Watcher,0.7541,0.6171,0.4226,0.1369,0.0000,0.5006,0.4136,boundary,boundary,0
Watcher,0.7539,0.6173,0.4325,0.1368,0.0000,0.5006,0.3949,boundary,low,1
Watcher,0.7537,0.6175,0.4383,0.1367,0.0000,0.5006,0.3838,boundary,low,1
Watcher,0.7537,0.6175,0.4417,0.1366,0.0000,0.5003,0.3770,boundary,low,1
Watcher,0.7587,0.6220,0.4114,0.1366,0.1499,0.5001,0.4427,boundary,boundary,0
Watcher,0.7631,0.6263,0.3903,0.1367,0.0000,0.4997,0.4883,boundary,boundary,0
Watcher,0.7670,0.6300,0.3677,0.1367,0.0000,0.4987,0.5332,boundary,boundary,0
Watcher,0.7704,0.6337,0.3484,0.1367,0.0000,0.4983,0.5699,boundary,boundary,0
Watcher,0.7734,0.6372,0.3274,0.1366,0.0000,0.4974,0.6054,boundary,boundary,0
Watcher,0.7760,0.6403,0.3049,0.1365,0.0000,0.4968,0.6372,boundary,boundary,0
Watcher,0.7783,0.6435,0.2858,0.1364,0.0000,0.4962,0.6601,boundary,boundary,0
Watcher,0.7803,0.6464,0.2695,0.1361,0.0000,0.4959,0.6753,boundary,boundary,0
Watcher,0.7820,0.6499,0.2556,0.1357,0.0000,0.4958,0.6866,boundary,boundary,0
Watcher,0.7835,0.6530,0.2439,0.1352,0.0000,0.4958,0.6937,boundary,boundary,0
Watcher,0.7848,0.6567,0.2292,0.1345,0.0000,0.4957,0.6982,boundary,boundary,0
Watcher,0.7860,0.6602,0.2168,0.1336,0.0000,0.4955,0.6988,boundary,boundary,0
Watcher,0.7870,0.6637,0.2062,0.1326,0.0000,0.4954,0.6979,boundary,boundary,0
Watcher,0.7878,0.6670,0.1972,0.1314,0.0000,0.4953,0.6956,boundary,boundary,0
Watcher,0.7885,0.6704,0.1895,0.1301,0.0000,0.4952,0.6934,boundary,boundary,0
Watcher,0.7892,0.6735,0.1830,0.1286,0.0000,0.4952,0.6907,boundary,boundary,0
Watcher,0.7897,0.6768,0.1775,0.1271,0.0000,0.4952,0.6889,boundary,boundary,0
Watcher,0.7902,0.6798,0.1728,0.1254,0.0000,0.4952,0.6871,boundary,boundary,0
Watcher,0.7906,0.6831,0.1688,0.1236,0.0000,0.4952,0.6863,boundary,boundary,0
Watcher,0.7910,0.6861,0.1654,0.1217,0.0000,0.4952,0.6855,boundary,boundary,0
Watcher,0.7913,0.6892,0.1625,0.1198,0.0000,0.4952,0.6854,boundary,boundary,0
Watcher,0.7916,0.6920,0.1600,0.1178,0.0029,0.4952,0.6852,boundary,boundary,0
Watcher,0.7919,0.6946,0.1579,0.1157,0.0195,0.4952,0.6852,boundary,boundary,0
Watcher,0.7921,0.6969,0.1562,0.1137,0.0334,0.4953,0.6852,boundary,boundary,0
Watcher,0.7923,0.6991,0.1593,0.1116,0.0446,0.4954,0.6941,boundary,boundary,0
Watcher,0.7924,0.7011,0.1667,0.1096,0.0533,0.4954,0.7103,high,high,0
Watcher,0.7926,0.7029,0.1729,0.1076,0.0597,0.4955,0.7239,high,high,0
Watcher,0.7927,0.7046,0.1782,0.1057,0.0642,0.4956,0.7355,high,high,0
Watcher,0.7928,0.7060,0.1827,0.1038,0.0669,0.4957,0.7450,high,high,0
Watcher,0.7930,0.7074,0.1866,0.1020,0.0683,0.4957,0.7533,high,high,0
Watcher,0.7931,0.7086,0.1898,0.1002,0.0685,0.4958,0.7603,high,high,0
Watcher,0.7931,0.7098,0.1926,0.0985,0.0679,0.4959,0.7663,high,high,0
Watcher,0.7932,0.7108,0.1950,0.0969,0.0666,0.4959,0.7714,high,high,0
Watcher,0.7933,0.7118,0.1923,0.0954,0.0647,0.4959,0.7688,high,high,0
Watcher,0.7934,0.7126,0.1900,0.0939,0.0624,0.4960,0.7665,high,high,0
Watcher,0.7934,0.7134,0.1881,0.0925,0.0598,0.4960,0.7646,high,high,0
Watcher,0.7935,0.7142,0.1865,0.0912,0.0569,0.4960,0.7629,high,high,0
Watcher,0.7935,0.7148,0.1851,0.0899,0.0539,0.4960,0.7615,high,high,0
Watcher,0.7936,0.7154,0.1839,0.0888,0.0507,0.4961,0.7603,high,high,0
Watcher,0.7936,0.7160,0.1829,0.0877,0.0474,0.4961,0.7593,high,high,0
Watcher,0.7937,0.7165,0.1821,0.0866,0.0441,0.4961,0.7585,high,high,0
default,0.7028,0.7995,0.1956,-0.0029,0.2655,0.4985,0.7644,high,high,0
default,0.7028,0.7995,0.1956,-0.0029,0.2655,0.4985,0.7644,high,high,0
default,0.7028,0.7995,0.1956,-0.0029,0.2655,0.4985,0.7644,high,high,0
default,0.7028,0.7995,0.1956,-0.0029,0.2655,0.4985,0.7644,high,high,0
default,0.7028,0.7995,0.1956,-0.0029,0.2655,0.4985,0.7644,high,high,0
default,0.7028,0.7995,0.1956,-0.0029,0.2655,0.4985,0.7644,high,high,0
default,0.7028,0.7995,0.1956,-0.0029,0.2655,0.4985,0.7644,high,high,0
default,0.7028,0.7995,0.1956,-0.0029,0.2655,0.4985,0.7644,high,high,0
default,0.7028,0.7995,0.1956,-0.0029,0.2655,0.4985,0.7644,high,high,0
default,0.7028,0.7995,0.1956,-0.0029,0.2655,0.4985,0.7644,high,high,0
default,0.7028,0.7995,0.1956,-0.0029,0.2655,0.4985,0.7644,high,high,0
default,0.7028,0.7995,0.1956,-0.0029,0.2655,0.4985,0.7644,high,high,0
default,0.7028,0.7995,0.1956,-0.0029,0.2655,0.4985,0.7644,high,high,0
default,0.7028,0.7995,0.1956,-0.0029,0.2655,0.4985,0.7644,high,high,0
default,0.7028,0.7995,0.1956,-0.0029,0.2655,0.4985,0.7644,high,high,0
default,0.7028,0.7995,0.1956,-0.0029,0.2655,0.4985,0.7644,high,high,0
default,0.7028,0.7995,0.1956,-0.0029,0.2655,0.4985,0.7644,high,high,0
default,0.7028,0.7995,0.1956,-0.0029,0.2655,0.4985,0.7644,high,high,0
default,0.7027,0.7995,0.1961,-0.0029,0.2645,0.4985,0.7666,high,high,0
default,0.7247,0.7946,0.1670,-0.0240,0.2587,0.4880,0.6558,high,high,0
default,0.3419,0.9165,0.2168,-0.4567,0.2658,0.4827,0.0000,low,low,0
default,0.5339,0.8654,0.2261,-0.4004,0.2089,0.4813,0.0000,low,low,0
default,0.6261,0.8529,0.2592,-0.3310,0.1426,0.4813,0.4111,low,low,0
default,0.6598,0.8342,0.2853,-0.2762,0.0297,0.4820,0.5434,boundary,boundary,0
default,0.6844,0.8297,0.2774,-0.2369,0.0204,0.4827,0.6580,boundary,boundary,0
default,0.6990,0.8273,0.2812,-0.2098,0.1641,0.4833,0.6904,boundary,boundary,0
default,0.7081,0.8263,0.2883,-0.1914,0.1597,0.4838,0.6821,boundary,boundary,0
default,0.7090,0.8232,0.2993,-0.1799,0.1570,0.4842,0.6447,boundary,boundary,0
default,0.7119,0.8233,0.2956,-0.1730,0.0054,0.4843,0.6635,boundary,boundary,0
default,0.7145,0.8236,0.2925,-0.1666,0.1539,0.4843,0.6789,boundary,boundary,0
default,0.7171,0.8241,0.2897,-0.1607,0.0025,0.4841,0.6915,boundary,boundary,0
default,0.7194,0.8246,0.2827,-0.1551,0.0012,0.4840,0.7210,boundary,boundary,0
default,0.7216,0.8252,0.2767,-0.1500,0.0000,0.4839,0.7447,boundary,boundary,0
default,0.7237,0.8256,0.2717,-0.1452,0.0000,0.4838,0.7629,boundary,boundary,0
default,0.7028,0.7995,0.1956,-0.0029,0.2655,0.4985,0.7644,high,high,0
default,0.7028,0.7995,0.1956,-0.0029,0.2655,0.4985,0.7644,high,high,0
default,0.7028,0.7995,0.1956,-0.0029,0.2655,0.4985,0.7644,high,high,0
default,0.7028,0.7995,0.1956,-0.0029,0.2655,0.4985,0.7644,high,high,0
default,0.7028,0.7995,0.1956,-0.0029,0.2655,0.4985,0.7644,high,high,0
default,0.7028,0.7995,0.1956,-0.0029,0.2655,0.4985,0.7644,high,high,0
default,0.7028,0.7995,0.1956,-0.0029,0.2655,0.4985,0.7644,high,high,0
default,0.7037,0.7995,0.1999,-0.0029,0.4304,0.4986,0.7847,high,high,0
default,0.7027,0.7995,0.1949,-0.0029,0.2640,0.4985,0.7615,high,high,0
default,0.7136,0.7974,0.1756,-0.0138,0.2601,0.4931,0.6917,high,high,0
default,0.3414,0.9326,0.2084,-0.4709,0.2695,0.4858,0.0000,low,low,0
default,0.5363,0.8767,0.2169,-0.4122,0.2117,0.4828,0.0000,low,low,0
default,0.6291,0.8617,0.2503,-0.3404,0.1448,0.4813,0.4067,low,low,0
default,0.6762,0.8533,0.2553,-0.2833,0.0314,0.4812,0.6013,boundary,boundary,0
default,0.7017,0.8489,0.2549,-0.2424,0.0218,0.4818,0.6852,boundary,boundary,0
default,0.7163,0.8462,0.2630,-0.2143,0.0151,0.4826,0.7029,boundary,boundary,0
default,0.7296,0.8373,0.2746,-0.1810,0.1573,0.4842,0.7111,boundary,boundary,0
default,0.7327,0.8376,0.2780,-0.1734,0.0055,0.4848,0.6975,boundary,boundary,0
default,0.7354,0.8381,0.2809,-0.1664,0.0039,0.4848,0.6842,boundary,boundary,0
default,0.7376,0.8388,0.2834,-0.1598,0.0023,0.4849,0.6716,boundary,boundary,0
default,0.7397,0.8393,0.2808,-0.1538,0.0009,0.4851,0.6768,boundary,boundary,0
default,0.7414,0.8398,0.2833,-0.1483,0.0000,0.4851,0.6647,boundary,boundary,0
default,0.7028,0.7995,0.1956,-0.0029,0.2655,0.4985,0.7644,high,high,0
default,0.7028,0.7995,0.1956,-0.0029,0.2655,0.4985,0.7644,high,high,0
default,0.7028,0.7995,0.1956,-0.0029,0.2655,0.4985,0.7644,high,high,0
default,0.7028,0.7995,0.1956,-0.0029,0.2655,0.4985,0.7644,high,high,0
default,0.7028,0.7995,0.1956,-0.0029,0.2655,0.4985,0.7644,high,high,0
default,0.7028,0.7995,0.1956,-0.0029,0.2655,0.4985,0.7644,high,high,0
default,0.7028,0.7995,0.1956,-0.0029,0.2655,0.4985,0.7644,high,high,0
default,0.7028,0.7995,0.1956,-0.0029,0.2655,0.4985,0.7644,high,high,0
default,0.7033,0.7995,0.2004,-0.0029,0.2947,0.4985,0.7858,high,high,0
default,0.7028,0.7995,0.1956,-0.0029,0.2655,0.4985,0.7644,high,high,0
default,0.7027,0.7995,0.1949,-0.0029,0.2640,0.4985,0.7615,high,high,0
default,0.7251,0.7952,0.1564,-0.0240,0.2555,0.4880,0.6036,high,high,0
default,0.3414,0.9326,0.2084,-0.4709,0.2695,0.4827,0.0000,low,low,0
default,0.7028,0.7995,0.1956,-0.0029,0.2655,0.4985,0.7644,high,high,0
default,0.7028,0.7995,0.1956,-0.0029,0.2655,0.4985,0.7644,high,high,0
default,0.7028,0.7995,0.1956,-0.0029,0.2655,0.4985,0.7644,high,high,0
default,0.7169,0.7956,0.1982,-0.0174,0.2683,0.4913,0.8048,high,high,0
default,0.7234,0.7955,0.1607,-0.0224,0.2580,0.4888,0.6246,high,high,0
default,0.7028,0.7995,0.1956,-0.0029,0.2655,0.4985,0.7644,high,high,0
default,0.7028,0.7995,0.1956,-0.0029,0.2655,0.4985,0.7644,high,high,0
default,0.7028,0.7995,0.1956,-0.0029,0.2655,0.4985,0.7644,high,high,0
default,0.7028,0.7995,0.1956,-0.0029,0.2655,0.4985,0.7644,high,high,0
default,0.7028,0.7995,0.1956,-0.0029,0.2655,0.4985,0.7644,high,high,0
default,0.7028,0.7995,0.1956,-0.0029,0.2655,0.4985,0.7644,high,high,0
default,0.7028,0.7995,0.1956,-0.0029,0.2655,0.4985,0.7644,high,high,0
default,0.7028,0.7995,0.1956,-0.0029,0.2655,0.4985,0.7644,high,high,0
default,0.7028,0.7995,0.1956,-0.0029,0.2655,0.4985,0.7644,high,high,0
default,0.7028,0.7995,0.1956,-0.0029,0.2655,0.4985,0.7644,high,high,0
default,0.7028,0.7995,0.1956,-0.0029,0.2655,0.4985,0.7644,high,high,0
default,0.7028,0.7995,0.1956,-0.0029,0.2655,0.4985,0.7644,high,high,0
default,0.7028,0.7995,0.1956,-0.0029,0.2655,0.4985,0.7644,high,high,0
default,0.6997,0.7994,0.1963,-0.0026,0.2664,0.4987,0.7593,high,high,0
default,0.6998,0.7995,0.1962,-0.0026,0.2664,0.4987,0.7594,high,high,0
default,0.6997,0.7994,0.1962,-0.0025,0.2664,0.4987,0.7591,high,high,0
default,0.6997,0.7994,0.1962,-0.0025,0.2664,0.4987,0.7591,high,high,0
default,0.7029,0.7995,0.1946,-0.0029,0.2701,0.4985,0.7605,high,high,0
default,0.7028,0.7995,0.1956,-0.0029,0.2655,0.4985,0.7644,high,high,0
default,0.7028,0.7995,0.1956,-0.0029,0.2655,0.4985,0.7644,high,high,0
default,0.7028,0.7995,0.1956,-0.0029,0.2655,0.4985,0.7644,high,high,0
default,0.6996,0.7994,0.1962,-0.0026,0.2664,0.4987,0.7588,high,high,0
default,0.6998,0.7991,0.1974,-0.0026,0.2667,0.4987,0.7642,high,high,0
default,0.6994,0.7994,0.1962,-0.0026,0.2665,0.4987,0.7585,high,high,0
default,0.6994,0.7994,0.1962,-0.0026,0.2665,0.4987,0.7585,high,high,0
default,0.6994,0.7994,0.1962,-0.0026,0.2665,0.4987,0.7585,high,high,0
default,0.6989,0.7987,0.1965,-0.0026,0.2669,0.4987,0.7586,high,high,0
default,0.6996,0.7996,0.1963,-0.0026,0.2664,0.4987,0.7592,high,high,0
default,0.6992,0.7995,0.1963,-0.0026,0.2665,0.4987,0.7580,high,high,0
default,0.6993,0.7994,0.1963,-0.0026,0.2665,0.4987,0.7585,high,high,0
default,0.6994,0.7994,0.1963,-0.0026,0.2665,0.4987,0.7586,high,high,0
default,0.7028,0.7995,0.1956,-0.0029,0.2655,0.4985,0.7644,high,high,0
default,0.7028,0.7995,0.1956,-0.0029,0.2655,0.4985,0.7644,high,high,0
default,0.6996,0.7994,0.1963,-0.0026,0.2664,0.4987,0.7590,high,high,0
default,0.6994,0.7995,0.1963,-0.0026,0.2665,0.4987,0.7585,high,high,0
default,0.6994,0.7994,0.1963,-0.0026,0.2665,0.4987,0.7586,high,high,0
default,0.6995,0.7993,0.1963,-0.0025,0.2665,0.4987,0.7590,high,high,0
default,0.6995,0.7993,0.1963,-0.0025,0.2665,0.4987,0.7590,high,high,0
default,0.6995,0.7993,0.1963,-0.0025,0.2665,0.4987,0.7590,high,high,0
default,0.6994,0.7995,0.1963,-0.0026,0.2665,0.4987,0.7586,high,high,0
default,0.6994,0.7994,0.1962,-0.0026,0.2665,0.4987,0.7583,high,high,0
default,0.6993,0.7994,0.1955,-0.0026,0.2663,0.4987,0.7550,high,high,0
default,0.6995,0.7993,0.1955,-0.0025,0.2663,0.4987,0.7554,high,high,0
default,0.6993,0.7995,0.1970,-0.0026,0.2670,0.4987,0.7609,high,high,0
default,0.6992,0.7995,0.1954,-0.0026,0.2663,0.4987,0.7546,high,high,0
default,0.6994,0.7994,0.1954,-0.0026,0.2663,0.4987,0.7550,high,high,0
default,0.6994,0.7994,0.1954,-0.0026,0.2663,0.4987,0.7550,high,high,0
default,0.6994,0.7994,0.1948,-0.0026,0.2661,0.4987,0.7526,high,high,0
default,0.6994,0.7994,0.1943,-0.0026,0.2680,0.4987,0.7506,high,high,0
default,0.6994,0.7994,0.1948,-0.0026,0.2661,0.4987,0.7526,high,high,0
default,0.6994,0.7993,0.1948,-0.0026,0.2661,0.4987,0.7526,high,high,0
default,0.6994,0.7993,0.1948,-0.0026,0.2661,0.4987,0.7526,high,high,0
default,0.6994,0.7993,0.1948,-0.0026,0.2661,0.4987,0.7526,high,high,0
default,0.7028,0.7995,0.1943,-0.0029,0.2652,0.4985,0.7590,high,high,0
default,0.6993,0.7994,0.1943,-0.0026,0.2660,0.4987,0.7503,high,high,0
default,0.6996,0.7993,0.1938,-0.0027,0.2659,0.4987,0.7488,high,high,0
default,0.6993,0.7995,0.1944,-0.0026,0.2660,0.4987,0.7503,high,high,0
default,0.6994,0.7996,0.1944,-0.0026,0.2660,0.4987,0.7505,high,high,0
default,0.6994,0.7996,0.1939,-0.0026,0.2659,0.4987,0.7485,high,high,0
default,0.7003,0.7995,0.1967,-0.0026,0.4237,0.4987,0.7626,high,high,0
default,0.6969,0.7988,0.1708,-0.0232,0.4967,0.4884,0.6425,boundary,boundary,0
default,0.2891,0.8040,0.2105,-0.4158,0.1457,0.4843,0.0000,low,low,0
default,0.2746,0.8217,0.2079,-0.4749,0.1705,0.4794,0.0000,low,low,0
default,0.3057,0.8147,0.2273,-0.4885,0.1503,0.4743,0.0000,low,low,0
default,0.3216,0.8109,0.2368,-0.4888,0.2885,0.4740,0.0000,low,low,0
default,0.3303,0.8087,0.2417,-0.4857,0.2812,0.4718,0.0000,low,low,0
default,0.3353,0.8075,0.2445,-0.4823,0.2767,0.4714,0.0000,low,low,0
default,0.3375,0.8040,0.2462,-0.4791,0.1243,0.4711,0.0000,low,low,0
default,0.3388,0.8019,0.2472,-0.4767,0.1228,0.4710,0.0000,low,low,0
default,0.3393,0.8015,0.2480,-0.4753,0.1221,0.4706,0.0000,low,low,0
default,0.3397,0.8010,0.2486,-0.4739,0.1214,0.4703,0.0000,low,low,0
default,0.3400,0.8006,0.2491,-0.4725,0.1209,0.4702,0.0000,low,low,0
default,0.3390,0.8000,0.2495,-0.4714,0.1213,0.4700,0.0000,low,low,0
default,0.3382,0.7993,0.2499,-0.4704,0.1218,0.4697,0.0000,low,low,0
default,0.3389,0.8001,0.2502,-0.4694,0.1210,0.4692,0.0000,low,low,0
default,0.3396,0.8008,0.2506,-0.4686,0.1203,0.4691,0.0000,low,low,0
default,0.3402,0.8014,0.2508,-0.4679,0.1197,0.4691,0.0000,low,low,0
default,0.3407,0.8020,0.2510,-0.4672,0.1191,0.4689,0.0000,low,low,0
default,0.3411,0.8026,0.2512,-0.4667,0.1187,0.4688,0.0000,low,low,0
default,0.6993,0.7995,0.1944,-0.0026,0.2648,0.4987,0.7507,high,high,0
default,0.6994,0.7995,0.1939,-0.0026,0.2659,0.4987,0.7485,high,high,0
default,0.6994,0.7995,0.1939,-0.0026,0.2659,0.4987,0.7485,high,high,0
default,0.6993,0.7995,0.1939,-0.0026,0.2659,0.4987,0.7484,high,high,0
default,0.6993,0.7995,0.1935,-0.0026,0.2658,0.4987,0.7467,high,high,0
default,0.6993,0.7996,0.1935,-0.0026,0.2658,0.4987,0.7467,high,high,0
default,0.6993,0.7996,0.1935,-0.0026,0.2658,0.4987,0.7467,high,high,0
default,0.6993,0.7996,0.1935,-0.0026,0.2658,0.4987,0.7467,high,high,0
default,0.7002,0.7996,0.1963,-0.0026,0.4227,0.4987,0.7607,high,high,0
default,0.7012,0.7983,0.1868,-0.0098,0.4942,0.4951,0.7230,boundary,boundary,0
default,0.3558,0.7767,0.2478,-0.3517,0.2306,0.4883,0.0000,low,low,0
default,0.3501,0.7903,0.2494,-0.3915,0.2443,0.4870,0.0000,low,low,0
default,0.3473,0.7971,0.2501,-0.4148,0.2518,0.4862,0.0000,low,low,0
default,0.3421,0.7966,0.2498,-0.4287,0.2590,0.4819,0.0000,low,low,0
default,0.6993,0.7996,0.1935,-0.0026,0.2658,0.4987,0.7466,high,high,0
default,0.6993,0.7996,0.1942,-0.0026,0.2646,0.4987,0.7494,high,high,0
default,0.6987,0.7992,0.1883,-0.0051,0.2672,0.4975,0.7233,high,high,0
default,0.3558,0.7767,0.2478,-0.3517,0.0806,0.4961,0.0000,low,low,0
default,0.3501,0.7903,0.2494,-0.3915,0.0943,0.4947,0.0000,low,low,0
default,0.3473,0.7971,0.2501,-0.4148,0.1018,0.4936,0.0000,low,low,0
default,0.3459,0.8008,0.2505,-0.4289,0.1062,0.4925,0.0000,low,low,0
default,0.6993,0.7996,0.1935,-0.0026,0.2658,0.4987,0.7466,high,high,0
default,0.6993,0.7996,0.1944,-0.0026,0.2681,0.4987,0.7506,high,high,0
default,0.6987,0.7992,0.1885,-0.0051,0.2673,0.4975,0.7245,high,high,0
default,0.6992,0.7995,0.1928,-0.0026,0.2643,0.4987,0.7435,high,high,0
default,0.6943,0.7958,0.1368,-0.0246,0.2583,0.4877,0.4812,high,high,0
default,0.6931,0.7938,0.1051,-0.0409,0.3588,0.4796,0.3290,high,low,1
default,0.6971,0.7923,0.0868,-0.0520,0.3260,0.4740,0.2444,high,low,1
default,0.7402,0.7776,0.1143,-0.0563,0.5157,0.4719,0.3861,boundary,low,1
default,0.7438,0.7685,0.1247,-0.0522,0.3324,0.4739,0.4264,high,boundary,1
default,0.7476,0.6624,0.3487,0.0906,0.1500,0.4743,0.1385,boundary,low,1
default,0.7531,0.6762,0.3735,0.0844,0.1500,0.4788,0.0965,boundary,low,1
default,0.7523,0.6806,0.4061,0.0793,0.1000,0.4804,0.0000,boundary,low,1
default,0.7641,0.6973,0.3746,0.0749,0.0000,0.4808,0.1451,boundary,low,1
default,0.7649,0.7004,0.3875,0.0718,0.1500,0.4842,0.1004,boundary,low,1
default,0.7707,0.7097,0.3763,0.0691,0.1500,0.4845,0.1628,boundary,low,1
default,0.7574,0.7589,0.1100,-0.0240,0.3387,0.4880,0.3329,high,low,1
default,0.7575,0.7593,0.1082,-0.0233,0.2684,0.4883,0.3247,high,low,1
default,0.7794,0.7082,0.3755,0.0757,0.0000,0.4907,0.1500,boundary,low,1
default,0.7848,0.7251,0.3715,0.0685,0.0000,0.4908,0.1958,boundary,low,1
default,0.7795,0.7237,0.3966,0.0635,0.0000,0.4919,0.0950,boundary,low,1
default,0.7842,0.7317,0.3835,0.0596,0.0000,0.4919,0.1591,boundary,low,1
default,0.7807,0.7286,0.4097,0.0574,0.0000,0.4931,0.0445,boundary,low,1
default,0.7825,0.7710,0.1414,-0.0091,0.6271,0.4955,0.4420,boundary,boundary,0
default,0.7728,0.7690,0.1409,-0.0047,0.2967,0.4977,0.4601,high,high,0
default,0.7621,0.6941,0.4466,0.0732,0.0000,0.4978,0.0000,boundary,low,1
default,0.7593,0.6984,0.4538,0.0677,0.1500,0.4983,0.0000,boundary,low,1
default,0.7678,0.7114,0.4428,0.0632,0.0000,0.4982,0.0000,boundary,low,1
default,0.7658,0.7099,0.4620,0.0607,0.1500,0.4978,0.0000,boundary,low,1
default,0.7715,0.7161,0.4608,0.0591,0.1500,0.4978,0.0000,boundary,low,1
default,0.7701,0.7141,0.4790,0.0583,0.0000,0.4971,0.0000,boundary,low,1
default,0.7737,0.7174,0.4738,0.0579,0.1500,0.4970,0.0000,boundary,low,1
default,0.7728,0.7161,0.4833,0.0577,0.0000,0.4968,0.0000,boundary,low,1
default,0.7748,0.7175,0.4795,0.0577,0.1500,0.4967,0.0000,boundary,low,1
default,0.7743,0.7166,0.4857,0.0577,0.0000,0.4961,0.0000,boundary,low,1
default,0.7746,0.7169,0.4855,0.0577,0.0000,0.4956,0.0000,boundary,low,1
default,0.7766,0.7186,0.4831,0.0577,0.0000,0.4956,0.0000,boundary,low,1
default,0.7760,0.7181,0.4840,0.0577,0.0000,0.4952,0.0000,boundary,low,1
default,0.7778,0.7198,0.4706,0.0578,0.0000,0.4952,0.0000,boundary,low,1
default,0.7710,0.7730,0.1045,-0.0090,0.2763,0.4955,0.3029,high,low,1
default,0.7712,0.7731,0.1052,-0.0088,0.2630,0.4956,0.3059,high,low,1
default,0.8209,0.6792,0.4066,0.1157,0.0000,0.4957,0.0000,boundary,low,1
default,0.8067,0.7038,0.3770,0.1100,0.1499,0.4958,0.0828,boundary,low,1
default,0.7920,0.7069,0.3855,0.1000,0.1000,0.4963,0.0863,boundary,low,1
default,0.7895,0.7147,0.3623,0.0912,0.1500,0.4965,0.2005,boundary,low,1
default,0.7730,0.7016,0.4181,0.0852,0.0000,0.4967,0.0000,boundary,low,1
default,0.7769,0.7089,0.4062,0.0809,0.0000,0.4967,0.0273,boundary,low,1
default,0.7749,0.7085,0.4192,0.0780,0.0000,0.4966,0.0000,boundary,low,1
default,0.7771,0.7116,0.4205,0.0761,0.1500,0.4966,0.0000,boundary,low,1
default,0.7760,0.7112,0.4308,0.0750,0.0000,0.4962,0.0000,boundary,low,1
default,0.7748,0.7108,0.4428,0.0739,0.1500,0.4959,0.0000,boundary,low,1
default,0.7763,0.7126,0.4425,0.0729,0.0000,0.4959,0.0000,boundary,low,1
default,0.7753,0.7122,0.4495,0.0719,0.0000,0.4956,0.0000,boundary,low,1
default,0.7768,0.7139,0.4460,0.0710,0.1500,0.4956,0.0000,boundary,low,1
default,0.7758,0.7134,0.4525,0.0701,0.0000,0.4953,0.0000,boundary,low,1
default,0.7772,0.7149,0.4485,0.0694,0.0000,0.4953,0.0000,boundary,low,1
default,0.7761,0.7143,0.4546,0.0686,0.0000,0.4951,0.0000,boundary,low,1
default,0.7774,0.7157,0.4503,0.0679,0.0000,0.4951,0.0000,boundary,low,1
default,0.7695,0.7795,0.0919,-0.0099,0.2557,0.4950,0.2498,high,low,1
default,0.7744,0.7790,0.0938,-0.0097,0.2598,0.4951,0.2512,high,low,1
default,0.7745,0.7790,0.0934,-0.0096,0.2469,0.4952,0.2490,high,low,1
default,0.7001,0.7994,0.1963,-0.0026,0.4232,0.4987,0.7604,high,high,0
default,0.7001,0.7994,0.1963,-0.0025,0.4231,0.4987,0.7605,high,high,0
default,0.7018,0.7945,0.1655,-0.0232,0.4823,0.4884,0.6280,boundary,boundary,0
default,0.3450,0.7639,0.2462,-0.3493,0.2381,0.4852,0.0000,low,low,0
default,0.3382,0.7768,0.2478,-0.3895,0.2527,0.4806,0.0000,low,low,0
default,0.3350,0.7833,0.2485,-0.4130,0.2606,0.4801,0.0000,low,low,0
default,0.3334,0.7868,0.2489,-0.4272,0.2652,0.4797,0.0000,low,low,0
default,0.3325,0.7888,0.2490,-0.4359,0.2679,0.4791,0.0000,low,low,0
default,0.3320,0.7900,0.2491,-0.4414,0.2696,0.4787,0.0000,low,low,0
default,0.3172,0.7985,0.2448,-0.4494,0.2825,0.4746,0.0000,low,low,0
default,0.3083,0.8035,0.2421,-0.4563,0.1409,0.4727,0.0000,low,low,0
default,0.3110,0.8028,0.2434,-0.4598,0.1397,0.4712,0.0000,low,low,0
default,0.3133,0.8021,0.2445,-0.4627,0.2886,0.4707,0.0000,low,low,0
default,0.3154,0.8015,0.2454,-0.4651,0.2876,0.4703,0.0000,low,low,0
default,0.3172,0.8009,0.2462,-0.4669,0.1366,0.4692,0.0000,low,low,0
default,0.3193,0.8002,0.2471,-0.4683,0.1354,0.4689,0.0000,low,low,0
default,0.7306,0.7575,0.1525,-0.0605,0.7192,0.4698,0.5475,low,low,0
default,0.7308,0.7454,0.1522,-0.0530,0.3261,0.4735,0.5192,high,high,0
default,0.5269,0.6892,0.3026,-0.0203,0.1500,0.4769,0.0000,boundary,low,1
default,0.4392,0.7388,0.2765,-0.1460,0.1500,0.4772,0.0000,boundary,low,1
default,0.3976,0.7638,0.2647,-0.2341,0.1716,0.4762,0.0000,boundary,low,1
default,0.3749,0.7712,0.2578,-0.2909,0.2020,0.4744,0.0000,boundary,low,1
default,0.3625,0.7754,0.2542,-0.3275,0.2199,0.4731,0.0000,low,low,0
default,0.3554,0.7779,0.2522,-0.3512,0.2308,0.4706,0.0000,low,low,0
default,0.6992,0.7994,0.1938,-0.0026,0.2650,0.4987,0.7477,high,high,0
default,0.6985,0.7989,0.1882,-0.0050,0.2654,0.4975,0.7228,high,high,0
default,0.6993,0.7994,0.1943,-0.0026,0.2671,0.4987,0.7498,high,high,0
default,0.6985,0.7999,0.1929,-0.0026,0.2648,0.4987,0.7420,high,high,0
default,0.7243,0.7975,0.1179,-0.0248,0.2468,0.4876,0.4125,high,boundary,1
default,0.7028,0.7995,0.1926,-0.0029,0.2639,0.4985,0.7514,high,high,0
default,0.7028,0.7995,0.1923,-0.0029,0.2647,0.4985,0.7501,high,high,0
default,0.6993,0.7995,0.1928,-0.0026,0.2656,0.4987,0.7437,high,high,0
default,0.6992,0.7994,0.1925,-0.0026,0.2656,0.4987,0.7423,high,high,0
default,0.6996,0.7994,0.1929,-0.0026,0.2661,0.4987,0.7448,high,high,0
default,0.6986,0.7962,0.1543,-0.0173,0.2632,0.4914,0.5702,high,high,0
default,0.3903,0.7555,0.2456,-0.3074,0.0443,0.4869,0.0000,low,low,0
default,0.3760,0.7703,0.2485,-0.3465,0.2142,0.4798,0.0000,low,low,0
default,0.3693,0.7777,0.2498,-0.3713,0.2251,0.4749,0.0000,low,low,0
default,0.7177,0.7873,0.1141,-0.0546,0.3546,0.4727,0.3917,high,low,1
default,0.7388,0.7801,0.1318,-0.0554,0.3766,0.4723,0.4741,high,high,0
default,0.7278,0.7131,0.4073,0.0223,0.1500,0.4731,0.0644,boundary,low,1
default,0.5585,0.7486,0.3299,-0.0733,0.1500,0.4751,0.0222,boundary,low,1
default,0.4784,0.7665,0.2951,-0.1592,0.0022,0.4754,0.0000,boundary,low,1
default,0.4374,0.7761,0.2781,-0.2220,0.1669,0.4756,0.0000,boundary,low,1
default,0.4109,0.7820,0.2713,-0.2668,0.1775,0.4750,0.0000,boundary,low,1
default,0.3862,0.7968,0.2934,-0.3027,0.1962,0.4726,0.0000,low,low,0
default,0.3716,0.8057,0.3064,-0.3290,0.2134,0.4723,0.0000,low,low,0
default,0.3668,0.8036,0.2913,-0.3452,0.2208,0.4705,0.0000,low,low,0
default,0.3640,0.8026,0.2823,-0.3545,0.0751,0.4683,0.0000,low,low,0
default,0.3616,0.8016,0.2746,-0.3630,0.0790,0.4674,0.0000,low,low,0
default,0.3596,0.8016,0.2670,-0.3709,0.0823,0.4667,0.0000,low,low,0
default,0.7028,0.7995,0.1926,-0.0029,0.2639,0.4985,0.7514,high,high,0
default,0.7262,0.7965,0.1330,-0.0240,0.2496,0.4880,0.4871,high,high,0
default,0.3417,0.8601,0.2493,-0.4297,0.2595,0.4873,0.0000,low,low,0
default,0.7528,0.7868,0.1288,-0.0323,0.3379,0.4839,0.4501,high,high,0
default,0.7544,0.7863,0.1295,-0.0323,0.2739,0.4839,0.4513,high,high,0
default,0.7707,0.6829,0.4272,0.0842,0.1500,0.4850,0.0000,boundary,low,1
default,0.7801,0.6945,0.4253,0.0849,0.1500,0.4852,0.0000,boundary,low,1
default,0.7028,0.7995,0.1923,-0.0029,0.2647,0.4985,0.7501,high,high,0
default,0.6994,0.7995,0.1927,-0.0026,0.2656,0.4987,0.7438,high,high,0
default,0.6991,0.8000,0.1934,-0.0026,0.2657,0.4987,0.7455,high,high,0
default,0.6993,0.7995,0.1923,-0.0026,0.2642,0.4987,0.7416,high,high,0
default,0.7028,0.7995,0.1923,-0.0029,0.2655,0.4985,0.7504,high,high,0
default,0.7227,0.7967,0.1459,-0.0206,0.2588,0.4897,0.5510,high,high,0
default,0.3416,0.9217,0.2141,-0.4615,0.2671,0.4881,0.0000,low,low,0
default,0.5524,0.8473,0.2574,-0.3866,0.2057,0.4851,0.0912,low,low,0
default,0.6188,0.8165,0.3093,-0.3111,0.1379,0.4838,0.3456,low,low,0
default,0.6525,0.7956,0.3251,-0.2523,0.1741,0.4829,0.4279,boundary,boundary,0
default,0.6760,0.7819,0.3201,-0.2084,0.1637,0.4836,0.5126,boundary,boundary,0
default,0.6924,0.7733,0.3232,-0.1765,0.1562,0.4847,0.5276,boundary,boundary,0
default,0.7038,0.7682,0.3281,-0.1541,0.1510,0.4861,0.5154,boundary,boundary,0
default,0.7117,0.7651,0.3259,-0.1390,0.1500,0.4869,0.5292,boundary,boundary,0
default,0.7168,0.7635,0.3261,-0.1298,0.1500,0.4875,0.5292,boundary,boundary,0
default,0.6993,0.7995,0.1922,-0.0026,0.2655,0.4987,0.7415,high,high,0
default,0.7117,0.7981,0.1676,-0.0118,0.2576,0.4941,0.6508,high,high,0
default,0.7329,0.7959,0.1235,-0.0287,0.2481,0.4857,0.4395,high,boundary,1
default,0.3416,0.9217,0.2141,-0.4615,0.2671,0.4841,0.0000,low,low,0
default,0.5516,0.8339,0.2424,-0.3809,0.2043,0.4823,0.1102,low,low,0
default,0.6177,0.8031,0.2893,-0.3027,0.1859,0.4824,0.3991,low,low,0
default,0.6515,0.7859,0.3041,-0.2438,0.1721,0.4831,0.4983,boundary,boundary,0
default,0.6698,0.7762,0.3099,-0.2026,0.1624,0.4835,0.5324,boundary,boundary,0
default,0.6839,0.7696,0.3046,-0.1733,0.1555,0.4839,0.5850,boundary,boundary,0
default,0.6945,0.7654,0.3060,-0.1529,0.1507,0.4851,0.5961,boundary,boundary,0
default,0.7021,0.7627,0.3024,-0.1390,0.1500,0.4864,0.6197,boundary,boundary,0
default,0.7072,0.7613,0.2976,-0.1305,0.1500,0.4866,0.6448,boundary,boundary,0
default,0.7117,0.7602,0.2880,-0.1223,0.1499,0.4870,0.6874,boundary,boundary,0
default,0.7162,0.7592,0.2792,-0.1144,0.1500,0.4872,0.7239,boundary,boundary,0
default,0.7206,0.7583,0.2665,-0.1067,0.0000,0.4881,0.7692,boundary,boundary,0
default,0.7249,0.7576,0.2553,-0.0993,0.0000,0.4883,0.7994,boundary,boundary,0
default,0.7290,0.7569,0.2453,-0.0922,0.0000,0.4884,0.8133,high,high,0
default,0.7329,0.7562,0.2412,-0.0853,0.0000,0.4890,0.8115,high,high,0
default,0.7366,0.7556,0.2328,-0.0787,0.0000,0.4892,0.8052,high,high,0
default,0.7401,0.7550,0.2254,-0.0723,0.0000,0.4896,0.7909,high,high,0
default,0.7433,0.7545,0.2190,-0.0662,0.0000,0.4900,0.7726,high,high,0
default,0.7464,0.7540,0.2133,-0.0603,0.0000,0.4904,0.7530,high,high,0
default,0.7492,0.7535,0.2084,-0.0547,0.0000,0.4908,0.7335,high,high,0
default,0.7519,0.7531,0.2042,-0.0494,0.0000,0.4911,0.7149,high,high,0
default,0.7547,0.7528,0.2005,-0.0442,0.0000,0.4915,0.6969,high,high,0
default,0.7577,0.7525,0.1973,-0.0393,0.0000,0.4918,0.6796,high,high,0
default,0.7608,0.7523,0.1898,-0.0345,0.0000,0.4919,0.6482,high,high,0
default,0.7641,0.7522,0.1834,-0.0299,0.0000,0.4920,0.6187,high,high,0
default,0.7674,0.7521,0.1780,-0.0254,0.0000,0.4925,0.5912,high,high,0
default,0.7704,0.7520,0.1733,-0.0210,0.0000,0.4927,0.5670,high,high,0
default,0.8041,0.8051,0.0621,-0.0123,0.2742,0.4938,0.0526,high,low,1
default,0.8041,0.8052,0.0639,-0.0119,0.2215,0.4940,0.0607,high,low,1
default,0.7888,0.7214,0.1924,0.0722,0.1499,0.4943,0.4799,high,high,0
default,0.7907,0.7342,0.2161,0.0651,0.1500,0.4947,0.5555,high,high,0
default,0.7916,0.7407,0.2267,0.0595,0.0000,0.4950,0.5817,high,high,0
default,0.7921,0.7442,0.2319,0.0554,0.0000,0.4956,0.5924,high,high,0
default,0.7925,0.7461,0.2346,0.0527,0.0000,0.4957,0.5973,high,high,0
default,0.7927,0.7474,0.2361,0.0509,0.0000,0.4957,0.6002,high,high,0
default,0.7928,0.7482,0.2448,0.0496,0.0000,0.4957,0.5995,high,high,0
default,0.7930,0.7486,0.2562,0.0488,0.0000,0.4956,0.5905,boundary,boundary,0
default,0.7930,0.7488,0.2583,0.0484,0.0000,0.4955,0.5880,boundary,boundary,0
default,0.7931,0.7489,0.2555,0.0480,0.0000,0.4954,0.5916,boundary,boundary,0
default,0.7932,0.7490,0.2484,0.0476,0.0000,0.4953,0.5983,high,high,0
default,0.7933,0.7491,0.2471,0.0472,0.0000,0.4952,0.5991,high,high,0
default,0.7933,0.7492,0.2459,0.0469,0.0000,0.4951,0.5997,high,high,0
default,0.7934,0.7492,0.2450,0.0466,0.0000,0.4950,0.6001,high,high,0
default,0.7934,0.7492,0.2441,0.0464,0.0000,0.4948,0.6004,high,high,0
default,0.7935,0.7492,0.2388,0.0462,0.0000,0.4947,0.6019,high,high,0
default,0.7935,0.7492,0.2295,0.0460,0.0000,0.4946,0.6005,high,high,0
default,0.7935,0.7492,0.2217,0.0458,0.0000,0.4945,0.5953,high,high,0
default,0.7028,0.7995,0.1923,-0.0029,0.2638,0.4985,0.7501,high,high,0
default,0.7089,0.7985,0.1752,-0.0090,0.2603,0.4955,0.6837,high,high,0
default,0.3417,0.8601,0.2493,-0.4297,0.2595,0.4943,0.0000,low,low,0
default,0.5407,0.7880,0.3587,-0.3476,0.1965,0.4865,0.0000,low,low,0
default,0.7028,0.7995,0.1895,-0.0029,0.2631,0.4985,0.7380,high,high,0
default,0.7217,0.7978,0.1246,-0.0200,0.2474,0.4900,0.4453,high,boundary,1
default,0.3417,0.8601,0.2493,-0.4297,0.2595,0.4892,0.0000,low,low,0
default,0.5400,0.7947,0.3569,-0.3509,0.1971,0.4869,0.0000,low,low,0
default,0.6459,0.7693,0.3365,-0.2599,0.1759,0.4863,0.3525,boundary,low,1
default,0.6891,0.7441,0.3735,-0.1882,0.1590,0.4838,0.2548,boundary,low,1
default,0.7218,0.7369,0.3832,-0.1363,0.1500,0.4837,0.2200,boundary,low,1
default,0.7358,0.7351,0.3964,-0.1020,0.1500,0.4840,0.1546,boundary,low,1
default,0.7329,0.7246,0.4327,-0.0800,0.1500,0.4842,0.0000,boundary,low,1
default,0.7396,0.7270,0.4120,-0.0661,0.1500,0.4844,0.0675,boundary,low,1
default,0.7417,0.7249,0.4096,-0.0578,0.1500,0.4863,0.0739,boundary,low,1
default,0.7458,0.7252,0.3981,-0.0499,0.1500,0.4865,0.1251,boundary,low,1
default,0.7474,0.7237,0.3931,-0.0426,0.0000,0.4885,0.1437,boundary,low,1
default,0.7513,0.7247,0.3794,-0.0356,0.1500,0.4887,0.2042,boundary,low,1
default,0.7525,0.7236,0.3726,-0.0292,0.0000,0.4901,0.2308,boundary,low,1
default,0.7559,0.7247,0.3526,-0.0232,0.0000,0.4902,0.3153,boundary,low,1
default,0.7567,0.7238,0.3451,-0.0175,0.0000,0.4914,0.3429,boundary,low,1
default,0.7598,0.7251,0.3293,-0.0123,0.0000,0.4915,0.4052,boundary,boundary,0
default,0.7028,0.7995,0.1923,-0.0029,0.2638,0.4985,0.7501,high,high,0
default,0.7058,0.7990,0.1836,-0.0060,0.2623,0.4970,0.7178,high,high,0
default,0.3417,0.8601,0.2493,-0.4297,0.2595,0.4957,0.0000,low,low,0
default,0.5409,0.8062,0.3586,-0.3557,0.1984,0.4943,0.0000,low,low,0
default,0.6473,0.7878,0.3425,-0.2696,0.1781,0.4931,0.3435,boundary,low,1
default,0.6849,0.7638,0.3820,-0.2029,0.1624,0.4865,0.2355,boundary,low,1
default,0.7028,0.7995,0.1923,-0.0029,0.2638,0.4985,0.7501,high,high,0
default,0.7085,0.7986,0.1761,-0.0087,0.2605,0.4957,0.6875,high,high,0
default,0.3417,0.8601,0.2493,-0.4297,0.2595,0.4944,0.0000,low,low,0
default,0.5407,0.7858,0.3586,-0.3466,0.1963,0.4866,0.0000,low,low,0
default,0.6468,0.7558,0.3425,-0.2516,0.1739,0.4862,0.3168,boundary,low,1
default,0.7561,0.7805,0.1218,-0.0299,0.3495,0.4850,0.4098,high,boundary,1
default,0.7566,0.7803,0.1189,-0.0297,0.2739,0.4851,0.3953,high,low,1
default,0.7457,0.7348,0.3994,0.0265,0.1500,0.4852,0.1365,boundary,low,1
default,0.7536,0.7317,0.4199,0.0244,0.0000,0.4855,0.0315,boundary,low,1
default,0.7703,0.7489,0.4051,0.0232,0.1000,0.4856,0.1086,boundary,low,1
default,0.7716,0.7401,0.4263,0.0261,0.0000,0.4870,0.0000,boundary,low,1
default,0.7721,0.7357,0.4320,0.0292,0.1500,0.4872,0.0000,boundary,low,1
default,0.7776,0.7393,0.4115,0.0315,0.1500,0.4883,0.0570,boundary,low,1
default,0.7809,0.7418,0.3998,0.0330,0.0000,0.4884,0.1089,boundary,low,1
default,0.7028,0.7995,0.1895,-0.0029,0.2631,0.4985,0.7380,high,high,0
default,0.7076,0.7988,0.1715,-0.0077,0.2593,0.4961,0.6642,high,high,0
default,0.3417,0.8601,0.2493,-0.4297,0.2595,0.4949,0.0000,low,low,0
default,0.5408,0.8030,0.3562,-0.3543,0.1981,0.4937,0.0000,low,low,0
default,0.6471,0.7829,0.3360,-0.2669,0.1775,0.4926,0.3672,boundary,low,1
default,0.6907,0.7561,0.3730,-0.1964,0.1609,0.4871,0.2764,boundary,low,1
default,0.7142,0.7405,0.4032,-0.1454,0.1500,0.4867,0.1306,boundary,low,1
default,0.7359,0.7449,0.3914,-0.1113,0.1500,0.4856,0.1938,boundary,low,1
default,0.7237,0.7963,0.1453,-0.0225,0.2520,0.4888,0.5480,high,high,0
default,0.7251,0.7979,0.1135,-0.0225,0.2435,0.4887,0.3906,high,low,1
default,0.7250,0.7975,0.1222,-0.0225,0.2478,0.4888,0.4339,high,boundary,1
default,0.7453,0.7985,0.0778,-0.0339,0.2390,0.4831,0.2081,high,low,1
default,0.3416,0.9217,0.2141,-0.4615,0.1171,0.4823,0.0000,low,low,0
default,0.7659,0.7926,0.0717,-0.0361,0.2958,0.4819,0.1605,high,low,1
default,0.7782,0.7885,0.0724,-0.0313,0.2955,0.4843,0.1472,high,low,1
default,0.7788,0.7879,0.0707,-0.0293,0.2574,0.4853,0.1384,high,low,1
default,0.7785,0.7886,0.0693,-0.0271,0.2532,0.4865,0.1322,high,low,1
default,0.7192,0.7185,0.2389,0.0098,0.1500,0.4885,0.6269,high,high,0
default,0.7034,0.7994,0.1859,-0.0036,0.2617,0.4982,0.7235,high,high,0
default,0.7062,0.7990,0.1766,-0.0063,0.2665,0.4969,0.6862,high,high,0
default,0.3414,0.8430,0.2565,-0.4054,0.2540,0.4940,0.0000,low,low,0
default,0.5442,0.8040,0.3471,-0.3399,0.1947,0.4929,0.0000,low,low,0
default,0.6401,0.7686,0.3539,-0.2553,0.1748,0.4859,0.2670,boundary,low,1
default,0.6860,0.7444,0.3500,-0.1864,0.1586,0.4851,0.3549,boundary,low,1
default,0.7473,0.7858,0.1085,-0.0301,0.2701,0.4850,0.3565,high,low,1
default,0.7542,0.7842,0.1032,-0.0308,0.2859,0.4846,0.3240,high,low,1
default,0.7745,0.7010,0.3704,0.0767,0.1500,0.4847,0.1588,boundary,low,1
default,0.7743,0.7104,0.3805,0.0710,0.1500,0.4848,0.1424,boundary,low,1
default,0.7813,0.7775,0.1280,-0.0249,0.7227,0.4876,0.3928,low,low,0
default,0.7798,0.7750,0.1020,-0.0170,0.3299,0.4915,0.2775,high,low,1
default,0.7795,0.7753,0.1009,-0.0163,0.2575,0.4918,0.2735,high,low,1
default,0.7576,0.7029,0.3584,0.0588,0.1500,0.4922,0.2315,boundary,low,1
default,0.7660,0.7203,0.4109,0.0529,0.1500,0.4943,0.0421,boundary,low,1
default,0.7732,0.7316,0.3879,0.0484,0.1000,0.4945,0.1565,boundary,low,1
default,0.7708,0.7271,0.3874,0.0467,0.1500,0.4946,0.1539,boundary,low,1
default,0.7751,0.7301,0.4143,0.0462,0.0000,0.4956,0.0338,boundary,low,1
default,0.7780,0.7312,0.4062,0.0464,0.0000,0.4967,0.0682,boundary,low,1
default,0.7919,0.7783,0.1233,-0.0026,0.3400,0.4987,0.3482,high,low,1
default,0.7908,0.7761,0.1411,0.0020,0.4361,0.5010,0.4237,high,boundary,1
default,0.7505,0.6851,0.4500,0.0757,0.0000,0.5012,0.0000,boundary,low,1
default,0.7699,0.6928,0.4470,0.0764,0.0000,0.5028,0.0000,boundary,low,1
default,0.7652,0.7039,0.4714,0.0703,0.0000,0.5029,0.0000,boundary,low,1
default,0.7647,0.7099,0.4593,0.0649,0.1500,0.5031,0.0000,boundary,low,1
default,0.7669,0.7147,0.4477,0.0611,0.1500,0.5030,0.0000,boundary,low,1
default,0.7641,0.7119,0.4388,0.0588,0.1500,0.5023,0.0000,boundary,low,1
default,0.7671,0.7147,0.4241,0.0576,0.1500,0.5021,0.0000,boundary,low,1
default,0.7661,0.7129,0.4346,0.0569,0.1500,0.5010,0.0000,boundary,low,1
default,0.7670,0.7132,0.4481,0.0566,0.0000,0.5002,0.0000,boundary,low,1
default,0.7684,0.7139,0.4450,0.0564,0.1500,0.5001,0.0000,boundary,low,1
default,0.7676,0.7122,0.4454,0.0563,0.1500,0.4997,0.0000,boundary,low,1
default,0.7692,0.7127,0.4308,0.0563,0.0000,0.4996,0.0000,boundary,low,1
default,0.7754,0.7781,0.0970,-0.0015,0.2671,0.4993,0.2639,high,low,1
default,0.7792,0.7779,0.1031,-0.0014,0.3001,0.4993,0.2854,high,low,1
default,0.7691,0.6796,0.4086,0.0917,0.1500,0.4995,0.0000,boundary,low,1
default,0.7641,0.6845,0.4581,0.0863,0.0000,0.4995,0.0000,boundary,low,1
default,0.7686,0.6954,0.4457,0.0811,0.0000,0.4995,0.0000,boundary,low,1
default,0.7727,0.7026,0.4139,0.0772,0.1500,0.4996,0.0000,boundary,low,1
default,0.7690,0.6999,0.4041,0.0748,0.1500,0.4996,0.0254,boundary,low,1
default,0.7699,0.7023,0.4119,0.0730,0.1500,0.4996,0.0000,boundary,low,1
default,0.7705,0.7033,0.4079,0.0719,0.1500,0.4992,0.0156,boundary,low,1
default,0.7708,0.7039,0.4099,0.0711,0.1500,0.4990,0.0077,boundary,low,1
default,0.7687,0.7022,0.4292,0.0707,0.0000,0.4992,0.0000,boundary,low,1
default,0.7642,0.6985,0.4470,0.0702,0.1500,0.4993,0.0000,boundary,low,1
default,0.7642,0.6988,0.4511,0.0697,0.1500,0.4998,0.0000,boundary,low,1
default,0.7624,0.6969,0.4547,0.0693,0.1500,0.5004,0.0000,boundary,low,1
default,0.7626,0.6969,0.4491,0.0689,0.0000,0.5006,0.0000,boundary,low,1
default,0.7638,0.6974,0.4394,0.0687,0.1500,0.5006,0.0000,boundary,low,1
default,0.7625,0.6958,0.4253,0.0685,0.1500,0.5006,0.0000,boundary,low,1
default,0.7632,0.6959,0.4144,0.0684,0.0000,0.5004,0.0000,boundary,low,1
default,0.7643,0.6965,0.3961,0.0683,0.1500,0.5004,0.0555,boundary,low,1
default,0.7648,0.6966,0.3774,0.0683,0.0000,0.5004,0.1314,boundary,low,1
default,0.7634,0.6950,0.3713,0.0683,0.0000,0.5002,0.1524,boundary,low,1
default,0.7608,0.6923,0.3707,0.0683,0.1500,0.5002,0.1496,boundary,low,1
default,0.7634,0.6910,0.3632,0.0687,0.0000,0.5008,0.1717,boundary,low,1
default,0.7640,0.6914,0.3662,0.0691,0.1500,0.5015,0.1609,boundary,low,1
default,0.7651,0.6922,0.3505,0.0695,0.1500,0.5015,0.2203,boundary,low,1
default,0.7637,0.6906,0.3400,0.0699,0.1500,0.5015,0.2533,boundary,low,1
default,0.7643,0.6907,0.3373,0.0702,0.0000,0.5013,0.2623,boundary,low,1
default,0.7739,0.7760,0.0939,0.0026,0.2609,0.5013,0.2507,high,low,1
default,0.7740,0.7762,0.0925,0.0024,0.2521,0.5012,0.2442,high,low,1
default,0.7676,0.6822,0.2845,0.0754,0.0000,0.5011,0.3660,boundary,low,1
default,0.7701,0.6874,0.2994,0.0787,0.1500,0.5011,0.3516,boundary,low,1
default,0.7713,0.6906,0.3034,0.0795,0.1000,0.5010,0.3526,boundary,low,1
default,0.7719,0.6924,0.3032,0.0795,0.1500,0.5007,0.3589,boundary,low,1
default,0.7736,0.6952,0.3214,0.0792,0.0000,0.5007,0.3153,boundary,low,1
default,0.7692,0.6910,0.3368,0.0790,0.0000,0.5006,0.2581,boundary,low,1
default,0.7288,0.7960,0.1508,-0.0217,0.2848,0.4891,0.5755,high,high,0
default,0.7028,0.7995,0.1890,-0.0029,0.2646,0.4985,0.7358,high,high,0
